  0
SECTION
  2
HEADER
  9
$ACADVER
  1
AC1015
  9
$ACADMAINTVER
 70
     6
  9
$DWGCODEPAGE
  3
ANSI_1252
  9
$INSBASE
 10
0.0
 20
0.0
 30
0.0
  9
$EXTMIN
 10
2635.8901231251
 20
2726.5550916458
 30
0.0
  9
$EXTMAX
 10
2885.9337974485
 20
2862.5233236459
 30
0.0
  9
$LIMMIN
 10
0.0
 20
0.0
  9
$LIMMAX
 10
420.0
 20
297.0
  9
$ORTHOMODE
 70
     0
  9
$REGENMODE
 70
     1
  9
$FILLMODE
 70
     1
  9
$QTEXTMODE
 70
     0
  9
$MIRRTEXT
 70
     1
  9
$LTSCALE
 40
1.0
  9
$ATTMODE
 70
     1
  9
$TEXTSIZE
 40
3.5
  9
$TRACEWID
 40
1.0
  9
$TEXTSTYLE
  7
Standard
  9
$CLAYER
  8
0
  9
$CELTYPE
  6
ByLayer
  9
$CECOLOR
 62
   256
  9
$CELTSCALE
 40
1.0
  9
$DISPSILH
 70
     0
  9
$DIMSCALE
 40
1.0
  9
$DIMASZ
 40
3.302
  9
$DIMEXO
 40
0.0
  9
$DIMDLI
 40
3.75
  9
$DIMRND
 40
0.0
  9
$DIMDLE
 40
0.0
  9
$DIMEXE
 40
1.0
  9
$DIMTP
 40
0.0
  9
$DIMTM
 40
0.0
  9
$DIMTXT
 40
3.5
  9
$DIMCEN
 40
2.5
  9
$DIMTSZ
 40
0.0
  9
$DIMTOL
 70
     0
  9
$DIMLIM
 70
     0
  9
$DIMTIH
 70
     1
  9
$DIMTOH
 70
     1
  9
$DIMSE1
 70
     0
  9
$DIMSE2
 70
     0
  9
$DIMTAD
 70
     1
  9
$DIMZIN
 70
     1
  9
$DIMBLK
  1

  9
$DIMASO
 70
     1
  9
$DIMSHO
 70
     1
  9
$DIMPOST
  1

  9
$DIMAPOST
  1

  9
$DIMALT
 70
     0
  9
$DIMALTD
 70
     3
  9
$DIMALTF
 40
0.0393700787
  9
$DIMLFAC
 40
1.0
  9
$DIMTOFL
 70
     1
  9
$DIMTVP
 40
0.0
  9
$DIMTIX
 70
     0
  9
$DIMSOXD
 70
     0
  9
$DIMSAH
 70
     0
  9
$DIMBLK1
  1

  9
$DIMBLK2
  1

  9
$DIMSTYLE
  2
ISO-25
  9
$DIMCLRD
 70
     0
  9
$DIMCLRE
 70
     0
  9
$DIMCLRT
 70
     0
  9
$DIMTFAC
 40
1.0
  9
$DIMGAP
 40
1.524
  9
$DIMJUST
 70
     0
  9
$DIMSD1
 70
     0
  9
$DIMSD2
 70
     0
  9
$DIMTOLJ
 70
     0
  9
$DIMTZIN
 70
     1
  9
$DIMALTZ
 70
     0
  9
$DIMALTTZ
 70
     0
  9
$DIMUPT
 70
     0
  9
$DIMDEC
 70
     2
  9
$DIMTDEC
 70
     2
  9
$DIMALTU
 70
     2
  9
$DIMALTTD
 70
     3
  9
$DIMTXSTY
  7
Standard
  9
$DIMAUNIT
 70
     0
  9
$DIMADEC
 70
     2
  9
$DIMALTRND
 40
0.0
  9
$DIMAZIN
 70
     0
  9
$DIMDSEP
 70
    44
  9
$DIMATFIT
 70
     3
  9
$DIMFRAC
 70
     0
  9
$DIMLDRBLK
  1

  9
$DIMLUNIT
 70
     2
  9
$DIMLWD
 70
    -2
  9
$DIMLWE
 70
    -2
  9
$DIMTMOVE
 70
     0
  9
$LUNITS
 70
     2
  9
$LUPREC
 70
     2
  9
$SKETCHINC
 40
1.0
  9
$FILLETRAD
 40
0.0
  9
$AUNITS
 70
     0
  9
$AUPREC
 70
     2
  9
$MENU
  1
.
  9
$ELEVATION
 40
0.0
  9
$PELEVATION
 40
0.0
  9
$THICKNESS
 40
0.0
  9
$LIMCHECK
 70
     0
  9
$CHAMFERA
 40
0.0
  9
$CHAMFERB
 40
0.0
  9
$CHAMFERC
 40
0.0
  9
$CHAMFERD
 40
0.0
  9
$SKPOLY
 70
     0
  9
$TDCREATE
 40
2460804.673330671
  9
$TDUCREATE
 40
2460804.589997338
  9
$TDUPDATE
 40
2460804.673386354
  9
$TDUUPDATE
 40
2460804.590053021
  9
$TDINDWG
 40
0.0000000116
  9
$TDUSRTIMER
 40
0.0000000116
  9
$USRTIMER
 70
     1
  9
$ANGBASE
 50
0.0
  9
$ANGDIR
 70
     0
  9
$PDMODE
 70
     0
  9
$PDSIZE
 40
-1.0
  9
$PLINEWID
 40
0.0
  9
$SPLFRAME
 70
     0
  9
$SPLINETYPE
 70
     6
  9
$SPLINESEGS
 70
     8
  9
$HANDSEED
  5
6B7
  9
$SURFTAB1
 70
     6
  9
$SURFTAB2
 70
     6
  9
$SURFTYPE
 70
     6
  9
$SURFU
 70
     6
  9
$SURFV
 70
     6
  9
$UCSBASE
  2

  9
$UCSNAME
  2

  9
$UCSORG
 10
0.0
 20
0.0
 30
0.0
  9
$UCSXDIR
 10
1.0
 20
0.0
 30
0.0
  9
$UCSYDIR
 10
0.0
 20
1.0
 30
0.0
  9
$UCSORTHOREF
  2

  9
$UCSORTHOVIEW
 70
     0
  9
$UCSORGTOP
 10
0.0
 20
0.0
 30
0.0
  9
$UCSORGBOTTOM
 10
0.0
 20
0.0
 30
0.0
  9
$UCSORGLEFT
 10
0.0
 20
0.0
 30
0.0
  9
$UCSORGRIGHT
 10
0.0
 20
0.0
 30
0.0
  9
$UCSORGFRONT
 10
0.0
 20
0.0
 30
0.0
  9
$UCSORGBACK
 10
0.0
 20
0.0
 30
0.0
  9
$PUCSBASE
  2

  9
$PUCSNAME
  2

  9
$PUCSORG
 10
0.0
 20
0.0
 30
0.0
  9
$PUCSXDIR
 10
1.0
 20
0.0
 30
0.0
  9
$PUCSYDIR
 10
0.0
 20
1.0
 30
0.0
  9
$PUCSORTHOREF
  2

  9
$PUCSORTHOVIEW
 70
     0
  9
$PUCSORGTOP
 10
0.0
 20
0.0
 30
0.0
  9
$PUCSORGBOTTOM
 10
0.0
 20
0.0
 30
0.0
  9
$PUCSORGLEFT
 10
0.0
 20
0.0
 30
0.0
  9
$PUCSORGRIGHT
 10
0.0
 20
0.0
 30
0.0
  9
$PUCSORGFRONT
 10
0.0
 20
0.0
 30
0.0
  9
$PUCSORGBACK
 10
0.0
 20
0.0
 30
0.0
  9
$USERI1
 70
     0
  9
$USERI2
 70
     0
  9
$USERI3
 70
     0
  9
$USERI4
 70
     0
  9
$USERI5
 70
     0
  9
$USERR1
 40
0.0
  9
$USERR2
 40
0.0
  9
$USERR3
 40
0.0
  9
$USERR4
 40
0.0
  9
$USERR5
 40
0.0
  9
$WORLDVIEW
 70
     1
  9
$SHADEDGE
 70
     3
  9
$SHADEDIF
 70
    70
  9
$TILEMODE
 70
     1
  9
$MAXACTVP
 70
    64
  9
$PINSBASE
 10
0.0
 20
0.0
 30
0.0
  9
$PLIMCHECK
 70
     0
  9
$PEXTMIN
 10
1.0000000000E+20
 20
1.0000000000E+20
 30
1.0000000000E+20
  9
$PEXTMAX
 10
-1.0000000000E+20
 20
-1.0000000000E+20
 30
-1.0000000000E+20
  9
$PLIMMIN
 10
0.0
 20
0.0
  9
$PLIMMAX
 10
420.0
 20
297.0
  9
$UNITMODE
 70
     0
  9
$VISRETAIN
 70
     1
  9
$PLINEGEN
 70
     0
  9
$PSLTSCALE
 70
     1
  9
$TREEDEPTH
 70
  3020
  9
$CMLSTYLE
  2
Standard
  9
$CMLJUST
 70
     0
  9
$CMLSCALE
 40
20.0
  9
$PROXYGRAPHICS
 70
     1
  9
$MEASUREMENT
 70
     1
  9
$CELWEIGHT
370
    -1
  9
$ENDCAPS
280
     0
  9
$JOINSTYLE
280
     0
  9
$LWDISPLAY
290
     1
  9
$INSUNITS
 70
     4
  9
$HYPERLINKBASE
  1

  9
$STYLESHEET
  1

  9
$XEDIT
290
     1
  9
$CEPSNTYPE
380
     0
  9
$PSTYLEMODE
290
     1
  9
$FINGERPRINTGUID
  2
{bdd7f551-5a4f-42ed-9436-9856a5ff53fa}
  9
$VERSIONGUID
  2
{FAEB1C32-E019-11D5-929B-00C0DF256EC4}
  9
$EXTNAMES
290
     1
  9
$PSVPSCALE
 40
0.0
  9
$OLESTARTUP
290
     0
  0
ENDSEC
  0
SECTION
  2
CLASSES
  0
CLASS
  1
ACDBDICTIONARYWDFLT
  2
AcDbDictionaryWithDefault
  3
ObjectDBX Classes
 90
        0
280
     0
281
     0
  0
CLASS
  1
VISUALSTYLE
  2
AcDbVisualStyle
  3
ObjectDBX Classes
 90
     4095
280
     0
281
     0
  0
CLASS
  1
MATERIAL
  2
AcDbMaterial
  3
ObjectDBX Classes
 90
     1153
280
     0
281
     0
  0
CLASS
  1
SCALE
  2
AcDbScale
  3
ObjectDBX Classes
 90
     1153
280
     0
281
     0
  0
CLASS
  1
TABLESTYLE
  2
AcDbTableStyle
  3
ObjectDBX Classes
 90
     4095
280
     0
281
     0
  0
CLASS
  1
MLEADERSTYLE
  2
AcDbMLeaderStyle
  3
ACDB_MLEADERSTYLE_CLASS
 90
     4095
280
     0
281
     0
  0
CLASS
  1
SUN
  2
AcDbSun
  3
SCENEOE
 90
     1153
280
     0
281
     0
  0
CLASS
  1
ACDBPLACEHOLDER
  2
AcDbPlaceHolder
  3
ObjectDBX Classes
 90
        0
280
     0
281
     0
  0
CLASS
  1
LAYOUT
  2
AcDbLayout
  3
ObjectDBX Classes
 90
        0
280
     0
281
     0
  0
ENDSEC
  0
SECTION
  2
TABLES
  0
TABLE
  2
VPORT
  5
8
330
0
100
AcDbSymbolTable
 70
     1
  0
VPORT
  5
29
330
8
100
AcDbSymbolTableRecord
100
AcDbViewportTableRecord
  2
*Active
 70
     0
 10
0.0
 20
0.0
 11
1.0
 21
1.0
 12
2760.9119602868
 22
2794.5392076458
 13
0.0
 23
0.0
 14
10.0
 24
10.0
 15
10.0
 25
10.0
 16
0.0
 26
0.0
 36
1.0
 17
0.0
 27
0.0
 37
0.0
 40
138.68759664
 41
1.8389859943
 42
50.0
 43
0.0
 44
0.0
 50
0.0
 51
0.0
 71
     0
 72
   100
 73
     1
 74
     3
 75
     0
 76
     0
 77
     0
 78
     0
281
     0
 65
     1
110
0.0
120
0.0
130
0.0
111
1.0
121
0.0
131
0.0
112
0.0
122
1.0
132
0.0
 79
     0
146
0.0
  0
ENDTAB
  0
TABLE
  2
LTYPE
  5
5
330
0
100
AcDbSymbolTable
 70
     6
  0
LTYPE
  5
14
330
5
100
AcDbSymbolTableRecord
100
AcDbLinetypeTableRecord
  2
ByBlock
 70
     0
  3

 72
    65
 73
     0
 40
0.0
  0
LTYPE
  5
15
330
5
100
AcDbSymbolTableRecord
100
AcDbLinetypeTableRecord
  2
ByLayer
 70
     0
  3

 72
    65
 73
     0
 40
0.0
  0
LTYPE
  5
16
330
5
100
AcDbSymbolTableRecord
100
AcDbLinetypeTableRecord
  2
Continuous
 70
     0
  3
Solid line
 72
    65
 73
     0
 40
0.0
  0
LTYPE
  5
5E
330
5
100
AcDbSymbolTableRecord
100
AcDbLinetypeTableRecord
  2
HIDDEN
 70
     0
  3
Hidden __ __ __ __ __ __ __ __ __ __ __ __ __ __
 72
    65
 73
     2
 40
1.905
 49
1.27
 74
     0
 49
-0.635
 74
     0
  0
LTYPE
  5
5F
330
5
100
AcDbSymbolTableRecord
100
AcDbLinetypeTableRecord
  2
PHANTOM
 70
     0
  3
Phantom ______  __  __  ______  __  __  ______
 72
    65
 73
     6
 40
12.7
 49
6.35
 74
     0
 49
-1.27
 74
     0
 49
1.27
 74
     0
 49
-1.27
 74
     0
 49
1.27
 74
     0
 49
-1.27
 74
     0
  0
LTYPE
  5
60
330
5
100
AcDbSymbolTableRecord
100
AcDbLinetypeTableRecord
  2
CENTER
 70
     0
  3
Center ____ _ ____ _ ____ _ ____ _ ____ _ ____
 72
    65
 73
     4
 40
10.16
 49
6.35
 74
     0
 49
-1.27
 74
     0
 49
1.27
 74
     0
 49
-1.27
 74
     0
  0
LTYPE
  5
61
330
5
100
AcDbSymbolTableRecord
100
AcDbLinetypeTableRecord
  2
CENTERX2
 70
     0
  3
Center (2x) ________  __  ________  __  _____
 72
    65
 73
     4
 40
20.32
 49
12.7
 74
     0
 49
-2.54
 74
     0
 49
2.54
 74
     0
 49
-2.54
 74
     0
  0
LTYPE
  5
62
330
5
100
AcDbSymbolTableRecord
100
AcDbLinetypeTableRecord
  2
DOT2
 70
     0
  3
Dot (.5x) ........................................
 72
    65
 73
     2
 40
0.635
 49
0.0
 74
     0
 49
-0.635
 74
     0
  0
ENDTAB
  0
TABLE
  2
LAYER
  5
2
330
0
100
AcDbSymbolTable
 70
     1
  0
LAYER
  5
10
330
2
100
AcDbSymbolTableRecord
100
AcDbLayerTableRecord
  2
0
 70
     0
 62
     7
  6
Continuous
370
    -3
390
F
  0
ENDTAB
  0
TABLE
  2
STYLE
  5
3
330
0
100
AcDbSymbolTable
 70
     2
  0
STYLE
  5
11
330
3
100
AcDbSymbolTableRecord
100
AcDbTextStyleTableRecord
  2
Standard
 70
     0
 40
0.0
 41
1.0
 50
0.0
 71
     0
 42
3.5
  3
txt
  4

  0
STYLE
  5
6B3
330
3
100
AcDbSymbolTableRecord
100
AcDbTextStyleTableRecord
  2
SLDTEXTSTYLE0
 70
     0
 40
0.0
 41
0.7
 50
0.0
 71
     0
 42
3.5
  3
TXT
  4

  0
ENDTAB
  0
TABLE
  2
VIEW
  5
6
330
0
100
AcDbSymbolTable
 70
     0
  0
ENDTAB
  0
TABLE
  2
UCS
  5
7
330
0
100
AcDbSymbolTable
 70
     0
  0
ENDTAB
  0
TABLE
  2
APPID
  5
9
330
0
100
AcDbSymbolTable
 70
     1
  0
APPID
  5
12
330
9
100
AcDbSymbolTableRecord
100
AcDbRegAppTableRecord
  2
ACAD
 70
     0
  0
ENDTAB
  0
TABLE
  2
DIMSTYLE
  5
A
330
0
100
AcDbSymbolTable
 70
     1
100
AcDbDimStyleTable
  0
DIMSTYLE
105
27
330
A
100
AcDbSymbolTableRecord
100
AcDbDimStyleTableRecord
  2
ISO-25
 70
     0
 41
2.5
 42
0.625
 43
3.75
 44
1.25
 73
     0
 74
     0
 77
     1
 78
     8
140
2.5
141
2.5
143
0.0393700787
147
0.625
171
     3
172
     1
178
     0
271
     2
272
     2
274
     3
278
    44
283
     0
284
     8
340
11
  0
ENDTAB
  0
TABLE
  2
BLOCK_RECORD
  5
1
330
0
100
AcDbSymbolTable
 70
     1
  0
BLOCK_RECORD
  5
1F
330
1
100
AcDbSymbolTableRecord
100
AcDbBlockTableRecord
  2
*Model_Space
340
22
  0
BLOCK_RECORD
  5
1B
330
1
100
AcDbSymbolTableRecord
100
AcDbBlockTableRecord
  2
*Paper_Space
340
1E
  0
BLOCK_RECORD
  5
23
330
1
100
AcDbSymbolTableRecord
100
AcDbBlockTableRecord
  2
*Paper_Space0
340
26
  0
ENDTAB
  0
ENDSEC
  0
SECTION
  2
BLOCKS
  0
BLOCK
  5
20
330
1F
100
AcDbEntity
  8
0
100
AcDbBlockBegin
  2
*Model_Space
 70
     0
 10
0.0
 20
0.0
 30
0.0
  3
*Model_Space
  1

  0
ENDBLK
  5
21
330
1F
100
AcDbEntity
  8
0
100
AcDbBlockEnd
  0
BLOCK
  5
1C
330
1B
100
AcDbEntity
 67
     1
  8
0
100
AcDbBlockBegin
  2
*Paper_Space
 70
     0
 10
0.0
 20
0.0
 30
0.0
  3
*Paper_Space
  1

  0
ENDBLK
  5
1D
330
1B
100
AcDbEntity
 67
     1
  8
0
100
AcDbBlockEnd
  0
BLOCK
  5
24
330
23
100
AcDbEntity
  8
0
100
AcDbBlockBegin
  2
*Paper_Space0
 70
     0
 10
0.0
 20
0.0
 30
0.0
  3
*Paper_Space0
  1

  0
ENDBLK
  5
25
330
23
100
AcDbEntity
  8
0
100
AcDbBlockEnd
  0
ENDSEC
  0
SECTION
  2
ENTITIES
  0
LINE
  5
38B
330
1F
100
AcDbEntity
  8
0
  6
Continuous
 62
     7
370
    25
100
AcDbLine
 10
2684.8679271251
 20
2862.5233236458
 30
0.0
 11
2678.2888191251
 21
2862.5233236458
 31
0.0
  0
LINE
  5
38C
330
1F
100
AcDbEntity
  8
0
  6
Continuous
 62
     7
370
    25
100
AcDbLine
 10
2678.2888191251
 20
2825.9727236458
 30
0.0
 11
2684.8679271251
 21
2825.9727236458
 31
0.0
  0
LINE
  5
38D
330
1F
100
AcDbEntity
  8
0
  6
Continuous
 62
     7
370
    25
100
AcDbLine
 10
2678.2888191251
 20
2862.5233236458
 30
0.0
 11
2678.2888191251
 21
2825.9727236458
 31
0.0
  0
LINE
  5
38E
330
1F
100
AcDbEntity
  8
0
  6
Continuous
 62
     7
370
    25
100
AcDbLine
 10
2815.7190751251
 20
2825.9727236458
 30
0.0
 11
2821.5671711251
 21
2825.9727236458
 31
0.0
  0
LINE
  5
38F
330
1F
100
AcDbEntity
  8
0
  6
Continuous
 62
     7
370
    25
100
AcDbLine
 10
2815.7190751251
 20
2844.2480236458
 30
0.0
 11
2815.7190751251
 21
2825.9727236458
 31
0.0
  0
LINE
  5
390
330
1F
100
AcDbEntity
  8
0
  6
Continuous
 62
     7
370
    25
100
AcDbLine
 10
2831.8013391251
 20
2862.5233236458
 30
0.0
 11
2831.8013391251
 21
2844.2480236458
 31
0.0
  0
LINE
  5
391
330
1F
100
AcDbEntity
  8
0
  6
Continuous
 62
     7
370
    25
100
AcDbLine
 10
2835.3876065098
 20
2862.5233236458
 30
0.0
 11
2831.8013391251
 21
2862.5233236458
 31
0.0
  0
LINE
  5
392
330
1F
100
AcDbEntity
  8
0
  6
Continuous
 62
     7
370
    25
100
AcDbLine
 10
2878.9516131251
 20
2862.5233236458
 30
0.0
 11
2872.0069991251
 21
2862.5233236458
 31
0.0
  0
LINE
  5
393
330
1F
100
AcDbEntity
  8
0
  6
Continuous
 62
     7
370
    25
100
AcDbLine
 10
2872.0069991251
 20
2825.9727236458
 30
0.0
 11
2878.9516131251
 21
2825.9727236458
 31
0.0
  0
LINE
  5
394
330
1F
100
AcDbEntity
  8
0
  6
Continuous
 62
     7
370
    25
100
AcDbLine
 10
2872.0069991251
 20
2862.5233236458
 30
0.0
 11
2872.0069991251
 21
2825.9727236458
 31
0.0
  0
LINE
  5
395
330
1F
100
AcDbEntity
  8
0
  6
Continuous
 62
     7
370
    25
100
AcDbLine
 10
2659.2825071251
 20
2817.2005796458
 30
0.0
 11
2635.8901231251
 21
2817.2005796458
 31
0.0
  0
LINE
  5
396
330
1F
100
AcDbEntity
  8
0
  6
Continuous
 62
     7
370
    25
100
AcDbLine
 10
2659.2825071251
 20
2812.0834956459
 30
0.0
 11
2659.2825071251
 21
2817.2005796458
 31
0.0
  0
LINE
  5
397
330
1F
100
AcDbEntity
  8
0
  6
Continuous
 62
     7
370
    25
100
AcDbLine
 10
2646.1242911251
 20
2806.9664116458
 30
0.0
 11
2652.7033991251
 21
2806.9664116458
 31
0.0
  0
LINE
  5
398
330
1F
100
AcDbEntity
  8
0
  6
Continuous
 62
     7
370
    25
100
AcDbLine
 10
2646.1242911251
 20
2786.4980756458
 30
0.0
 11
2646.1242911251
 21
2806.9664116458
 31
0.0
  0
LINE
  5
399
330
1F
100
AcDbEntity
  8
0
  6
Continuous
 62
     7
370
    25
100
AcDbLine
 10
2652.7033991251
 20
2786.4980756458
 30
0.0
 11
2646.1242911251
 21
2786.4980756458
 31
0.0
  0
LINE
  5
39A
330
1F
100
AcDbEntity
  8
0
  6
Continuous
 62
     7
370
    25
100
AcDbLine
 10
2646.1242911251
 20
2776.2639076458
 30
0.0
 11
2652.7033991251
 21
2776.2639076458
 31
0.0
  0
LINE
  5
39B
330
1F
100
AcDbEntity
  8
0
  6
Continuous
 62
     7
370
    25
100
AcDbLine
 10
2646.1242911251
 20
2755.7955716458
 30
0.0
 11
2646.1242911251
 21
2776.2639076458
 31
0.0
  0
LINE
  5
39C
330
1F
100
AcDbEntity
  8
0
  6
Continuous
 62
     7
370
    25
100
AcDbLine
 10
2635.8901231251
 20
2755.7955716458
 30
0.0
 11
2646.1242911251
 21
2755.7955716458
 31
0.0
  0
LINE
  5
39D
330
1F
100
AcDbEntity
  8
0
  6
Continuous
 62
     7
370
    25
100
AcDbLine
 10
2635.8901231251
 20
2817.2005796458
 30
0.0
 11
2635.8901231251
 21
2755.7955716458
 31
0.0
  0
LINE
  5
39E
330
1F
100
AcDbEntity
  8
0
  6
Continuous
 62
     7
370
    25
100
AcDbLine
 10
2676.8267951251
 20
2792.3461716458
 30
0.0
 11
2676.8267951251
 21
2777.7259316458
 31
0.0
  0
LINE
  5
39F
330
1F
100
AcDbEntity
  8
0
  6
Continuous
 62
     7
370
    25
100
AcDbLine
 10
2676.8267951251
 20
2777.7259316458
 30
0.0
 11
2685.5989391251
 21
2777.7259316458
 31
0.0
  0
LINE
  5
3A0
330
1F
100
AcDbEntity
  8
0
  6
Continuous
 62
     7
370
    25
100
AcDbLine
 10
2685.5989391251
 20
2777.7259316458
 30
0.0
 11
2685.5989391251
 21
2788.4939445512
 31
0.0
  0
LINE
  5
3A1
330
1F
100
AcDbEntity
  8
0
  6
Continuous
 62
     7
370
    25
100
AcDbLine
 10
2673.6865386299
 20
2817.2005796458
 30
0.0
 11
2666.5926271251
 21
2817.2005796458
 31
0.0
  0
LINE
  5
3A2
330
1F
100
AcDbEntity
  8
0
  6
Continuous
 62
     7
370
    25
100
AcDbLine
 10
2695.8331071251
 20
2755.7955716458
 30
0.0
 11
2695.8308351398
 21
2778.0914376458
 31
0.0
  0
LINE
  5
3A3
330
1F
100
AcDbEntity
  8
0
  6
Continuous
 62
     7
370
    25
100
AcDbLine
 10
2690.7160231251
 20
2755.7955716458
 30
0.0
 11
2695.8331071251
 21
2755.7955716458
 31
0.0
  0
LINE
  5
3A4
330
1F
100
AcDbEntity
  8
0
  6
Continuous
 62
     7
370
    25
100
AcDbLine
 10
2666.5926271251
 20
2755.6103083506
 30
0.0
 11
2671.3442051251
 21
2756.0684467293
 31
0.0
  0
LINE
  5
3A5
330
1F
100
AcDbEntity
  8
0
  6
Continuous
 62
     7
370
    25
100
AcDbLine
 10
2666.5926271251
 20
2817.2005796458
 30
0.0
 11
2666.5926271251
 21
2755.6103083506
 31
0.0
  0
LINE
  5
3A6
330
1F
100
AcDbEntity
  8
0
  6
Continuous
 62
     7
370
    25
100
AcDbLine
 10
2754.3140671251
 20
2817.2005796458
 30
0.0
 11
2754.3140671251
 21
2812.0834956459
 31
0.0
  0
LINE
  5
3A7
330
1F
100
AcDbEntity
  8
0
  6
Continuous
 62
     7
370
    25
100
AcDbLine
 10
2782.0925231251
 20
2817.2005796458
 30
0.0
 11
2754.3140671251
 21
2817.2005796458
 31
0.0
  0
LINE
  5
3A8
330
1F
100
AcDbEntity
  8
0
  6
Continuous
 62
     7
370
    25
100
AcDbLine
 10
2782.0925231251
 20
2812.0834956459
 30
0.0
 11
2782.0925231251
 21
2817.2005796458
 31
0.0
  0
LINE
  5
3A9
330
1F
100
AcDbEntity
  8
0
  6
Continuous
 62
     7
370
    25
100
AcDbLine
 10
2773.3203791251
 20
2806.9664116458
 30
0.0
 11
2777.7064511251
 21
2806.9664116458
 31
0.0
  0
LINE
  5
3AA
330
1F
100
AcDbEntity
  8
0
  6
Continuous
 62
     7
370
    25
100
AcDbLine
 10
2773.3203791251
 20
2755.7955716458
 30
0.0
 11
2773.3203791251
 21
2806.9664116458
 31
0.0
  0
LINE
  5
3AB
330
1F
100
AcDbEntity
  8
0
  6
Continuous
 62
     7
370
    25
100
AcDbLine
 10
2763.0862111251
 20
2755.7955716458
 30
0.0
 11
2773.3203791251
 21
2755.7955716458
 31
0.0
  0
LINE
  5
3AC
330
1F
100
AcDbEntity
  8
0
  6
Continuous
 62
     7
370
    25
100
AcDbLine
 10
2763.0862111251
 20
2806.9664116458
 30
0.0
 11
2763.0862111251
 21
2755.7955716458
 31
0.0
  0
LINE
  5
3AD
330
1F
100
AcDbEntity
  8
0
  6
Continuous
 62
     7
370
    25
100
AcDbLine
 10
2758.7001391251
 20
2806.9664116458
 30
0.0
 11
2763.0862111251
 21
2806.9664116458
 31
0.0
  0
LINE
  5
3AE
330
1F
100
AcDbEntity
  8
0
  6
Continuous
 62
     7
370
    25
100
AcDbLine
 10
2814.2570511251
 20
2808.6533621901
 30
0.0
 11
2809.9834423972
 21
2812.926970918
 31
0.0
  0
LINE
  5
3AF
330
1F
100
AcDbEntity
  8
0
  6
Continuous
 62
     7
370
    25
100
AcDbLine
 10
2814.2570511251
 20
2787.2901125276
 30
0.0
 11
2814.2570511251
 21
2808.6533621901
 31
0.0
  0
LINE
  5
3B0
330
1F
100
AcDbEntity
  8
0
  6
Continuous
 62
     7
370
    25
100
AcDbLine
 10
2785.0165711251
 20
2808.6533621901
 30
0.0
 11
2785.0165711251
 21
2788.1413555333
 31
0.0
  0
LINE
  5
3B1
330
1F
100
AcDbEntity
  8
0
  6
Continuous
 62
     7
370
    25
100
AcDbLine
 10
2789.2901798529
 20
2812.926970918
 30
0.0
 11
2785.0165711251
 21
2808.6533621901
 31
0.0
  0
LINE
  5
3B2
330
1F
100
AcDbEntity
  8
0
  6
Continuous
 62
     7
370
    25
100
AcDbLine
 10
2831.9138023972
 20
2817.2005796458
 30
0.0
 11
2821.5671711251
 21
2817.2005796458
 31
0.0
  0
LINE
  5
3B3
330
1F
100
AcDbEntity
  8
0
  6
Continuous
 62
     7
370
    25
100
AcDbLine
 10
2850.8076511251
 20
2755.6103083506
 30
0.0
 11
2850.8021860794
 21
2765.5716027292
 31
0.0
  0
LINE
  5
3B4
330
1F
100
AcDbEntity
  8
0
  6
Continuous
 62
     7
370
    25
100
AcDbLine
 10
2846.0560731251
 20
2756.0684467293
 30
0.0
 11
2850.8076511251
 21
2755.6103083506
 31
0.0
  0
LINE
  5
3B5
330
1F
100
AcDbEntity
  8
0
  6
Continuous
 62
     7
370
    25
100
AcDbLine
 10
2831.8013391251
 20
2755.7955716458
 30
0.0
 11
2831.8013391251
 21
2767.4917636459
 31
0.0
  0
LINE
  5
3B6
330
1F
100
AcDbEntity
  8
0
  6
Continuous
 62
     7
370
    25
100
AcDbLine
 10
2821.5671711251
 20
2755.7955716458
 30
0.0
 11
2831.8013391251
 21
2755.7955716458
 31
0.0
  0
LINE
  5
3B7
330
1F
100
AcDbEntity
  8
0
  6
Continuous
 62
     7
370
    25
100
AcDbLine
 10
2821.5671711251
 20
2817.2005796458
 30
0.0
 11
2821.5671711251
 21
2755.7955716458
 31
0.0
  0
LINE
  5
3B8
330
1F
100
AcDbEntity
  8
0
  6
Continuous
 62
     7
370
    25
100
AcDbLine
 10
2866.7618140442
 20
2817.2005796458
 30
0.0
 11
2856.6557471251
 21
2817.2005796458
 31
0.0
  0
LINE
  5
3B9
330
1F
100
AcDbEntity
  8
0
  6
Continuous
 62
     7
370
    25
100
AcDbLine
 10
2867.1913698537
 20
2806.6009056458
 30
0.0
 11
2866.7618140442
 21
2817.2005796458
 31
0.0
  0
LINE
  5
3BA
330
1F
100
AcDbEntity
  8
0
  6
Continuous
 62
     7
370
    25
100
AcDbLine
 10
2885.8962271251
 20
2817.2005796458
 30
0.0
 11
2875.790160206
 21
2817.2005796458
 31
0.0
  0
LINE
  5
3BB
330
1F
100
AcDbEntity
  8
0
  6
Continuous
 62
     7
370
    25
100
AcDbLine
 10
2877.1240831251
 20
2755.7955716458
 30
0.0
 11
2877.1240831251
 21
2770.3033483737
 31
0.0
  0
LINE
  5
3BC
330
1F
100
AcDbEntity
  8
0
  6
Continuous
 62
     7
370
    25
100
AcDbLine
 10
2856.6557471251
 20
2817.2005796458
 30
0.0
 11
2856.6557471251
 21
2807.0352042611
 31
0.0
  0
LINE
  5
3BD
330
1F
100
AcDbEntity
  8
0
  6
Continuous
 62
     7
370
    25
100
AcDbLine
 10
2866.8899151251
 20
2755.7955716458
 30
0.0
 11
2877.1240831251
 21
2755.7955716458
 31
0.0
  0
LINE
  5
3BE
330
1F
100
AcDbEntity
  8
0
  6
Continuous
 62
     7
370
    25
100
AcDbLine
 10
2866.8899151251
 20
2770.3821076066
 30
0.0
 11
2866.8899151251
 21
2755.7955716458
 31
0.0
  0
LINE
  5
3BF
330
1F
100
AcDbEntity
  8
0
  6
Continuous
 62
     7
370
    25
100
AcDbLine
 10
2875.790160206
 20
2817.2005796458
 30
0.0
 11
2875.3606043965
 21
2806.6009056458
 31
0.0
  0
LINE
  5
3C0
330
1F
100
AcDbEntity
  8
0
  6
Continuous
 62
     7
370
    25
100
AcDbLine
 10
2885.8962271251
 20
2805.3919243737
 30
0.0
 11
2885.8962271251
 21
2817.2005796458
 31
0.0
  0
ARC
  5
3C1
330
1F
100
AcDbEntity
  8
0
  6
Continuous
 62
     7
370
    25
100
AcDbCircle
 10
2637.8833558024
 20
2860.312796949
 30
0.0
 40
1.821793467534188
100
AcDbArc
 50
109.9831030877
 51
152.9789151106
  0
ARC
  5
3C2
330
1F
100
AcDbEntity
  8
0
  6
Continuous
 62
     7
370
    25
100
AcDbCircle
 10
2639.6093875753
 20
2855.5662078708
 30
0.0
 40
6.872466052237742
100
AcDbArc
 50
92.2440843212
 51
109.9831007608
  0
ARC
  5
3C3
330
1F
100
AcDbEntity
  8
0
  6
Continuous
 62
     7
370
    25
100
AcDbCircle
 10
2643.9313097699
 20
2745.2773299784
 30
0.0
 40
117.2459936674818
100
AcDbArc
 50
90.0000267038
 51
92.2441160741
  0
ARC
  5
3C4
330
1F
100
AcDbEntity
  8
0
  6
Continuous
 62
     7
370
    25
100
AcDbCircle
 10
2643.9312004804
 20
2745.2773299835
 30
0.0
 40
117.2459936623677
100
AcDbArc
 50
87.7558839259
 51
89.9999732962
  0
ARC
  5
3C5
330
1F
100
AcDbEntity
  8
0
  6
Continuous
 62
     7
370
    25
100
AcDbCircle
 10
2648.2531226749
 20
2855.5662078709
 30
0.0
 40
6.872466052146605
100
AcDbArc
 50
70.0168992391
 51
87.755915679
  0
ARC
  5
3C6
330
1F
100
AcDbEntity
  8
0
  6
Continuous
 62
     7
370
    25
100
AcDbCircle
 10
2649.9791544478
 20
2860.3127969489
 30
0.0
 40
1.821793467573328
100
AcDbArc
 50
27.0210848898
 51
70.0168969118
  0
ARC
  5
3C7
330
1F
100
AcDbEntity
  8
0
  6
Continuous
 62
     7
370
    25
100
AcDbCircle
 10
2648.5800601252
 20
2859.5992770454
 30
0.0
 40
3.392326999933009
100
AcDbArc
 50
359.9999763609
 51
27.0210409921
  0
ARC
  5
3C8
330
1F
100
AcDbEntity
  8
0
  6
Continuous
 62
     7
370
    25
100
AcDbCircle
 10
2647.4857390577
 20
2859.5992774061
 30
0.0
 40
4.486648067419883
100
AcDbArc
 50
343.4693074656
 51
359.9999775215
  0
ARC
  5
3C9
330
1F
100
AcDbEntity
  8
0
  6
Continuous
 62
     7
370
    25
100
AcDbCircle
 10
2649.7078474717
 20
2858.9397672992
 30
0.0
 40
2.168735345879642
100
AcDbArc
 50
286.5307785081
 51
343.4692214922
  0
ARC
  5
3CA
330
1F
100
AcDbEntity
  8
0
  6
Continuous
 62
     7
370
    25
100
AcDbCircle
 10
2649.0483373649
 20
2861.1618757133
 30
0.0
 40
4.486648067502807
100
AcDbArc
 50
270.0000224785
 51
286.5306925341
  0
ARC
  5
3CB
330
1F
100
AcDbEntity
  8
0
  6
Continuous
 62
     7
370
    25
100
AcDbCircle
 10
2649.0483381982
 20
2854.3668957105
 30
0.0
 40
2.308331935389459
100
AcDbArc
 50
89.9999769944
 51
133.8205601939
  0
ARC
  5
3CC
330
1F
100
AcDbEntity
  8
0
  6
Continuous
 62
     7
370
    25
100
AcDbCircle
 10
2649.5769683762
 20
2853.8160423506
 30
0.0
 40
3.071803800687307
100
AcDbArc
 50
133.8205765788
 51
169.2156810364
  0
ARC
  5
3CD
330
1F
100
AcDbEntity
  8
0
  6
Continuous
 62
     7
370
    25
100
AcDbCircle
 10
2667.1007894504
 20
2850.4781740872
 30
0.0
 40
20.91068463959248
100
AcDbArc
 50
169.2157055401
 51
179.1761450596
  0
ARC
  5
3CE
330
1F
100
AcDbEntity
  8
0
  6
Continuous
 62
     7
370
    25
100
AcDbCircle
 10
3303.6506451969
 20
2841.3243925774
 30
0.0
 40
657.526354071911
100
AcDbArc
 50
179.1761265708
 51
180.0000363363
  0
ARC
  5
3CF
330
1F
100
AcDbEntity
  8
0
  6
Continuous
 62
     7
370
    25
100
AcDbCircle
 10
2220.2659704805
 20
2841.3238800023
 30
0.0
 40
425.8583206446495
100
AcDbArc
 50
358.8905460519
 51
0.0000128595
  0
ARC
  5
3D0
330
1F
100
AcDbEntity
  8
0
  6
Continuous
 62
     7
370
    25
100
AcDbCircle
 10
2611.7932036478
 20
2833.7415430166
 30
0.0
 40
34.25767439156937
100
AcDbArc
 50
351.8698897722
 51
358.8905511567
  0
ARC
  5
3D1
330
1F
100
AcDbEntity
  8
0
  6
Continuous
 62
     7
370
    25
100
AcDbCircle
 10
2637.8281875508
 20
2830.0222547952
 30
0.0
 40
7.958368474783247
100
AcDbArc
 50
335.2767591457
 51
351.8698980105
  0
ARC
  5
3D2
330
1F
100
AcDbEntity
  8
0
  6
Continuous
 62
     7
370
    25
100
AcDbCircle
 10
2643.9312551398
 20
2827.212157785
 30
0.0
 40
1.239434094842065
100
AcDbArc
 50
204.7232504937
 51
335.2767462663
  0
ARC
  5
3D3
330
1F
100
AcDbEntity
  8
0
  6
Continuous
 62
     7
370
    25
100
AcDbCircle
 10
2650.0343226993
 20
2830.0222548588
 30
0.0
 40
7.958368474756487
100
AcDbArc
 50
188.1301019895
 51
204.7232408544
  0
ARC
  5
3D4
330
1F
100
AcDbEntity
  8
0
  6
Continuous
 62
     7
370
    25
100
AcDbCircle
 10
2676.069306601
 20
2833.7415430801
 30
0.0
 40
34.25767439016231
100
AcDbArc
 50
181.1094488431
 51
188.130110228
  0
ARC
  5
3D5
330
1F
100
AcDbEntity
  8
0
  6
Continuous
 62
     7
370
    25
100
AcDbCircle
 10
3067.5965397428
 20
2841.3238800656
 30
0.0
 40
425.8583206176713
100
AcDbArc
 50
179.9999871405
 51
181.1094539482
  0
ARC
  5
3D6
330
1F
100
AcDbEntity
  8
0
  6
Continuous
 62
     7
370
    25
100
AcDbCircle
 10
1984.2118651806
 20
2841.3243925788
 30
0.0
 40
657.5263539446504
100
AcDbArc
 50
359.9999636691
 51
0.8238734293
  0
ARC
  5
3D7
330
1F
100
AcDbEntity
  8
0
  6
Continuous
 62
     7
370
    25
100
AcDbCircle
 10
2620.7617208008
 20
2850.4781740873
 30
0.0
 40
20.91068463855876
100
AcDbArc
 50
0.8238549403
 51
10.7842944603
  0
ARC
  5
3D8
330
1F
100
AcDbEntity
  8
0
  6
Continuous
 62
     7
370
    25
100
AcDbCircle
 10
2638.2855418739
 20
2853.8160423506
 30
0.0
 40
3.071803800734084
100
AcDbArc
 50
10.7843189641
 51
46.1794234211
  0
ARC
  5
3D9
330
1F
100
AcDbEntity
  8
0
  6
Continuous
 62
     7
370
    25
100
AcDbCircle
 10
2638.8141720519
 20
2854.3668957104
 30
0.0
 40
2.308331935416577
100
AcDbArc
 50
46.1794398063
 51
90.0000230052
  0
ARC
  5
3DA
330
1F
100
AcDbEntity
  8
0
  6
Continuous
 62
     7
370
    25
100
AcDbCircle
 10
2638.8141728854
 20
2861.1618757135
 30
0.0
 40
4.486648067670449
100
AcDbArc
 50
253.469307466
 51
269.999977521
  0
ARC
  5
3DB
330
1F
100
AcDbEntity
  8
0
  6
Continuous
 62
     7
370
    25
100
AcDbCircle
 10
2638.1546627786
 20
2858.9397672993
 30
0.0
 40
2.168735345957639
100
AcDbArc
 50
196.530778509
 51
253.4692214908
  0
ARC
  5
3DC
330
1F
100
AcDbEntity
  8
0
  6
Continuous
 62
     7
370
    25
100
AcDbCircle
 10
2640.3767711926
 20
2859.5992774061
 30
0.0
 40
4.486648067462685
100
AcDbArc
 50
180.0000224786
 51
196.5306925343
  0
ARC
  5
3DD
330
1F
100
AcDbEntity
  8
0
  6
Continuous
 62
     7
370
    25
100
AcDbCircle
 10
2639.282450125
 20
2859.5992770454
 30
0.0
 40
3.392326999940505
100
AcDbArc
 50
152.9789590079
 51
180.000023639
  0
ARC
  5
3DE
330
1F
100
AcDbEntity
  8
0
  6
Continuous
 62
     7
370
    25
100
AcDbCircle
 10
2703.9019546212
 20
2853.4558439359
 30
0.0
 40
47.47228095786286
100
AcDbArc
 50
173.1572320867
 51
179.1137348795
  0
ARC
  5
3DF
330
1F
100
AcDbEntity
  8
0
  6
Continuous
 62
     7
370
    25
100
AcDbCircle
 10
2668.0293243854
 20
2857.7605640457
 30
0.0
 40
11.34229043397763
100
AcDbArc
 50
159.5369345449
 51
173.1572720816
  0
ARC
  5
3E0
330
1F
100
AcDbEntity
  8
0
  6
Continuous
 62
     7
370
    25
100
AcDbCircle
 10
2658.5514942351
 20
2861.2972173072
 30
0.0
 40
1.226106338645745
100
AcDbArc
 50
89.9999584098
 51
159.5369282598
  0
ARC
  5
3E1
330
1F
100
AcDbEntity
  8
0
  6
Continuous
 62
     7
370
    25
100
AcDbCircle
 10
2658.5514939523
 20
2860.9089265746
 30
0.0
 40
1.614397071284342
100
AcDbArc
 50
52.6801739295
 51
89.9999583779
  0
ARC
  5
3E2
330
1F
100
AcDbEntity
  8
0
  6
Continuous
 62
     7
370
    25
100
AcDbCircle
 10
2658.1891091553
 20
2860.4335693199
 30
0.0
 40
2.212132180401713
100
AcDbArc
 50
23.1985883471
 51
52.6801822401
  0
ARC
  5
3E3
330
1F
100
AcDbEntity
  8
0
  6
Continuous
 62
     7
370
    25
100
AcDbCircle
 10
2655.3333121401
 20
2859.2096573484
 30
0.0
 40
5.319146359016742
100
AcDbArc
 50
5.845300042
 51
23.198579365
  0
ARC
  5
3E4
330
1F
100
AcDbEntity
  8
0
  6
Continuous
 62
     7
370
    25
100
AcDbCircle
 10
2637.7180195887
 20
2857.4062578216
 30
0.0
 40
23.02651153635991
100
AcDbArc
 50
359.9999547742
 51
5.84537743
  0
ARC
  5
3E5
330
1F
100
AcDbEntity
  8
0
  6
Continuous
 62
     7
370
    25
100
AcDbCircle
 10
2694.3058511421
 20
2857.4062759379
 30
0.0
 40
33.56132001699059
100
AcDbArc
 50
180.0000619577
 51
184.9120790077
  0
ARC
  5
3E6
330
1F
100
AcDbEntity
  8
0
  6
Continuous
 62
     7
370
    25
100
AcDbCircle
 10
2663.614177448
 20
2854.7685555249
 30
0.0
 40
2.756508653831417
100
AcDbArc
 50
184.9121253468
 51
215.5376105642
  0
ARC
  5
3E7
330
1F
100
AcDbEntity
  8
0
  6
Continuous
 62
     7
370
    25
100
AcDbCircle
 10
2662.7492594516
 20
2854.1507644913
 30
0.0
 40
1.693612185883623
100
AcDbArc
 50
215.5377758105
 51
258.3751799336
  0
ARC
  5
3E8
330
1F
100
AcDbEntity
  8
0
  6
Continuous
 62
     7
370
    25
100
AcDbCircle
 10
2664.3996034053
 20
2862.1729843811
 30
0.0
 40
9.883828735227224
100
AcDbArc
 50
258.3751981549
 51
269.9999288127
  0
ARC
  5
3E9
330
1F
100
AcDbEntity
  8
0
  6
Continuous
 62
     7
370
    25
100
AcDbCircle
 10
2664.3995788448
 20
2862.1729843816
 30
0.0
 40
9.883828735814788
100
AcDbArc
 50
270.0000711878
 51
281.6248018448
  0
ARC
  5
3EA
330
1F
100
AcDbEntity
  8
0
  6
Continuous
 62
     7
370
    25
100
AcDbCircle
 10
2666.0499227985
 20
2854.1507644914
 30
0.0
 40
1.693612185960271
100
AcDbArc
 50
281.6248200675
 51
324.4622241885
  0
ARC
  5
3EB
330
1F
100
AcDbEntity
  8
0
  6
Continuous
 62
     7
370
    25
100
AcDbCircle
 10
2665.1850048022
 20
2854.7685555249
 30
0.0
 40
2.756508653773584
100
AcDbArc
 50
324.4623894353
 51
355.0878746534
  0
ARC
  5
3EC
330
1F
100
AcDbEntity
  8
0
  6
Continuous
 62
     7
370
    25
100
AcDbCircle
 10
2634.4933311111
 20
2857.4062759379
 30
0.0
 40
33.56132001402837
100
AcDbArc
 50
355.087920992
 51
359.9999380424
  0
ARC
  5
3ED
330
1F
100
AcDbEntity
  8
0
  6
Continuous
 62
     7
370
    25
100
AcDbCircle
 10
2697.7161901695
 20
2857.4062613561
 30
0.0
 40
29.66153904437559
100
AcDbArc
 50
174.8410847568
 51
180.0000419366
  0
ARC
  5
3EE
330
1F
100
AcDbEntity
  8
0
  6
Continuous
 62
     7
370
    25
100
AcDbCircle
 10
2671.7170891559
 20
2859.753568098
 30
0.0
 40
3.556690788667598
100
AcDbArc
 50
150.2550954006
 51
174.8410752185
  0
ARC
  5
3EF
330
1F
100
AcDbEntity
  8
0
  6
Continuous
 62
     7
370
    25
100
AcDbCircle
 10
2670.0903313202
 20
2860.6831445103
 30
0.0
 40
1.683070399581704
100
AcDbArc
 50
110.0583988734
 51
150.2550844212
  0
ARC
  5
3F0
330
1F
100
AcDbEntity
  8
0
  6
Continuous
 62
     7
370
    25
100
AcDbCircle
 10
2670.9786990343
 20
2858.2500715316
 30
0.0
 40
4.27325211421794
100
AcDbArc
 50
89.9999987825
 51
110.0582992194
  0
ARC
  5
3F1
330
1F
100
AcDbEntity
  8
0
  6
Continuous
 62
     7
370
    25
100
AcDbCircle
 10
2670.9786995059
 20
2860.3943195973
 30
0.0
 40
2.129004048507575
100
AcDbArc
 50
40.6946247132
 51
90.0000102491
  0
ARC
  5
3F2
330
1F
100
AcDbEntity
  8
0
  6
Continuous
 62
     7
370
    25
100
AcDbCircle
 10
2669.6630454877
 20
2859.2628954046
 30
0.0
 40
3.864246452180203
100
AcDbArc
 50
9.0902094678
 51
40.6946015581
  0
ARC
  5
3F3
330
1F
100
AcDbEntity
  8
0
  6
Continuous
 62
     7
370
    25
100
AcDbCircle
 10
2645.0693135869
 20
2855.3278721291
 30
0.0
 40
28.7707929206773
100
AcDbArc
 50
0.6478255565
 51
9.0903193256
  0
ARC
  5
3F4
330
1F
100
AcDbEntity
  8
0
  6
Continuous
 62
     7
370
    25
100
AcDbCircle
 10
1665.2878393447
 20
2844.2485148719
 30
0.0
 40
1008.614907780539
100
AcDbArc
 50
359.9999720952
 51
0.647871044
  0
ARC
  5
3F5
330
1F
100
AcDbEntity
  8
0
  6
Continuous
 62
     7
370
    25
100
AcDbCircle
 10
1665.2878393606
 20
2844.2475324197
 30
0.0
 40
1008.614907764571
100
AcDbArc
 50
359.352128956
 51
0.0000279048
  0
ARC
  5
3F6
330
1F
100
AcDbEntity
  8
0
  6
Continuous
 62
     7
370
    25
100
AcDbCircle
 10
2645.0693135868
 20
2833.1681751626
 30
0.0
 40
28.77079292082692
100
AcDbArc
 50
350.9096806744
 51
359.3521744435
  0
ARC
  5
3F7
330
1F
100
AcDbEntity
  8
0
  6
Continuous
 62
     7
370
    25
100
AcDbCircle
 10
2669.6630454878
 20
2829.233151887
 30
0.0
 40
3.864246452105695
100
AcDbArc
 50
319.3053984418
 51
350.9097905326
  0
ARC
  5
3F8
330
1F
100
AcDbEntity
  8
0
  6
Continuous
 62
     7
370
    25
100
AcDbCircle
 10
2670.978699506
 20
2828.1017276943
 30
0.0
 40
2.129004048489226
100
AcDbArc
 50
269.9999897505
 51
319.3053752868
  0
ARC
  5
3F9
330
1F
100
AcDbEntity
  8
0
  6
Continuous
 62
     7
370
    25
100
AcDbCircle
 10
2670.978695275
 20
2828.8923941536
 30
0.0
 40
2.919670507778657
100
AcDbArc
 50
237.5809989722
 51
270.0000755549
  0
ARC
  5
3FA
330
1F
100
AcDbEntity
  8
0
  6
Continuous
 62
     7
370
    25
100
AcDbCircle
 10
2670.5335643534
 20
2828.1914924641
 30
0.0
 40
2.089366517787381
100
AcDbArc
 50
195.9453585924
 51
237.5809772415
  0
ARC
  5
3FB
330
1F
100
AcDbEntity
  8
0
  6
Continuous
 62
     7
370
    25
100
AcDbCircle
 10
2678.3674077669
 20
2830.4297341176
 30
0.0
 40
10.23668683353913
100
AcDbArc
 50
181.5087916209
 51
195.9453919362
  0
ARC
  5
3FC
330
1F
100
AcDbEntity
  8
0
  6
Continuous
 62
     7
370
    25
100
AcDbCircle
 10
2897.7173876297
 20
2836.2070698777
 30
0.0
 40
229.662736504683
100
AcDbArc
 50
180.0000444649
 51
181.5087351379
  0
ARC
  5
3FD
330
1F
100
AcDbEntity
  8
0
  6
Continuous
 62
     7
370
    25
100
AcDbCircle
 10
2375.2045808071
 20
2836.2069120316
 30
0.0
 40
292.8500703180246
100
AcDbArc
 50
359.9999960116
 51
1.2831788808
  0
ARC
  5
3FE
330
1F
100
AcDbEntity
  8
0
  6
Continuous
 62
     7
370
    25
100
AcDbCircle
 10
2660.6976406836
 20
2842.6017949929
 30
0.0
 40
7.285398543424357
100
AcDbArc
 50
1.2831954851
 51
19.6538003095
  0
ARC
  5
3FF
330
1F
100
AcDbEntity
  8
0
  6
Continuous
 62
     7
370
    25
100
AcDbCircle
 10
2665.9577481269
 20
2844.4804040349
 30
0.0
 40
1.699890307986114
100
AcDbArc
 50
19.6537463734
 51
70.9985588465
  0
ARC
  5
400
330
1F
100
AcDbEntity
  8
0
  6
Continuous
 62
     7
370
    25
100
AcDbCircle
 10
2664.3995911251
 20
2839.9555358169
 30
0.0
 40
6.485523561008682
100
AcDbArc
 50
70.9986204968
 51
109.0013795033
  0
ARC
  5
401
330
1F
100
AcDbEntity
  8
0
  6
Continuous
 62
     7
370
    25
100
AcDbCircle
 10
2662.8414341233
 20
2844.4804040349
 30
0.0
 40
1.699890308006044
100
AcDbArc
 50
109.0014411538
 51
160.3462536262
  0
ARC
  5
402
330
1F
100
AcDbEntity
  8
0
  6
Continuous
 62
     7
370
    25
100
AcDbCircle
 10
2668.1015415667
 20
2842.6017949928
 30
0.0
 40
7.285398543508744
100
AcDbArc
 50
160.3461996906
 51
178.7168045148
  0
ARC
  5
403
330
1F
100
AcDbEntity
  8
0
  6
Continuous
 62
     7
370
    25
100
AcDbCircle
 10
2953.5946014044
 20
2836.206912032
 30
0.0
 40
292.8500702792774
100
AcDbArc
 50
178.7168211191
 51
180.0000039885
  0
ARC
  5
404
330
1F
100
AcDbEntity
  8
0
  6
Continuous
 62
     7
370
    25
100
AcDbCircle
 10
2504.5153386649
 20
2836.2068035094
 30
0.0
 40
156.2291924602253
100
AcDbArc
 50
358.0623352329
 51
0.0000323233
  0
ARC
  5
405
330
1F
100
AcDbEntity
  8
0
  6
Continuous
 62
     7
370
    25
100
AcDbCircle
 10
2644.2722407448
 20
2831.4785906337
 30
0.0
 40
16.39233152588047
100
AcDbArc
 50
347.9052588406
 51
358.062416402
  0
ARC
  5
406
330
1F
100
AcDbEntity
  8
0
  6
Continuous
 62
     7
370
    25
100
AcDbCircle
 10
2656.3287013748
 20
2828.8950725303
 30
0.0
 40
4.062173022702298
100
AcDbArc
 50
324.2965517913
 51
347.9051806257
  0
ARC
  5
407
330
1F
100
AcDbEntity
  8
0
  6
Continuous
 62
     7
370
    25
100
AcDbCircle
 10
2658.5514946515
 20
2827.2976283446
 30
0.0
 40
1.324904698759013
100
AcDbArc
 50
270.0000204801
 51
324.2966335747
  0
ARC
  5
408
330
1F
100
AcDbEntity
  8
0
  6
Continuous
 62
     7
370
    25
100
AcDbCircle
 10
2658.5514942351
 20
2827.1988299845
 30
0.0
 40
1.226106338651275
100
AcDbArc
 50
200.4630717403
 51
270.0000415899
  0
ARC
  5
409
330
1F
100
AcDbEntity
  8
0
  6
Continuous
 62
     7
370
    25
100
AcDbCircle
 10
2668.0293243853
 20
2830.735483246
 30
0.0
 40
11.3422904338544
100
AcDbArc
 50
186.8427279184
 51
200.4630654553
  0
ARC
  5
40A
330
1F
100
AcDbEntity
  8
0
  6
Continuous
 62
     7
370
    25
100
AcDbCircle
 10
2703.9019546181
 20
2835.0402033556
 30
0.0
 40
47.47228095481379
100
AcDbArc
 50
180.8862651203
 51
186.8427679135
  0
ARC
  5
40B
330
1F
100
AcDbEntity
  8
0
  6
Continuous
 62
     7
370
    25
100
AcDbCircle
 10
3299.1403233595
 20
2844.2480436367
 30
0.0
 40
642.7818642343791
100
AcDbArc
 50
180.0000017819
 51
180.8862484819
  0
ARC
  5
40C
330
1F
100
AcDbEntity
  8
0
  6
Continuous
 62
     7
370
    25
100
AcDbCircle
 10
3299.1403234311
 20
2844.2480036541
 30
0.0
 40
642.7818643060508
100
AcDbArc
 50
179.1137515181
 51
179.999998218
  0
ARC
  5
40D
330
1F
100
AcDbEntity
  8
0
  6
Continuous
 62
     7
370
    25
100
AcDbCircle
 10
2684.867864503
 20
2797.5869619964
 30
0.0
 40
64.93636164949676
100
AcDbArc
 50
86.7998396746
 51
89.9999447462
  0
ARC
  5
40E
330
1F
100
AcDbEntity
  8
0
  6
Continuous
 62
     7
370
    25
100
AcDbCircle
 10
2688.2114245443
 20
2857.3880022769
 30
0.0
 40
5.041922739140304
100
AcDbArc
 50
66.0375444331
 51
86.7997825951
  0
ARC
  5
40F
330
1F
100
AcDbEntity
  8
0
  6
Continuous
 62
     7
370
    25
100
AcDbCircle
 10
2689.5650824273
 20
2860.4337397648
 30
0.0
 40
1.708920112481727
100
AcDbArc
 50
23.429384753
 51
66.0375108526
  0
ARC
  5
410
330
1F
100
AcDbEntity
  8
0
  6
Continuous
 62
     7
370
    25
100
AcDbCircle
 10
2687.6394741775
 20
2859.5992781281
 30
0.0
 40
3.807560947621723
100
AcDbArc
 50
359.9999626471
 51
23.4294368504
  0
ARC
  5
411
330
1F
100
AcDbEntity
  8
0
  6
Continuous
 62
     7
370
    25
100
AcDbCircle
 10
2686.9932649342
 20
2859.5992776941
 30
0.0
 40
4.453770190846291
100
AcDbArc
 50
341.2434466124
 51
359.9999736501
  0
ARC
  5
412
330
1F
100
AcDbEntity
  8
0
  6
Continuous
 62
     7
370
    25
100
AcDbCircle
 10
2689.5810135409
 20
2858.7205247179
 30
0.0
 40
1.720887162887633
100
AcDbArc
 50
303.1134164096
 51
341.2434652205
  0
ARC
  5
413
330
1F
100
AcDbEntity
  8
0
  6
Continuous
 62
     7
370
    25
100
AcDbCircle
 10
2688.865750475
 20
2859.8171777442
 30
0.0
 40
3.03018052709109
100
AcDbArc
 50
276.7264896226
 51
303.1133843517
  0
ARC
  5
414
330
1F
100
AcDbEntity
  8
0
  6
Continuous
 62
     7
370
    25
100
AcDbCircle
 10
2686.9638389581
 20
2875.943100662
 30
0.0
 40
19.26787301618132
100
AcDbArc
 50
270.000040468
 51
276.7264664072
  0
ARC
  5
415
330
1F
100
AcDbEntity
  8
0
  6
Continuous
 62
     7
370
    25
100
AcDbCircle
 10
2686.963875318
 20
2830.8494944401
 30
0.0
 40
25.82573320573697
100
AcDbArc
 50
90.0000504745
 51
95.6924757959
  0
ARC
  5
416
330
1F
100
AcDbEntity
  8
0
  6
Continuous
 62
     7
370
    25
100
AcDbCircle
 10
2684.5841933321
 20
2854.7225691432
 30
0.0
 40
1.834347623933085
100
AcDbArc
 50
95.6925192217
 51
135.000000576
  0
ARC
  5
417
330
1F
100
AcDbEntity
  8
0
  6
Continuous
 62
     7
370
    25
100
AcDbCircle
 10
2684.390017569
 20
2854.9167450434
 30
0.0
 40
1.559741529325506
100
AcDbArc
 50
135.0000042383
 51
179.0840696303
  0
ARC
  5
418
330
1F
100
AcDbEntity
  8
0
  6
Continuous
 62
     7
370
    25
100
AcDbCircle
 10
2700.3808978317
 20
2854.6610939682
 30
0.0
 40
17.55266524730786
100
AcDbArc
 50
179.0840726501
 51
186.5637863208
  0
ARC
  5
419
330
1F
100
AcDbEntity
  8
0
  6
Continuous
 62
     7
370
    25
100
AcDbCircle
 10
2693.9072565208
 20
2853.9162023203
 30
0.0
 40
11.03630925725754
100
AcDbArc
 50
186.5637248535
 51
197.3111742149
  0
ARC
  5
41A
330
1F
100
AcDbEntity
  8
0
  6
Continuous
 62
     7
370
    25
100
AcDbCircle
 10
2686.3246831171
 20
2851.5528756379
 30
0.0
 40
3.093971287236492
100
AcDbArc
 50
197.3112502769
 51
252.6887497231
  0
ARC
  5
41B
330
1F
100
AcDbEntity
  8
0
  6
Continuous
 62
     7
370
    25
100
AcDbCircle
 10
2688.6880097995
 20
2859.1354490414
 30
0.0
 40
11.03630925713385
100
AcDbArc
 50
252.6888257851
 51
263.4362751466
  0
ARC
  5
41C
330
1F
100
AcDbEntity
  8
0
  6
Continuous
 62
     7
370
    25
100
AcDbCircle
 10
2686.3081398697
 20
2838.4521805532
 30
0.0
 40
9.783426001449573
100
AcDbArc
 50
64.3660596392
 51
83.4362550214
  0
ARC
  5
41D
330
1F
100
AcDbEntity
  8
0
  6
Continuous
 62
     7
370
    25
100
AcDbCircle
 10
2689.8150094572
 20
2845.7604661752
 30
0.0
 40
1.677306520703031
100
AcDbArc
 50
354.4830199547
 51
64.3660994094
  0
ARC
  5
41E
330
1F
100
AcDbEntity
  8
0
  6
Continuous
 62
     7
370
    25
100
AcDbCircle
 10
2689.6702957059
 20
2845.7744465701
 30
0.0
 40
1.822694007303221
100
AcDbArc
 50
288.3381060951
 51
354.4829336098
  0
ARC
  5
41F
330
1F
100
AcDbEntity
  8
0
  6
Continuous
 62
     7
370
    25
100
AcDbCircle
 10
2686.9768976643
 20
2853.9004281267
 30
0.0
 40
10.38341648087258
100
AcDbArc
 50
270.0000110628
 51
288.3380524508
  0
ARC
  5
420
330
1F
100
AcDbEntity
  8
0
  6
Continuous
 62
     7
370
    25
100
AcDbCircle
 10
2686.9769076115
 20
2820.7422321333
 30
0.0
 40
22.77477951255243
100
AcDbArc
 50
90.0000199811
 51
96.8871905852
  0
ARC
  5
421
330
1F
100
AcDbEntity
  8
0
  6
Continuous
 62
     7
370
    25
100
AcDbCircle
 10
2684.4252574403
 20
2841.8675383924
 30
0.0
 40
1.495928905953128
100
AcDbArc
 50
96.8872225509
 51
147.0947789508
  0
ARC
  5
422
330
1F
100
AcDbEntity
  8
0
  6
Continuous
 62
     7
370
    25
100
AcDbCircle
 10
2685.2814836005
 20
2841.3135067065
 30
0.0
 40
2.51576925928903
100
AcDbArc
 50
147.0947128351
 51
181.3665896977
  0
ARC
  5
423
330
1F
100
AcDbEntity
  8
0
  6
Continuous
 62
     7
370
    25
100
AcDbCircle
 10
2764.4967693388
 20
2843.2031377752
 30
0.0
 40
81.753589775566
100
AcDbArc
 50
181.3664987004
 51
184.1383333552
  0
ARC
  5
424
330
1F
100
AcDbEntity
  8
0
  6
Continuous
 62
     7
370
    25
100
AcDbCircle
 10
2752.9884812595
 20
2842.3704615805
 30
0.0
 40
70.21521709304523
100
AcDbArc
 50
184.1383232863
 51
187.2311908761
  0
ARC
  5
425
330
1F
100
AcDbEntity
  8
0
  6
Continuous
 62
     7
370
    25
100
AcDbCircle
 10
2686.2816205725
 20
2833.9065316055
 30
0.0
 40
2.973538252173388
100
AcDbArc
 50
187.2312380705
 51
217.8936413438
  0
ARC
  5
426
330
1F
100
AcDbEntity
  8
0
  6
Continuous
 62
     7
370
    25
100
AcDbCircle
 10
2685.1535543423
 20
2833.0285558834
 30
0.0
 40
1.544071642492668
100
AcDbArc
 50
217.8936071806
 51
266.8876357223
  0
ARC
  5
427
330
1F
100
AcDbEntity
  8
0
  6
Continuous
 62
     7
370
    25
100
AcDbCircle
 10
2685.8204738552
 20
2845.294225866
 30
0.0
 40
13.8278594035172
100
AcDbArc
 50
266.8877189743
 51
276.6694983304
  0
ARC
  5
428
330
1F
100
AcDbEntity
  8
0
  6
Continuous
 62
     7
370
    25
100
AcDbCircle
 10
2689.416566723
 20
2814.5406646788
 30
0.0
 40
17.13523814194442
100
AcDbArc
 50
89.6911179853
 51
96.6694200288
  0
ARC
  5
429
330
1F
100
AcDbEntity
  8
0
  6
Continuous
 62
     7
370
    25
100
AcDbCircle
 10
2689.4973359884
 20
2829.5230067918
 30
0.0
 40
2.15267831839893
100
AcDbArc
 50
57.5287933451
 51
89.69107951
  0
ARC
  5
42A
330
1F
100
AcDbEntity
  8
0
  6
Continuous
 62
     7
370
    25
100
AcDbCircle
 10
2689.9041206493
 20
2830.1622399839
 30
0.0
 40
1.394989177488434
100
AcDbArc
 50
14.5241217559
 51
57.5287821575
  0
ARC
  5
42B
330
1F
100
AcDbEntity
  8
0
  6
Continuous
 62
     7
370
    25
100
AcDbCircle
 10
2685.4232406534
 20
2829.001398516
 30
0.0
 40
6.023794471742093
100
AcDbArc
 50
0.0000412751
 51
14.524068783
  0
ARC
  5
42C
330
1F
100
AcDbEntity
  8
0
  6
Continuous
 62
     7
370
    25
100
AcDbCircle
 10
2687.1205184602
 20
2829.0014030515
 30
0.0
 40
4.326516664850719
100
AcDbArc
 50
338.4533412743
 51
359.9999974039
  0
ARC
  5
42D
330
1F
100
AcDbEntity
  8
0
  6
Continuous
 62
     7
370
    25
100
AcDbCircle
 10
2689.5874299871
 20
2828.0273402986
 30
0.0
 40
1.67426276905129
100
AcDbArc
 50
294.7188882255
 51
338.453311787
  0
ARC
  5
42E
330
1F
100
AcDbEntity
  8
0
  6
Continuous
 62
     7
370
    25
100
AcDbCircle
 10
2688.2788255119
 20
2830.8699849059
 30
0.0
 40
4.803651533003826
100
AcDbArc
 50
273.1440479815
 51
294.718872043
  0
ARC
  5
42F
330
1F
100
AcDbEntity
  8
0
  6
Continuous
 62
     7
370
    25
100
AcDbCircle
 10
2684.867853005
 20
2892.9680756792
 30
0.0
 40
66.9953520333607
100
AcDbArc
 50
270.000063389
 51
273.1440293529
  0
ARC
  5
430
330
1F
100
AcDbEntity
  8
0
  6
Continuous
 62
     7
370
    25
100
AcDbCircle
 10
2716.2916738426
 20
2853.1380798618
 30
0.0
 40
9.341927627636691
100
AcDbArc
 50
98.705191593
 51
116.5360137497
  0
ARC
  5
431
330
1F
100
AcDbEntity
  8
0
  6
Continuous
 62
     7
370
    25
100
AcDbCircle
 10
2716.2321424942
 20
2853.5268342896
 30
0.0
 40
8.948641489349438
100
AcDbArc
 50
80.4725404158
 51
98.7051440562
  0
ARC
  5
432
330
1F
100
AcDbEntity
  8
0
  6
Continuous
 62
     7
370
    25
100
AcDbCircle
 10
2716.698487528
 20
2856.3054743596
 30
0.0
 40
6.131139345828434
100
AcDbArc
 50
56.2682927427
 51
80.4724580359
  0
ARC
  5
433
330
1F
100
AcDbEntity
  8
0
  6
Continuous
 62
     7
370
    25
100
AcDbCircle
 10
2717.2028624094
 20
2857.0608467128
 30
0.0
 40
5.222854471517588
100
AcDbArc
 50
35.6770010414
 51
56.2682925189
  0
ARC
  5
434
330
1F
100
AcDbEntity
  8
0
  6
Continuous
 62
     7
370
    25
100
AcDbCircle
 10
2690.2261464416
 20
2837.6925606933
 30
0.0
 40
38.43239689136517
100
AcDbArc
 50
30.9514134435
 51
35.6769579076
  0
ARC
  5
435
330
1F
100
AcDbEntity
  8
0
  6
Continuous
 62
     7
370
    25
100
AcDbCircle
 10
2688.1072990672
 20
2836.4218874877
 30
0.0
 40
40.90304955647935
100
AcDbArc
 50
26.5374166289
 51
30.9513960049
  0
ARC
  5
436
330
1F
100
AcDbEntity
  8
0
  6
Continuous
 62
     7
370
    25
100
AcDbCircle
 10
2721.5363995795
 20
2853.1162842349
 30
0.0
 40
3.537187545632939
100
AcDbArc
 50
359.9999729607
 51
26.5374777647
  0
ARC
  5
437
330
1F
100
AcDbEntity
  8
0
  6
Continuous
 62
     7
370
    25
100
AcDbCircle
 10
2724.2282732472
 20
2853.1162820215
 30
0.0
 40
0.8453138779260877
100
AcDbArc
 50
278.1419641566
 51
0.0000368835
  0
ARC
  5
438
330
1F
100
AcDbEntity
  8
0
  6
Continuous
 62
     7
370
    25
100
AcDbCircle
 10
2723.6221691889
 20
2857.3527189893
 30
0.0
 40
5.12488865956108
100
AcDbArc
 50
256.2887183219
 51
278.1420061292
  0
ARC
  5
439
330
1F
100
AcDbEntity
  8
0
  6
Continuous
 62
     7
370
    25
100
AcDbCircle
 10
2724.5248909369
 20
2861.0526890807
 30
0.0
 40
8.933390363910814
100
AcDbArc
 50
240.3375175843
 51
256.2887532144
  0
ARC
  5
43A
330
1F
100
AcDbEntity
  8
0
  6
Continuous
 62
     7
370
    25
100
AcDbCircle
 10
2722.6426620409
 20
2857.7477783066
 30
0.0
 40
5.130073279865931
100
AcDbArc
 50
216.1749065891
 51
240.3375966272
  0
ARC
  5
43B
330
1F
100
AcDbEntity
  8
0
  6
Continuous
 62
     7
370
    25
100
AcDbCircle
 10
2714.7190944603
 20
2851.953921689
 30
0.0
 40
4.685816782236707
100
AcDbArc
 50
36.1749972774
 51
51.9916633438
  0
ARC
  5
43C
330
1F
100
AcDbEntity
  8
0
  6
Continuous
 62
     7
370
    25
100
AcDbCircle
 10
2715.3018839671
 20
2852.6996366848
 30
0.0
 40
3.739384288942818
100
AcDbArc
 50
51.9916433647
 51
70.7233561692
  0
ARC
  5
43D
330
1F
100
AcDbEntity
  8
0
  6
Continuous
 62
     7
370
    25
100
AcDbCircle
 10
2715.4199777916
 20
2853.0372959739
 30
0.0
 40
3.381669392870269
100
AcDbArc
 50
70.7233837639
 51
90.5351246514
  0
ARC
  5
43E
330
1F
100
AcDbEntity
  8
0
  6
Continuous
 62
     7
370
    25
100
AcDbCircle
 10
2715.4186519063
 20
2853.1791076181
 30
0.0
 40
3.239851550500294
100
AcDbArc
 50
90.5351004178
 51
110.9936195669
  0
ARC
  5
43F
330
1F
100
AcDbEntity
  8
0
  6
Continuous
 62
     7
370
    25
100
AcDbCircle
 10
2715.1636930007
 20
2853.8435171724
 30
0.0
 40
2.528202690866254
100
AcDbArc
 50
110.9936013665
 51
148.3847932152
  0
ARC
  5
440
330
1F
100
AcDbEntity
  8
0
  6
Continuous
 62
     7
370
    25
100
AcDbCircle
 10
2717.3348593011
 20
2852.5070237932
 30
0.0
 40
5.077747288699945
100
AcDbArc
 50
148.3849038318
 51
170.5872019133
  0
ARC
  5
441
330
1F
100
AcDbEntity
  8
0
  6
Continuous
 62
     7
370
    25
100
AcDbCircle
 10
2730.7536639448
 20
2850.2824667295
 30
0.0
 40
18.67969465653563
100
AcDbArc
 50
170.5871754106
 51
180.5046094854
  0
ARC
  5
442
330
1F
100
AcDbEntity
  8
0
  6
Continuous
 62
     7
370
    25
100
AcDbCircle
 10
2927.6957233425
 20
2852.0167913845
 30
0.0
 40
215.6293903704078
100
AcDbArc
 50
180.504554218
 51
182.1560191823
  0
ARC
  5
443
330
1F
100
AcDbEntity
  8
0
  6
Continuous
 62
     7
370
    25
100
AcDbCircle
 10
2995.3700906926
 20
2854.5648081219
 30
0.0
 40
283.3517085932922
100
AcDbArc
 50
182.1560701933
 51
183.5465071107
  0
ARC
  5
444
330
1F
100
AcDbEntity
  8
0
  6
Continuous
 62
     7
370
    25
100
AcDbCircle
 10
2724.385328105
 20
2837.7698885706
 30
0.0
 40
11.84699246967607
100
AcDbArc
 50
183.5465617826
 51
197.4564564078
  0
ARC
  5
445
330
1F
100
AcDbEntity
  8
0
  6
Continuous
 62
     7
370
    25
100
AcDbCircle
 10
2715.6806623054
 20
2835.0325906509
 30
0.0
 40
2.722081150429867
100
AcDbArc
 50
197.4564842485
 51
234.8367423139
  0
ARC
  5
446
330
1F
100
AcDbEntity
  8
0
  6
Continuous
 62
     7
370
    25
100
AcDbCircle
 10
2716.5247903444
 20
2836.2308485136
 30
0.0
 40
4.187814431658643
100
AcDbArc
 50
234.8367381747
 51
261.9167901453
  0
ARC
  5
447
330
1F
100
AcDbEntity
  8
0
  6
Continuous
 62
     7
370
    25
100
AcDbCircle
 10
2717.1439561192
 20
2840.590438416
 30
0.0
 40
8.591152980244031
100
AcDbArc
 50
261.9167398197
 51
273.3105788188
  0
ARC
  5
448
330
1F
100
AcDbEntity
  8
0
  6
Continuous
 62
     7
370
    25
100
AcDbCircle
 10
2717.5567774816
 20
2833.4537253006
 30
0.0
 40
1.442510062265402
100
AcDbArc
 50
273.3106188744
 51
315.9185236202
  0
ARC
  5
449
330
1F
100
AcDbEntity
  8
0
  6
Continuous
 62
     7
370
    25
100
AcDbCircle
 10
2717.2835539034
 20
2833.718326792
 30
0.0
 40
1.822858682607752
100
AcDbArc
 50
315.9185088162
 51
352.2722422001
  0
ARC
  5
44A
330
1F
100
AcDbEntity
  8
0
  6
Continuous
 62
     7
370
    25
100
AcDbCircle
 10
2704.2912488656
 20
2835.4813892147
 30
0.0
 40
14.93424225949923
100
AcDbArc
 50
352.272150726
 51
0.0000255043
  0
ARC
  5
44B
330
1F
100
AcDbEntity
  8
0
  6
Continuous
 62
     7
370
    25
100
AcDbCircle
 10
2733.3504029556
 20
2835.4813976568
 30
0.0
 40
14.12491183052103
100
AcDbArc
 50
172.4346714346
 51
180.0000072787
  0
ARC
  5
44C
330
1F
100
AcDbEntity
  8
0
  6
Continuous
 62
     7
370
    25
100
AcDbCircle
 10
2721.5237318417
 20
2837.0521320489
 30
0.0
 40
2.194389789705615
100
AcDbArc
 50
142.4965912387
 51
172.4347506373
  0
ARC
  5
44D
330
1F
100
AcDbEntity
  8
0
  6
Continuous
 62
     7
370
    25
100
AcDbCircle
 10
2720.7465242823
 20
2837.6485763399
 30
0.0
 40
1.214697295782009
100
AcDbArc
 50
98.4188727014
 51
142.4965346418
  0
ARC
  5
44E
330
1F
100
AcDbEntity
  8
0
  6
Continuous
 62
     7
370
    25
100
AcDbCircle
 10
2721.078167808
 20
2835.4078256317
 30
0.0
 40
3.479857591318799
100
AcDbArc
 50
78.2967311412
 51
98.4189384253
  0
ARC
  5
44F
330
1F
100
AcDbEntity
  8
0
  6
Continuous
 62
     7
370
    25
100
AcDbCircle
 10
2721.3176583861
 20
2836.5639599223
 30
0.0
 40
2.29917887341623
100
AcDbArc
 50
23.0315296429
 51
78.296679573
  0
ARC
  5
450
330
1F
100
AcDbEntity
  8
0
  6
Continuous
 62
     7
370
    25
100
AcDbCircle
 10
2715.9585036361
 20
2834.2856610393
 30
0.0
 40
8.122510002147012
100
AcDbArc
 50
1.3778281341
 51
23.0314734937
  0
ARC
  5
451
330
1F
100
AcDbEntity
  8
0
  6
Continuous
 62
     7
370
    25
100
AcDbCircle
 10
2712.7414047662
 20
2834.2083046723
 30
0.0
 40
11.34053876923284
100
AcDbArc
 50
343.2510134706
 51
1.3777161237
  0
ARC
  5
452
330
1F
100
AcDbEntity
  8
0
  6
Continuous
 62
     7
370
    25
100
AcDbCircle
 10
2715.6700708597
 20
2833.3269460098
 30
0.0
 40
8.282127714592947
100
AcDbArc
 50
320.3098495549
 51
343.2509254282
  0
ARC
  5
453
330
1F
100
AcDbEntity
  8
0
  6
Continuous
 62
     7
370
    25
100
AcDbCircle
 10
2718.4047736351
 20
2831.0573441159
 30
0.0
 40
4.728299915433244
100
AcDbArc
 50
285.9465650211
 51
320.3098676393
  0
ARC
  5
454
330
1F
100
AcDbEntity
  8
0
  6
Continuous
 62
     7
370
    25
100
AcDbCircle
 10
2716.3781052491
 20
2838.1501023304
 30
0.0
 40
12.10492542007222
100
AcDbArc
 50
268.9096477128
 51
285.9466082377
  0
ARC
  5
455
330
1F
100
AcDbEntity
  8
0
  6
Continuous
 62
     7
370
    25
100
AcDbCircle
 10
2716.3929529704
 20
2838.9306210284
 30
0.0
 40
12.88558532850052
100
AcDbArc
 50
252.3546160776
 51
268.9096811805
  0
ARC
  5
456
330
1F
100
AcDbEntity
  8
0
  6
Continuous
 62
     7
370
    25
100
AcDbCircle
 10
2714.4831113196
 20
2832.9265353393
 30
0.0
 40
6.585066294888622
100
AcDbArc
 50
224.9999969177
 51
252.3545975553
  0
ARC
  5
457
330
1F
100
AcDbEntity
  8
0
  6
Continuous
 62
     7
370
    25
100
AcDbCircle
 10
2714.8577800995
 20
2833.3012096892
 30
0.0
 40
7.114931903369464
100
AcDbArc
 50
184.5431937473
 51
225.000028864
  0
ARC
  5
458
330
1F
100
AcDbEntity
  8
0
  6
Continuous
 62
     7
370
    25
100
AcDbCircle
 10
2841.8838353005
 20
2843.3948899398
 30
0.0
 40
134.5413855185808
100
AcDbArc
 50
179.7783114191
 51
184.5432584826
  0
ARC
  5
459
330
1F
100
AcDbEntity
  8
0
  6
Continuous
 62
     7
370
    25
100
AcDbCircle
 10
2837.97407724
 20
2843.4101724033
 30
0.0
 40
130.6315975932543
100
AcDbArc
 50
174.8704856543
 51
179.7783793013
  0
ARC
  5
45A
330
1F
100
AcDbEntity
  8
0
  6
Continuous
 62
     7
370
    25
100
AcDbCircle
 10
2716.0173320104
 20
2854.357843634
 30
0.0
 40
8.184469360846796
100
AcDbArc
 50
137.8553504679
 51
174.8704557754
  0
ARC
  5
45B
330
1F
100
AcDbEntity
  8
0
  6
Continuous
 62
     7
370
    25
100
AcDbCircle
 10
2715.406551221
 20
2854.9105836968
 30
0.0
 40
7.360712873970813
100
AcDbArc
 50
116.5360604222
 51
137.8553048175
  0
ARC
  5
45C
330
1F
100
AcDbEntity
  8
0
  6
Continuous
 62
     7
370
    25
100
AcDbCircle
 10
2756.831068663
 20
2855.3278721292
 30
0.0
 40
28.77079292041256
100
AcDbArc
 50
170.9096806744
 51
179.3521744436
  0
ARC
  5
45D
330
1F
100
AcDbEntity
  8
0
  6
Continuous
 62
     7
370
    25
100
AcDbCircle
 10
2732.2373367624
 20
2859.2628954046
 30
0.0
 40
3.864246452163832
100
AcDbArc
 50
139.3053984419
 51
170.9097905323
  0
ARC
  5
45E
330
1F
100
AcDbEntity
  8
0
  6
Continuous
 62
     7
370
    25
100
AcDbCircle
 10
2730.9216827442
 20
2860.3943195974
 30
0.0
 40
2.129004048478014
100
AcDbArc
 50
89.9999897502
 51
139.3053752871
  0
ARC
  5
45F
330
1F
100
AcDbEntity
  8
0
  6
Continuous
 62
     7
370
    25
100
AcDbCircle
 10
2730.9216832159
 20
2858.2500715315
 30
0.0
 40
4.273252114345724
100
AcDbArc
 50
69.9417007808
 51
90.000001217
  0
ARC
  5
460
330
1F
100
AcDbEntity
  8
0
  6
Continuous
 62
     7
370
    25
100
AcDbCircle
 10
2731.81005093
 20
2860.6831445102
 30
0.0
 40
1.683070399620396
100
AcDbArc
 50
29.7449155794
 51
69.9416011262
  0
ARC
  5
461
330
1F
100
AcDbEntity
  8
0
  6
Continuous
 62
     7
370
    25
100
AcDbCircle
 10
2730.1832930943
 20
2859.753568098
 30
0.0
 40
3.556690788670661
100
AcDbArc
 50
5.1589247815
 51
29.7449045994
  0
ARC
  5
462
330
1F
100
AcDbEntity
  8
0
  6
Continuous
 62
     7
370
    25
100
AcDbCircle
 10
2704.1841920811
 20
2857.4062613561
 30
0.0
 40
29.66153904402766
100
AcDbArc
 50
359.9999580634
 51
5.1589152432
  0
ARC
  5
463
330
1F
100
AcDbEntity
  8
0
  6
Continuous
 62
     7
370
    25
100
AcDbCircle
 10
2767.9510412639
 20
2857.4062418574
 30
0.0
 40
34.10531013877072
100
AcDbArc
 50
180.0000037153
 51
184.8927781906
  0
ARC
  5
464
330
1F
100
AcDbEntity
  8
0
  6
Continuous
 62
     7
370
    25
100
AcDbCircle
 10
2736.5997019646
 20
2854.7224618787
 30
0.0
 40
2.639310220905307
100
AcDbArc
 50
184.8927189239
 51
216.7061972339
  0
ARC
  5
465
330
1F
100
AcDbEntity
  8
0
  6
Continuous
 62
     7
370
    25
100
AcDbCircle
 10
2735.8615625451
 20
2854.1721449379
 30
0.0
 40
1.718604764239229
100
AcDbArc
 50
216.7061820566
 51
259.5592960782
  0
ARC
  5
466
330
1F
100
AcDbEntity
  8
0
  6
Continuous
 62
     7
370
    25
100
AcDbCircle
 10
2737.6607476287
 20
2863.935973487
 30
0.0
 40
11.64681784113304
100
AcDbArc
 50
259.5592175661
 51
269.9999886565
  0
ARC
  5
467
330
1F
100
AcDbEntity
  8
0
  6
Continuous
 62
     7
370
    25
100
AcDbCircle
 10
2737.6607625659
 20
2866.2662957463
 30
0.0
 40
13.97714010047068
100
AcDbArc
 50
269.9999293166
 51
278.9429256364
  0
ARC
  5
468
330
1F
100
AcDbEntity
  8
0
  6
Continuous
 62
     7
370
    25
100
AcDbCircle
 10
2739.6190005438
 20
2853.822246308
 30
0.0
 40
1.379955399082324
100
AcDbArc
 50
278.9429628505
 51
327.8382727374
  0
ARC
  5
469
330
1F
100
AcDbEntity
  8
0
  6
Continuous
 62
     7
370
    25
100
AcDbCircle
 10
2738.9063342438
 20
2854.2703720551
 30
0.0
 40
2.221804518832213
100
AcDbArc
 50
327.8382643951
 51
2.6679351162
  0
ARC
  5
46A
330
1F
100
AcDbEntity
  8
0
  6
Continuous
 62
     7
370
    25
100
AcDbCircle
 10
2697.4831204887
 20
2852.3401119278
 30
0.0
 40
43.68996751110447
100
AcDbArc
 50
2.6679664202
 51
6.6587870055
  0
ARC
  5
46B
330
1F
100
AcDbEntity
  8
0
  6
Continuous
 62
     7
370
    25
100
AcDbCircle
 10
2776.6719383009
 20
2861.5849580026
 30
0.0
 40
36.0366657141646
100
AcDbArc
 50
182.3500275401
 51
186.6588499577
  0
ARC
  5
46C
330
1F
100
AcDbEntity
  8
0
  6
Continuous
 62
     7
370
    25
100
AcDbCircle
 10
2744.1301475078
 20
2860.2494840649
 30
0.0
 40
3.467483368576847
100
AcDbArc
 50
158.3314924877
 51
182.3500266804
  0
ARC
  5
46D
330
1F
100
AcDbEntity
  8
0
  6
Continuous
 62
     7
370
    25
100
AcDbCircle
 10
2742.1406233584
 20
2861.0399434002
 30
0.0
 40
1.326681579088079
100
AcDbArc
 50
112.9815068874
 51
158.3314103731
  0
ARC
  5
46E
330
1F
100
AcDbEntity
  8
0
  6
Continuous
 62
     7
370
    25
100
AcDbCircle
 10
2742.9114495717
 20
2859.2223830104
 30
0.0
 40
3.30094063543894
100
AcDbArc
 50
89.9999750989
 51
112.9816643444
  0
ARC
  5
46F
330
1F
100
AcDbEntity
  8
0
  6
Continuous
 62
     7
370
    25
100
AcDbCircle
 10
2742.9114491664
 20
2860.8341128454
 30
0.0
 40
1.689210800403181
100
AcDbArc
 50
32.5249527454
 51
89.9999375933
  0
ARC
  5
470
330
1F
100
AcDbEntity
  8
0
  6
Continuous
 62
     7
370
    25
100
AcDbCircle
 10
2739.804383271
 20
2858.8527964767
 30
0.0
 40
5.374244454444742
100
AcDbArc
 50
8.1906540653
 51
32.5249008053
  0
ARC
  5
471
330
1F
100
AcDbEntity
  8
0
  6
Continuous
 62
     7
370
    25
100
AcDbCircle
 10
2710.9679725852
 20
2854.7021929634
 30
0.0
 40
34.50783487455893
100
AcDbArc
 50
0.7247006545
 51
8.1906779529
  0
ARC
  5
472
330
1F
100
AcDbEntity
  8
0
  6
Continuous
 62
     7
370
    25
100
AcDbCircle
 10
1884.4608277873
 20
2844.2477914521
 30
0.0
 40
861.0810953378381
100
AcDbArc
 50
0.00001545
 51
0.7246900542
  0
ARC
  5
473
330
1F
100
AcDbEntity
  8
0
  6
Continuous
 62
     7
370
    25
100
AcDbCircle
 10
1921.1216749743
 20
2844.2483226908
 30
0.0
 40
824.4202481508154
100
AcDbArc
 50
359.2528448987
 51
359.9999792169
  0
ARC
  5
474
330
1F
100
AcDbEntity
  8
0
  6
Continuous
 62
     7
370
    25
100
AcDbCircle
 10
2709.2517460342
 20
2833.9702903382
 30
0.0
 40
36.22316184697218
100
AcDbArc
 50
352.031816761
 51
359.2528198316
  0
ARC
  5
475
330
1F
100
AcDbEntity
  8
0
  6
Continuous
 62
     7
370
    25
100
AcDbCircle
 10
2739.2371758238
 20
2829.7730971137
 30
0.0
 40
5.945407131160891
100
AcDbArc
 50
329.5411628979
 51
352.0317650734
  0
ARC
  5
476
330
1F
100
AcDbEntity
  8
0
  6
Continuous
 62
     7
370
    25
100
AcDbCircle
 10
2742.9813186704
 20
2827.5712496982
 30
0.0
 40
1.601821320185912
100
AcDbArc
 50
270.0737722607
 51
329.541175876
  0
ARC
  5
477
330
1F
100
AcDbEntity
  8
0
  6
Continuous
 62
     7
370
    25
100
AcDbCircle
 10
2742.9808451504
 20
2827.9401911793
 30
0.0
 40
1.970763105183853
100
AcDbArc
 50
228.5571748305
 51
270.073728134
  0
ARC
  5
478
330
1F
100
AcDbEntity
  8
0
  6
Continuous
 62
     7
370
    25
100
AcDbCircle
 10
2743.1922851507
 20
2828.1796644019
 30
0.0
 40
2.290222489201015
100
AcDbArc
 50
191.451031131
 51
228.55721925
  0
ARC
  5
479
330
1F
100
AcDbEntity
  8
0
  6
Continuous
 62
     7
370
    25
100
AcDbCircle
 10
2752.7268526568
 20
2830.1110126187
 30
0.0
 40
12.01843319125316
100
AcDbArc
 50
178.8077088688
 51
191.4510463434
  0
ARC
  5
47A
330
1F
100
AcDbEntity
  8
0
  6
Continuous
 62
     7
370
    25
100
AcDbCircle
 10
2960.6424266304
 20
2825.7835859311
 30
0.0
 40
219.9790364855023
100
AcDbArc
 50
177.2849859072
 51
178.8076561387
  0
ARC
  5
47B
330
1F
100
AcDbEntity
  8
0
  6
Continuous
 62
     7
370
    25
100
AcDbCircle
 10
2402.3270320359
 20
2852.2600747659
 30
0.0
 40
338.9637909148323
100
AcDbArc
 50
357.2849230887
 51
358.4250996944
  0
ARC
  5
47C
330
1F
100
AcDbEntity
  8
0
  6
Continuous
 62
     7
370
    25
100
AcDbCircle
 10
2734.6049024768
 20
2843.1244006079
 30
0.0
 40
6.560355723406168
100
AcDbArc
 50
358.4249807164
 51
17.8135513421
  0
ARC
  5
47D
330
1F
100
AcDbEntity
  8
0
  6
Continuous
 62
     7
370
    25
100
AcDbCircle
 10
2739.4110745115
 20
2844.6687489515
 30
0.0
 40
1.512157883264125
100
AcDbArc
 50
17.813504074
 51
73.4642553857
  0
ARC
  5
47E
330
1F
100
AcDbEntity
  8
0
  6
Continuous
 62
     7
370
    25
100
AcDbCircle
 10
2737.6207599457
 20
2838.6385493413
 30
0.0
 40
7.802510304518198
100
AcDbArc
 50
73.4642890925
 51
89.9999749827
  0
ARC
  5
47F
330
1F
100
AcDbEntity
  8
0
  6
Continuous
 62
     7
370
    25
100
AcDbCircle
 10
2737.620770281
 20
2839.0874676179
 30
0.0
 40
7.353592027995172
100
AcDbArc
 50
90.0000539832
 51
107.4599734754
  0
ARC
  5
480
330
1F
100
AcDbEntity
  8
0
  6
Continuous
 62
     7
370
    25
100
AcDbCircle
 10
2735.9166916664
 20
2844.5053085029
 30
0.0
 40
1.674077631443833
100
AcDbArc
 50
107.4599678899
 51
159.7527102371
  0
ARC
  5
481
330
1F
100
AcDbEntity
  8
0
  6
Continuous
 62
     7
370
    25
100
AcDbCircle
 10
2740.8644625892
 20
2842.6802456578
 30
0.0
 40
6.947718830180206
100
AcDbArc
 50
159.7527127552
 51
178.7430182333
  0
ARC
  5
482
330
1F
100
AcDbEntity
  8
0
  6
Continuous
 62
     7
370
    25
100
AcDbCircle
 10
3035.8677056921
 20
2836.2069962881
 30
0.0
 40
302.0219745670337
100
AcDbArc
 50
178.7429630552
 51
180.0000198514
  0
ARC
  5
483
330
1F
100
AcDbEntity
  8
0
  6
Continuous
 62
     7
370
    25
100
AcDbCircle
 10
2504.1829946109
 20
2836.2070698778
 30
0.0
 40
229.6627365142313
100
AcDbArc
 50
358.4912648622
 51
359.9999555351
  0
ARC
  5
484
330
1F
100
AcDbEntity
  8
0
  6
Continuous
 62
     7
370
    25
100
AcDbCircle
 10
2723.5329744835
 20
2830.4297341176
 30
0.0
 40
10.23668683332831
100
AcDbArc
 50
344.0546080635
 51
358.4912083792
  0
ARC
  5
485
330
1F
100
AcDbEntity
  8
0
  6
Continuous
 62
     7
370
    25
100
AcDbCircle
 10
2731.3668178968
 20
2828.191492464
 30
0.0
 40
2.089366517758239
100
AcDbArc
 50
302.4190227583
 51
344.054641408
  0
ARC
  5
486
330
1F
100
AcDbEntity
  8
0
  6
Continuous
 62
     7
370
    25
100
AcDbCircle
 10
2730.9216869752
 20
2828.8923941536
 30
0.0
 40
2.919670507750608
100
AcDbArc
 50
269.9999244452
 51
302.4190010281
  0
ARC
  5
487
330
1F
100
AcDbEntity
  8
0
  6
Continuous
 62
     7
370
    25
100
AcDbCircle
 10
2730.9216827442
 20
2828.1017276943
 30
0.0
 40
2.129004048486002
100
AcDbArc
 50
220.694624713
 51
270.0000102497
  0
ARC
  5
488
330
1F
100
AcDbEntity
  8
0
  6
Continuous
 62
     7
370
    25
100
AcDbCircle
 10
2732.2373367625
 20
2829.2331518871
 30
0.0
 40
3.864246452249373
100
AcDbArc
 50
189.090209468
 51
220.6946015576
  0
ARC
  5
489
330
1F
100
AcDbEntity
  8
0
  6
Continuous
 62
     7
370
    25
100
AcDbCircle
 10
2756.8310686635
 20
2833.1681751626
 30
0.0
 40
28.77079292089589
100
AcDbArc
 50
180.6478255566
 51
189.0903193256
  0
ARC
  5
48A
330
1F
100
AcDbEntity
  8
0
  6
Continuous
 62
     7
370
    25
100
AcDbCircle
 10
3736.6125429257
 20
2844.2475324199
 30
0.0
 40
1008.614907800767
100
AcDbArc
 50
179.9999720952
 51
180.647871044
  0
ARC
  5
48B
330
1F
100
AcDbEntity
  8
0
  6
Continuous
 62
     7
370
    25
100
AcDbCircle
 10
3736.6125429325
 20
2844.2485148717
 30
0.0
 40
1008.614907807553
100
AcDbArc
 50
179.352128956
 51
180.0000279048
  0
ARC
  5
48C
330
1F
100
AcDbEntity
  8
0
  6
Continuous
 62
     7
370
    25
100
AcDbCircle
 10
2519.8639790861
 20
2844.2279164706
 30
0.0
 40
242.4912200390293
100
AcDbArc
 50
0.0000200263
 51
1.5316280025
  0
ARC
  5
48D
330
1F
100
AcDbEntity
  8
0
  6
Continuous
 62
     7
370
    25
100
AcDbCircle
 10
2744.5303192739
 20
2850.235117682
 30
0.0
 40
17.74458295680676
100
AcDbArc
 50
1.5316263545
 51
11.8928058734
  0
ARC
  5
48E
330
1F
100
AcDbEntity
  8
0
  6
Continuous
 62
     7
370
    25
100
AcDbCircle
 10
2757.7967251849
 20
2853.0290459551
 30
0.0
 40
4.187165762069799
100
AcDbArc
 50
11.892836246
 51
37.5353927434
  0
ARC
  5
48F
330
1F
100
AcDbEntity
  8
0
  6
Continuous
 62
     7
370
    25
100
AcDbCircle
 10
2759.3773519592
 20
2854.2434548252
 30
0.0
 40
2.193884571800054
100
AcDbArc
 50
37.5354076209
 51
79.099190676
  0
ARC
  5
490
330
1F
100
AcDbEntity
  8
0
  6
Continuous
 62
     7
370
    25
100
AcDbCircle
 10
2759.2632088823
 20
2853.6507227826
 30
0.0
 40
2.797506900940525
100
AcDbArc
 50
79.099347676
 51
123.8273750085
  0
ARC
  5
491
330
1F
100
AcDbEntity
  8
0
  6
Continuous
 62
     7
370
    25
100
AcDbCircle
 10
2759.4539613315
 20
2853.3660805616
 30
0.0
 40
3.140154957793814
100
AcDbArc
 50
123.8274368905
 51
164.8588481222
  0
ARC
  5
492
330
1F
100
AcDbEntity
  8
0
  6
Continuous
 62
     7
370
    25
100
AcDbCircle
 10
2770.8467523008
 20
2850.2833007346
 30
0.0
 40
14.94266390846812
100
AcDbArc
 50
164.8588897127
 51
180.0020895542
  0
ARC
  5
493
330
1F
100
AcDbEntity
  8
0
  6
Continuous
 62
     7
370
    25
100
AcDbCircle
 10
2932.5167343349
 20
2850.2892338995
 30
0.0
 40
176.6126460514237
100
AcDbArc
 50
180.0021015982
 51
182.4819953281
  0
ARC
  5
494
330
1F
100
AcDbEntity
  8
0
  6
Continuous
 62
     7
370
    25
100
AcDbCircle
 10
2955.6825542657
 20
2851.293608216
 30
0.0
 40
199.8002285211605
100
AcDbArc
 50
182.482060133
 51
184.1594214237
  0
ARC
  5
495
330
1F
100
AcDbEntity
  8
0
  6
Continuous
 62
     7
370
    25
100
AcDbCircle
 10
2766.9270468285
 20
2837.5666716253
 30
0.0
 40
10.54624474263464
100
AcDbArc
 50
184.1594495657
 51
198.4264337173
  0
ARC
  5
496
330
1F
100
AcDbEntity
  8
0
  6
Continuous
 62
     7
370
    25
100
AcDbCircle
 10
2759.1305501079
 20
2834.9691285339
 30
0.0
 40
2.328423180530195
100
AcDbArc
 50
198.4264752771
 51
237.0594177839
  0
ARC
  5
497
330
1F
100
AcDbEntity
  8
0
  6
Continuous
 62
     7
370
    25
100
AcDbCircle
 10
2759.4311496782
 20
2835.4330540755
 30
0.0
 40
2.881222429654458
100
AcDbArc
 50
237.0593118786
 51
270.0000287729
  0
ARC
  5
498
330
1F
100
AcDbEntity
  8
0
  6
Continuous
 62
     7
370
    25
100
AcDbCircle
 10
2759.4311501418
 20
2835.2436502294
 30
0.0
 40
2.691818583542224
100
AcDbArc
 50
270.0000209287
 51
305.8425088395
  0
ARC
  5
499
330
1F
100
AcDbEntity
  8
0
  6
Continuous
 62
     7
370
    25
100
AcDbCircle
 10
2759.6507164693
 20
2834.9396850385
 30
0.0
 40
2.316846305389294
100
AcDbArc
 50
305.8425747796
 51
345.9405937981
  0
ARC
  5
49A
330
1F
100
AcDbEntity
  8
0
  6
Continuous
 62
     7
370
    25
100
AcDbCircle
 10
2749.4366308769
 20
2837.4975851486
 30
0.0
 40
12.84634759753428
100
AcDbArc
 50
345.9406327986
 51
358.7704067031
  0
ARC
  5
49B
330
1F
100
AcDbEntity
  8
0
  6
Continuous
 62
     7
370
    25
100
AcDbCircle
 10
2435.8552761478
 20
2844.2280617122
 30
0.0
 40
326.4999229772503
100
AcDbArc
 50
358.7704337542
 51
359.9999893858
  0
ARC
  5
49C
330
1F
100
AcDbEntity
  8
0
  6
Continuous
 62
     7
370
    25
100
AcDbCircle
 10
2759.5434513666
 20
2855.5589174479
 30
0.0
 40
6.847305107404237
100
AcDbArc
 50
96.8987003245
 51
124.1349044154
  0
ARC
  5
49D
330
1F
100
AcDbEntity
  8
0
  6
Continuous
 62
     7
370
    25
100
AcDbCircle
 10
2759.4829666937
 20
2856.0588501659
 30
0.0
 40
6.343726793520546
100
AcDbArc
 50
68.3781212173
 51
96.8987211908
  0
ARC
  5
49E
330
1F
100
AcDbEntity
  8
0
  6
Continuous
 62
     7
370
    25
100
AcDbCircle
 10
2758.1931198385
 20
2852.8047119573
 30
0.0
 40
9.8441725352187
100
AcDbArc
 50
47.855234514
 51
68.3780954041
  0
ARC
  5
49F
330
1F
100
AcDbEntity
  8
0
  6
Continuous
 62
     7
370
    25
100
AcDbCircle
 10
2761.0079536743
 20
2855.9150442154
 30
0.0
 40
5.649240321351761
100
AcDbArc
 50
23.6579864022
 51
47.8553525819
  0
ARC
  5
4A0
330
1F
100
AcDbEntity
  8
0
  6
Continuous
 62
     7
370
    25
100
AcDbCircle
 10
2756.0119136422
 20
2853.7263257624
 30
0.0
 40
11.10367929053889
100
AcDbArc
 50
9.0628672103
 51
23.6578833997
  0
ARC
  5
4A1
330
1F
100
AcDbEntity
  8
0
  6
Continuous
 62
     7
370
    25
100
AcDbCircle
 10
2734.8490847323
 20
2850.3506426224
 30
0.0
 40
32.53404475953205
100
AcDbArc
 50
1.4574908071
 51
9.0628897774
  0
ARC
  5
4A2
330
1F
100
AcDbEntity
  8
0
  6
Continuous
 62
     7
370
    25
100
AcDbCircle
 10
2459.4042619125
 20
2843.3419507433
 30
0.0
 40
308.0680212126156
100
AcDbArc
 50
359.9999822532
 51
1.4575672313
  0
ARC
  5
4A3
330
1F
100
AcDbEntity
  8
0
  6
Continuous
 62
     7
370
    25
100
AcDbCircle
 10
2351.1707752427
 20
2843.3415739221
 30
0.0
 40
416.3015078824438
100
AcDbArc
 50
358.8369443905
 51
0.0000387293
  0
ARC
  5
4A4
330
1F
100
AcDbEntity
  8
0
  6
Continuous
 62
     7
370
    25
100
AcDbCircle
 10
2744.033040356
 20
2835.3656679789
 30
0.0
 40
23.35828752423296
100
AcDbArc
 50
349.3577096005
 51
358.8370436016
  0
ARC
  5
4A5
330
1F
100
AcDbEntity
  8
0
  6
Continuous
 62
     7
370
    25
100
AcDbCircle
 10
2761.198100524
 20
2832.1401998574
 30
0.0
 40
5.892809140409905
100
AcDbArc
 50
326.3084029246
 51
349.357702282
  0
ARC
  5
4A6
330
1F
100
AcDbEntity
  8
0
  6
Continuous
 62
     7
370
    25
100
AcDbCircle
 10
2762.3468100143
 20
2831.3743502281
 30
0.0
 40
4.512208130772096
100
AcDbArc
 50
298.1550018062
 51
326.3083924322
  0
ARC
  5
4A7
330
1F
100
AcDbEntity
  8
0
  6
Continuous
 62
     7
370
    25
100
AcDbCircle
 10
2759.3502436529
 20
2836.9734819282
 30
0.0
 40
10.86277391294603
100
AcDbArc
 50
278.0425622293
 51
298.1549903774
  0
ARC
  5
4A8
330
1F
100
AcDbEntity
  8
0
  6
Continuous
 62
     7
370
    25
100
AcDbCircle
 10
2759.4541289454
 20
2836.2381119197
 30
0.0
 40
10.12010224728114
100
AcDbArc
 50
256.83340992
 51
278.0426818629
  0
ARC
  5
4A9
330
1F
100
AcDbEntity
  8
0
  6
Continuous
 62
     7
370
    25
100
AcDbCircle
 10
2759.1786592636
 20
2835.0605778055
 30
0.0
 40
8.91077593243368
100
AcDbArc
 50
234.063461896
 51
256.8334466028
  0
ARC
  5
4AA
330
1F
100
AcDbEntity
  8
0
  6
Continuous
 62
     7
370
    25
100
AcDbCircle
 10
2758.0452992738
 20
2833.4969965015
 30
0.0
 40
6.979638609287746
100
AcDbArc
 50
206.7194508534
 51
234.0634325515
  0
ARC
  5
4AB
330
1F
100
AcDbEntity
  8
0
  6
Continuous
 62
     7
370
    25
100
AcDbCircle
 10
2759.1061621298
 20
2834.0309979599
 30
0.0
 40
8.167320198309909
100
AcDbArc
 50
191.312666705
 51
206.7193988868
  0
ARC
  5
4AC
330
1F
100
AcDbEntity
  8
0
  6
Continuous
 62
     7
370
    25
100
AcDbCircle
 10
2804.9971330455
 20
2843.2114060109
 30
0.0
 40
54.96754566324344
100
AcDbArc
 50
187.5428792802
 51
191.3126015649
  0
ARC
  5
4AD
330
1F
100
AcDbEntity
  8
0
  6
Continuous
 62
     7
370
    25
100
AcDbCircle
 10
2813.232527361
 20
2844.3018997941
 30
0.0
 40
63.27482537582607
100
AcDbArc
 50
183.7479652696
 51
187.5428908313
  0
ARC
  5
4AE
330
1F
100
AcDbEntity
  8
0
  6
Continuous
 62
     7
370
    25
100
AcDbCircle
 10
2817.1035337681
 20
2844.5554955094
 30
0.0
 40
67.1541296163592
100
AcDbArc
 50
180.1187080682
 51
183.7479777091
  0
ARC
  5
4AF
330
1F
100
AcDbEntity
  8
0
  6
Continuous
 62
     7
370
    25
100
AcDbCircle
 10
2860.850481134
 20
2844.6461761967
 30
0.0
 40
110.9011709656787
100
AcDbArc
 50
177.2829634144
 51
180.1187305893
  0
ARC
  5
4B0
330
1F
100
AcDbEntity
  8
0
  6
Continuous
 62
     7
370
    25
100
AcDbCircle
 10
2772.7239589957
 20
2848.8283731433
 30
0.0
 40
22.6754679336958
100
AcDbArc
 50
168.082064773
 51
177.2829459431
  0
ARC
  5
4B1
330
1F
100
AcDbEntity
  8
0
  6
Continuous
 62
     7
370
    25
100
AcDbCircle
 10
2762.6581401544
 20
2850.9528639646
 30
0.0
 40
12.38789435214918
100
AcDbArc
 50
154.8257862023
 51
168.0820605018
  0
ARC
  5
4B2
330
1F
100
AcDbEntity
  8
0
  6
Continuous
 62
     7
370
    25
100
AcDbCircle
 10
2762.9368307446
 20
2850.821879575
 30
0.0
 40
12.69583161092069
100
AcDbArc
 50
141.8114379093
 51
154.8258036876
  0
ARC
  5
4B3
330
1F
100
AcDbEntity
  8
0
  6
Continuous
 62
     7
370
    25
100
AcDbCircle
 10
2762.546953774
 20
2851.1285580306
 30
0.0
 40
12.19979156483046
100
AcDbArc
 50
124.1348491893
 51
141.8114435948
  0
ARC
  5
4B4
330
1F
100
AcDbEntity
  8
0
  6
Continuous
 62
     7
370
    25
100
AcDbCircle
 10
2780.5037777703
 20
2856.0963108633
 30
0.0
 40
6.303186295952688
100
AcDbArc
 50
93.2621206777
 51
119.0755389654
  0
ARC
  5
4B5
330
1F
100
AcDbEntity
  8
0
  6
Continuous
 62
     7
370
    25
100
AcDbCircle
 10
2780.5319377591
 20
2855.6023435232
 30
0.0
 40
6.797955654351056
100
AcDbArc
 50
68.6111689468
 51
93.2621682684
  0
ARC
  5
4B6
330
1F
100
AcDbEntity
  8
0
  6
Continuous
 62
     7
370
    25
100
AcDbCircle
 10
2777.5282578562
 20
2847.9334379904
 30
0.0
 40
15.03410797388829
100
AcDbArc
 50
54.9915410545
 51
68.6111934675
  0
ARC
  5
4B7
330
1F
100
AcDbEntity
  8
0
  6
Continuous
 62
     7
370
    25
100
AcDbCircle
 10
2780.8673177064
 20
2852.7005957174
 30
0.0
 40
9.213874861906374
100
AcDbArc
 50
34.2457256124
 51
54.9915975378
  0
ARC
  5
4B8
330
1F
100
AcDbEntity
  8
0
  6
Continuous
 62
     7
370
    25
100
AcDbCircle
 10
2784.1987833904
 20
2854.9685394693
 30
0.0
 40
5.18370954703218
100
AcDbArc
 50
2.340822481
 51
34.2457873714
  0
ARC
  5
4B9
330
1F
100
AcDbEntity
  8
0
  6
Continuous
 62
     7
370
    25
100
AcDbCircle
 10
2786.6828474416
 20
2855.0700858005
 30
0.0
 40
2.697570800328699
100
AcDbArc
 50
314.4033741397
 51
2.340753639
  0
ARC
  5
4BA
330
1F
100
AcDbEntity
  8
0
  6
Continuous
 62
     7
370
    25
100
AcDbCircle
 10
2786.4785941319
 20
2855.2786444729
 30
0.0
 40
2.989488827082079
100
AcDbArc
 50
270.000019036
 51
314.4032852316
  0
ARC
  5
4BB
330
1F
100
AcDbEntity
  8
0
  6
Continuous
 62
     7
370
    25
100
AcDbCircle
 10
2786.4785984299
 20
2856.2395266136
 30
0.0
 40
3.950370967747022
100
AcDbArc
 50
253.4556024999
 51
269.9999520668
  0
ARC
  5
4BC
330
1F
100
AcDbEntity
  8
0
  6
Continuous
 62
     7
370
    25
100
AcDbCircle
 10
2786.2084904689
 20
2855.3302592516
 30
0.0
 40
3.001832383294332
100
AcDbArc
 50
233.1301723108
 51
253.4556779771
  0
ARC
  5
4BD
330
1F
100
AcDbEntity
  8
0
  6
Continuous
 62
     7
370
    25
100
AcDbCircle
 10
2785.8166076605
 20
2854.8077409408
 30
0.0
 40
2.348688049599436
100
AcDbArc
 50
209.802211268
 51
233.1300761389
  0
ARC
  5
4BE
330
1F
100
AcDbEntity
  8
0
  6
Continuous
 62
     7
370
    25
100
AcDbCircle
 10
2785.2482121033
 20
2854.4821926117
 30
0.0
 40
1.693664978245854
100
AcDbArc
 50
180.0000326734
 51
209.8023289275
  0
ARC
  5
4BF
330
1F
100
AcDbEntity
  8
0
  6
Continuous
 62
     7
370
    25
100
AcDbCircle
 10
2781.8608821468
 20
2854.48219068
 30
0.0
 40
1.693664978248756
100
AcDbArc
 50
0.000032673
 51
29.8023289272
  0
ARC
  5
4C0
330
1F
100
AcDbEntity
  8
0
  6
Continuous
 62
     7
370
    25
100
AcDbCircle
 10
2781.2924865896
 20
2854.156642351
 30
0.0
 40
2.34868804958539
100
AcDbArc
 50
29.8022112678
 51
53.1300761388
  0
ARC
  5
4C1
330
1F
100
AcDbEntity
  8
0
  6
Continuous
 62
     7
370
    25
100
AcDbCircle
 10
2780.9006037812
 20
2853.63412404
 30
0.0
 40
3.001832383394285
100
AcDbArc
 50
53.1301723116
 51
73.455677977
  0
ARC
  5
4C2
330
1F
100
AcDbEntity
  8
0
  6
Continuous
 62
     7
370
    25
100
AcDbCircle
 10
2780.6304958203
 20
2852.7248566783
 30
0.0
 40
3.950370967571531
100
AcDbArc
 50
73.4556024997
 51
89.9999520673
  0
ARC
  5
4C3
330
1F
100
AcDbEntity
  8
0
  6
Continuous
 62
     7
370
    25
100
AcDbCircle
 10
2780.6304981592
 20
2854.0817590889
 30
0.0
 40
2.59346855689939
100
AcDbArc
 50
89.9999786615
 51
127.5663107397
  0
ARC
  5
4C4
330
1F
100
AcDbEntity
  8
0
  6
Continuous
 62
     7
370
    25
100
AcDbCircle
 10
2780.5433489987
 20
2854.195055596
 30
0.0
 40
2.450531246621503
100
AcDbArc
 50
127.5662147165
 51
166.7595399934
  0
ARC
  5
4C5
330
1F
100
AcDbEntity
  8
0
  6
Continuous
 62
     7
370
    25
100
AcDbCircle
 10
2792.1066902236
 20
2851.4742702743
 30
0.0
 40
14.32965297549411
100
AcDbArc
 50
166.7594936338
 51
178.8806750585
  0
ARC
  5
4C6
330
1F
100
AcDbEntity
  8
0
  6
Continuous
 62
     7
370
    25
100
AcDbCircle
 10
3161.9564878362
 20
2844.2481019239
 30
0.0
 40
384.2500367111259
100
AcDbArc
 50
178.8806902234
 51
180.0000116721
  0
ARC
  5
4C7
330
1F
100
AcDbEntity
  8
0
  6
Continuous
 62
     7
370
    25
100
AcDbCircle
 10
3161.9564878252
 20
2844.2479453676
 30
0.0
 40
384.2500367001452
100
AcDbArc
 50
179.9999883279
 51
181.1193097766
  0
ARC
  5
4C8
330
1F
100
AcDbEntity
  8
0
  6
Continuous
 62
     7
370
    25
100
AcDbCircle
 10
2792.1066902235
 20
2837.0217770173
 30
0.0
 40
14.32965297543499
100
AcDbArc
 50
181.1193249415
 51
193.2405063662
  0
ARC
  5
4C9
330
1F
100
AcDbEntity
  8
0
  6
Continuous
 62
     7
370
    25
100
AcDbCircle
 10
2780.5433489987
 20
2834.3009916957
 30
0.0
 40
2.45053124663739
100
AcDbArc
 50
193.2404600068
 51
232.4337852834
  0
ARC
  5
4CA
330
1F
100
AcDbEntity
  8
0
  6
Continuous
 62
     7
370
    25
100
AcDbCircle
 10
2780.6304981592
 20
2834.4142882028
 30
0.0
 40
2.593468556928381
100
AcDbArc
 50
232.4336892606
 51
270.0000213383
  0
ARC
  5
4CB
330
1F
100
AcDbEntity
  8
0
  6
Continuous
 62
     7
370
    25
100
AcDbCircle
 10
2780.6305010698
 20
2836.4101168525
 30
0.0
 40
4.589297206620316
100
AcDbArc
 50
269.9999757211
 51
287.3343415764
  0
ARC
  5
4CC
330
1F
100
AcDbEntity
  8
0
  6
Continuous
 62
     7
370
    25
100
AcDbCircle
 10
2781.4433593183
 20
2833.8058321249
 30
0.0
 40
1.861104127987293
100
AcDbArc
 50
287.334306433
 51
321.3401346846
  0
ARC
  5
4CD
330
1F
100
AcDbEntity
  8
0
  6
Continuous
 62
     7
370
    25
100
AcDbCircle
 10
2780.9651720367
 20
2834.1883765901
 30
0.0
 40
2.473479294112264
100
AcDbArc
 50
321.3402457642
 51
349.7125802866
  0
ARC
  5
4CE
330
1F
100
AcDbEntity
  8
0
  6
Continuous
 62
     7
370
    25
100
AcDbCircle
 10
2773.8715376941
 20
2835.475884496
 30
0.0
 40
9.683009430953787
100
AcDbArc
 50
349.7126678068
 51
359.999971301
  0
ARC
  5
4CF
330
1F
100
AcDbEntity
  8
0
  6
Continuous
 62
     7
370
    25
100
AcDbCircle
 10
2793.2375565563
 20
2835.4758747957
 30
0.0
 40
9.683009431187145
100
AcDbArc
 50
169.712667807
 51
179.9999713009
  0
ARC
  5
4D0
330
1F
100
AcDbEntity
  8
0
  6
Continuous
 62
     7
370
    25
100
AcDbCircle
 10
2786.1439222135
 20
2836.7633827016
 30
0.0
 40
2.473479294129712
100
AcDbArc
 50
141.3402457642
 51
169.7125802865
  0
ARC
  5
4D1
330
1F
100
AcDbEntity
  8
0
  6
Continuous
 62
     7
370
    25
100
AcDbCircle
 10
2785.6657349319
 20
2837.1459271668
 30
0.0
 40
1.86110412799012
100
AcDbArc
 50
107.334306433
 51
141.3401346844
  0
ARC
  5
4D2
330
1F
100
AcDbEntity
  8
0
  6
Continuous
 62
     7
370
    25
100
AcDbCircle
 10
2786.4785931804
 20
2834.5416424389
 30
0.0
 40
4.589297206907261
100
AcDbArc
 50
89.9999757215
 51
107.3343415758
  0
ARC
  5
4D3
330
1F
100
AcDbEntity
  8
0
  6
Continuous
 62
     7
370
    25
100
AcDbCircle
 10
2786.4785971169
 20
2834.5636066753
 30
0.0
 40
4.567332970539135
100
AcDbArc
 50
72.2792336864
 51
90.0000249864
  0
ARC
  5
4D4
330
1F
100
AcDbEntity
  8
0
  6
Continuous
 62
     7
370
    25
100
AcDbCircle
 10
2787.3198885531
 20
2837.1964196862
 30
0.0
 40
1.803372834982352
100
AcDbArc
 50
36.8226605802
 51
72.2792964687
  0
ARC
  5
4D5
330
1F
100
AcDbEntity
  8
0
  6
Continuous
 62
     7
370
    25
100
AcDbCircle
 10
2786.6633400434
 20
2836.7048614062
 30
0.0
 40
2.623546894678409
100
AcDbArc
 50
8.9481914441
 51
36.8225230883
  0
ARC
  5
4D6
330
1F
100
AcDbEntity
  8
0
  6
Continuous
 62
     7
370
    25
100
AcDbCircle
 10
2777.2681033164
 20
2835.2254990253
 30
0.0
 40
12.13453980873217
100
AcDbArc
 50
359.9999804158
 51
8.94823992
  0
ARC
  5
4D7
330
1F
100
AcDbEntity
  8
0
  6
Continuous
 62
     7
370
    25
100
AcDbCircle
 10
2779.4531305038
 20
2835.2254991618
 30
0.0
 40
9.949512621270847
100
AcDbArc
 50
338.8811426204
 51
359.9999753291
  0
ARC
  5
4D8
330
1F
100
AcDbEntity
  8
0
  6
Continuous
 62
     7
370
    25
100
AcDbCircle
 10
2780.3636670582
 20
2834.8738119391
 30
0.0
 40
8.973417994946539
100
AcDbArc
 50
316.062345926
 51
338.8811191795
  0
ARC
  5
4D9
330
1F
100
AcDbEntity
  8
0
  6
Continuous
 62
     7
370
    25
100
AcDbCircle
 10
2780.5762486143
 20
2834.6689580394
 30
0.0
 40
8.678195980045318
100
AcDbArc
 50
292.8046307099
 51
316.062406992
  0
ARC
  5
4DA
330
1F
100
AcDbEntity
  8
0
  6
Continuous
 62
     7
370
    25
100
AcDbCircle
 10
2780.4868118466
 20
2834.881658314
 30
0.0
 40
8.908934668173007
100
AcDbArc
 50
269.9999595582
 51
292.804663769
  0
ARC
  5
4DB
330
1F
100
AcDbEntity
  8
0
  6
Continuous
 62
     7
370
    25
100
AcDbCircle
 10
2780.4867987383
 20
2834.0656696123
 30
0.0
 40
8.09294596642683
100
AcDbArc
 50
239.8503630669
 51
270.0000482837
  0
ARC
  5
4DC
330
1F
100
AcDbEntity
  8
0
  6
Continuous
 62
     7
370
    25
100
AcDbCircle
 10
2779.7570665646
 20
2832.8093298719
 30
0.0
 40
6.640052787761085
100
AcDbArc
 50
204.8856940473
 51
239.8503827028
  0
ARC
  5
4DD
330
1F
100
AcDbEntity
  8
0
  6
Continuous
 62
     7
370
    25
100
AcDbCircle
 10
2788.7004250231
 20
2836.9579608528
 30
0.0
 40
16.4987950773866
100
AcDbArc
 50
185.1619134065
 51
204.8856186391
  0
ARC
  5
4DE
330
1F
100
AcDbEntity
  8
0
  6
Continuous
 62
     7
370
    25
100
AcDbCircle
 10
2872.9996574103
 20
2844.573303613
 30
0.0
 40
101.1413022851873
100
AcDbArc
 50
179.9999834896
 51
185.1619185397
  0
ARC
  5
4DF
330
1F
100
AcDbEntity
  8
0
  6
Continuous
 62
     7
370
    25
100
AcDbCircle
 10
2966.7909224591
 20
2844.5733451649
 30
0.0
 40
194.932567334044
100
AcDbArc
 50
178.0554315558
 51
180.0000036467
  0
ARC
  5
4E0
330
1F
100
AcDbEntity
  8
0
  6
Continuous
 62
     7
370
    25
100
AcDbCircle
 10
2796.0567397746
 20
2850.3701256256
 30
0.0
 40
24.1000066183866
100
AcDbArc
 50
168.9879195752
 51
178.0553991179
  0
ARC
  5
4E1
330
1F
100
AcDbEntity
  8
0
  6
Continuous
 62
     7
370
    25
100
AcDbCircle
 10
2781.9691806154
 20
2853.1115383965
 30
0.0
 40
9.74818906644002
100
AcDbArc
 50
153.125783065
 51
168.9878390732
  0
ARC
  5
4E2
330
1F
100
AcDbEntity
  8
0
  6
Continuous
 62
     7
370
    25
100
AcDbCircle
 10
2780.5519230171
 20
2853.8297465762
 30
0.0
 40
8.159339769242607
100
AcDbArc
 50
134.9999544292
 51
153.1257460726
  0
ARC
  5
4E3
330
1F
100
AcDbEntity
  8
0
  6
Continuous
 62
     7
370
    25
100
AcDbCircle
 10
2783.2821223614
 20
2851.0995631497
 30
0.0
 40
12.02041345428744
100
AcDbArc
 50
119.0754720437
 51
135.0000227175
  0
ARC
  5
4E4
330
1F
100
AcDbEntity
  8
0
  6
Continuous
 62
     7
370
    25
100
AcDbCircle
 10
2417.9456878673
 20
2844.146702912
 30
0.0
 40
387.5392192579201
100
AcDbArc
 50
359.9999461108
 51
1.1153715391
  0
ARC
  5
4E5
330
1F
100
AcDbEntity
  8
0
  6
Continuous
 62
     7
370
    25
100
AcDbCircle
 10
2790.6486747728
 20
2851.403013025
 30
0.0
 40
14.7656009791008
100
AcDbArc
 50
1.1152956566
 51
13.0159222635
  0
ARC
  5
4E6
330
1F
100
AcDbEntity
  8
0
  6
Continuous
 62
     7
370
    25
100
AcDbCircle
 10
2802.5854808499
 20
2854.1623354183
 30
0.0
 40
2.514021513866973
100
AcDbArc
 50
13.0159367889
 51
51.4782447764
  0
ARC
  5
4E7
330
1F
100
AcDbEntity
  8
0
  6
Continuous
 62
     7
370
    25
100
AcDbCircle
 10
2802.588713892
 20
2854.1663987244
 30
0.0
 40
2.508828921417824
100
AcDbArc
 50
51.4782165942
 51
90.0000065242
  0
ARC
  5
4E8
330
1F
100
AcDbEntity
  8
0
  6
Continuous
 62
     7
370
    25
100
AcDbCircle
 10
2802.5887139019
 20
2853.55421468
 30
0.0
 40
3.121012965847599
100
AcDbArc
 50
90.0000054252
 51
135.7058445056
  0
ARC
  5
4E9
330
1F
100
AcDbEntity
  8
0
  6
Continuous
 62
     7
370
    25
100
AcDbCircle
 10
2804.4082219189
 20
2851.778998256
 30
0.0
 40
5.663059931645934
100
AcDbArc
 50
135.7058790259
 51
164.9972051873
  0
ARC
  5
4EA
330
1F
100
AcDbEntity
  8
0
  6
Continuous
 62
     7
370
    25
100
AcDbCircle
 10
2816.7055497642
 20
2848.4833102419
 30
0.0
 40
18.39435333096338
100
AcDbArc
 50
164.9972472308
 51
179.3009866904
  0
ARC
  5
4EB
330
1F
100
AcDbEntity
  8
0
  6
Continuous
 62
     7
370
    25
100
AcDbCircle
 10
2915.5281742539
 20
2847.2776657071
 30
0.0
 40
117.224332030636
100
AcDbArc
 50
179.3010158104
 51
182.9410543493
  0
ARC
  5
4EC
330
1F
100
AcDbEntity
  8
0
  6
Continuous
 62
     7
370
    25
100
AcDbCircle
 10
2927.0749634594
 20
2847.8708996159
 30
0.0
 40
128.7863503418056
100
AcDbArc
 50
182.941055951
 51
185.1867494494
  0
ARC
  5
4ED
330
1F
100
AcDbEntity
  8
0
  6
Continuous
 62
     7
370
    25
100
AcDbCircle
 10
2806.8345948709
 20
2836.9561935804
 30
0.0
 40
8.051611984805335
100
AcDbArc
 50
185.1866611033
 51
202.1543327065
  0
ARC
  5
4EE
330
1F
100
AcDbEntity
  8
0
  6
Continuous
 62
     7
370
    25
100
AcDbCircle
 10
2801.6955916845
 20
2834.8637808442
 30
0.0
 40
2.502959462900717
100
AcDbArc
 50
202.1543116574
 51
239.1499933681
  0
ARC
  5
4EF
330
1F
100
AcDbEntity
  8
0
  6
Continuous
 62
     7
370
    25
100
AcDbCircle
 10
2802.8690776742
 20
2836.8284114068
 30
0.0
 40
4.791374332475319
100
AcDbArc
 50
239.1499328622
 51
261.9167405691
  0
ARC
  5
4F0
330
1F
100
AcDbEntity
  8
0
  6
Continuous
 62
     7
370
    25
100
AcDbCircle
 10
2802.7177323613
 20
2835.7627988396
 30
0.0
 40
3.715067895179177
100
AcDbArc
 50
261.9167990199
 51
291.0036097412
  0
ARC
  5
4F1
330
1F
100
AcDbEntity
  8
0
  6
Continuous
 62
     7
370
    25
100
AcDbCircle
 10
2803.4654167318
 20
2833.8153793234
 30
0.0
 40
1.629049033752846
100
AcDbArc
 50
291.0036332514
 51
344.7448835491
  0
ARC
  5
4F2
330
1F
100
AcDbEntity
  8
0
  6
Continuous
 62
     7
370
    25
100
AcDbCircle
 10
2794.48210979
 20
2836.2653776821
 30
0.0
 40
10.94045577864653
100
AcDbArc
 50
344.7448535585
 51
359.0935659025
  0
ARC
  5
4F3
330
1F
100
AcDbEntity
  8
0
  6
Continuous
 62
     7
370
    25
100
AcDbCircle
 10
2296.3564411629
 20
2844.146478205
 30
0.0
 40
509.1284659622393
100
AcDbArc
 50
359.0935697626
 51
359.9999842684
  0
ARC
  5
4F4
330
1F
100
AcDbEntity
  8
0
  6
Continuous
 62
     7
370
    25
100
AcDbCircle
 10
2802.6594204911
 20
2855.6023435232
 30
0.0
 40
6.797955654382188
100
AcDbArc
 50
86.7378317317
 51
111.3888310531
  0
ARC
  5
4F5
330
1F
100
AcDbEntity
  8
0
  6
Continuous
 62
     7
370
    25
100
AcDbCircle
 10
2802.6875804799
 20
2856.0963108633
 30
0.0
 40
6.303186295959224
100
AcDbArc
 50
60.9244610346
 51
86.7378793222
  0
ARC
  5
4F6
330
1F
100
AcDbEntity
  8
0
  6
Continuous
 62
     7
370
    25
100
AcDbCircle
 10
2799.9092358889
 20
2851.0995631498
 30
0.0
 40
12.02041345419226
100
AcDbArc
 50
44.9999772825
 51
60.9245279565
  0
ARC
  5
4F7
330
1F
100
AcDbEntity
  8
0
  6
Continuous
 62
     7
370
    25
100
AcDbCircle
 10
2802.6394352332
 20
2853.8297465762
 30
0.0
 40
8.159339769167335
100
AcDbArc
 50
26.8742539274
 51
45.0000455709
  0
ARC
  5
4F8
330
1F
100
AcDbEntity
  8
0
  6
Continuous
 62
     7
370
    25
100
AcDbCircle
 10
2801.2221776349
 20
2853.1115383966
 30
0.0
 40
9.748189066315797
100
AcDbArc
 50
11.0121609266
 51
26.8742169351
  0
ARC
  5
4F9
330
1F
100
AcDbEntity
  8
0
  6
Continuous
 62
     7
370
    25
100
AcDbCircle
 10
2787.1346184754
 20
2850.3701256256
 30
0.0
 40
24.10000661857099
100
AcDbArc
 50
1.9446008821
 51
11.0120804248
  0
ARC
  5
4FA
330
1F
100
AcDbEntity
  8
0
  6
Continuous
 62
     7
370
    25
100
AcDbCircle
 10
2616.4004357902
 20
2844.5733451649
 30
0.0
 40
194.9325673349226
100
AcDbArc
 50
359.9999963533
 51
1.9445684443
  0
ARC
  5
4FB
330
1F
100
AcDbEntity
  8
0
  6
Continuous
 62
     7
370
    25
100
AcDbCircle
 10
2712.3263496057
 20
2844.573380111
 30
0.0
 40
99.00665351941093
100
AcDbArc
 50
354.7908499897
 51
359.9999725965
  0
ARC
  5
4FC
330
1F
100
AcDbEntity
  8
0
  6
Continuous
 62
     7
370
    25
100
AcDbCircle
 10
2793.8071958775
 20
2837.1449262554
 30
0.0
 40
17.18788894885659
100
AcDbArc
 50
335.7616088402
 51
354.7908356198
  0
ARC
  5
4FD
330
1F
100
AcDbEntity
  8
0
  6
Continuous
 62
     7
370
    25
100
AcDbCircle
 10
2803.2356840728
 20
2832.8999900874
 30
0.0
 40
6.847875761205135
100
AcDbArc
 50
301.9744555793
 51
335.7616827848
  0
ARC
  5
4FE
330
1F
100
AcDbEntity
  8
0
  6
Continuous
 62
     7
370
    25
100
AcDbCircle
 10
2802.9585806986
 20
2833.3438923165
 30
0.0
 40
7.371168670628532
100
AcDbArc
 50
270.000023703
 51
301.9744396311
  0
ARC
  5
4FF
330
1F
100
AcDbEntity
  8
0
  6
Continuous
 62
     7
370
    25
100
AcDbCircle
 10
2802.9585823897
 20
2837.6032155749
 30
0.0
 40
11.63049192909893
100
AcDbArc
 50
246.7354255007
 51
270.0000066913
  0
ARC
  5
500
330
1F
100
AcDbEntity
  8
0
  6
Continuous
 62
     7
370
    25
100
AcDbCircle
 10
2800.5687810387
 20
2832.0447064951
 30
0.0
 40
5.58002304741826
100
AcDbArc
 50
206.4663266474
 51
246.7354469559
  0
ARC
  5
501
330
1F
100
AcDbEntity
  8
0
  6
Continuous
 62
     7
370
    25
100
AcDbCircle
 10
2808.0357569823
 20
2835.762138188
 30
0.0
 40
13.92118772234017
100
AcDbArc
 50
184.3249227381
 51
206.466372806
  0
ARC
  5
502
330
1F
100
AcDbEntity
  8
0
  6
Continuous
 62
     7
370
    25
100
AcDbCircle
 10
2922.1434890876
 20
2844.3918040899
 30
0.0
 40
128.3547739625414
100
AcDbArc
 50
180.0000387808
 51
184.3248983258
  0
ARC
  5
503
330
1F
100
AcDbEntity
  8
0
  6
Continuous
 62
     7
370
    25
100
AcDbCircle
 10
3144.5631708559
 20
2844.3914257122
 30
0.0
 40
350.7744557309722
100
AcDbArc
 50
178.6830806824
 51
179.9999523861
  0
ARC
  5
504
330
1F
100
AcDbEntity
  8
0
  6
Continuous
 62
     7
370
    25
100
AcDbCircle
 10
2814.8542043659
 20
2851.9709450408
 30
0.0
 40
20.97837980345814
100
AcDbArc
 50
168.4185486006
 51
178.6829798255
  0
ARC
  5
505
330
1F
100
AcDbEntity
  8
0
  6
Continuous
 62
     7
370
    25
100
AcDbCircle
 10
2800.4245408316
 20
2854.9280593534
 30
0.0
 40
6.248827374079182
100
AcDbArc
 50
145.7515728918
 51
168.4185275452
  0
ARC
  5
506
330
1F
100
AcDbEntity
  8
0
  6
Continuous
 62
     7
370
    25
100
AcDbCircle
 10
2801.0731983328
 20
2854.4864269792
 30
0.0
 40
7.033553891946732
100
AcDbArc
 50
125.0084067169
 51
145.7515509157
  0
ARC
  5
507
330
1F
100
AcDbEntity
  8
0
  6
Continuous
 62
     7
370
    25
100
AcDbCircle
 10
2805.6631003943
 20
2847.9334379899
 30
0.0
 40
15.03410797443776
100
AcDbArc
 50
111.3888065327
 51
125.0084589452
  0
ARC
  5
508
330
1F
100
AcDbEntity
  8
0
  6
Continuous
 62
     7
370
    25
100
AcDbCircle
 10
2844.5525086638
 20
2855.3278721291
 30
0.0
 40
28.77079292121842
100
AcDbArc
 50
170.9096806745
 51
179.3521744434
  0
ARC
  5
509
330
1F
100
AcDbEntity
  8
0
  6
Continuous
 62
     7
370
    25
100
AcDbCircle
 10
2819.9587767625
 20
2859.2628954046
 30
0.0
 40
3.864246452217527
100
AcDbArc
 50
139.305398442
 51
170.909790532
  0
ARC
  5
50A
330
1F
100
AcDbEntity
  8
0
  6
Continuous
 62
     7
370
    25
100
AcDbCircle
 10
2818.6431227442
 20
2860.3943195974
 30
0.0
 40
2.129004048462809
100
AcDbArc
 50
89.9999897502
 51
139.3053752873
  0
ARC
  5
50B
330
1F
100
AcDbEntity
  8
0
  6
Continuous
 62
     7
370
    25
100
AcDbCircle
 10
2818.6431240519
 20
2860.2149917104
 30
0.0
 40
2.308331935401609
100
AcDbArc
 50
46.179439806
 51
90.0000230057
  0
ARC
  5
50C
330
1F
100
AcDbEntity
  8
0
  6
Continuous
 62
     7
370
    25
100
AcDbCircle
 10
2818.114493874
 20
2859.6641383507
 30
0.0
 40
3.071803800651251
100
AcDbArc
 50
10.7843189632
 51
46.1794234213
  0
ARC
  5
50D
330
1F
100
AcDbEntity
  8
0
  6
Continuous
 62
     7
370
    25
100
AcDbCircle
 10
2800.5906728007
 20
2856.3262700873
 30
0.0
 40
20.9106846386299
100
AcDbArc
 50
0.8238549403
 51
10.7842944602
  0
ARC
  5
50E
330
1F
100
AcDbEntity
  8
0
  6
Continuous
 62
     7
370
    25
100
AcDbCircle
 10
2164.0408170947
 20
2847.1724885779
 30
0.0
 40
657.526354030519
100
AcDbArc
 50
359.9999636692
 51
0.8238734292
  0
ARC
  5
50F
330
1F
100
AcDbEntity
  8
0
  6
Continuous
 62
     7
370
    25
100
AcDbCircle
 10
3479.0935250939
 20
2847.1716547132
 30
0.0
 40
657.526353968943
100
AcDbArc
 50
179.9999636692
 51
180.8238734293
  0
ARC
  5
510
330
1F
100
AcDbEntity
  8
0
  6
Continuous
 62
     7
370
    25
100
AcDbCircle
 10
2842.543669449
 20
2838.0178732044
 30
0.0
 40
20.91068463817252
100
AcDbArc
 50
180.8238549401
 51
190.7842944603
  0
ARC
  5
511
330
1F
100
AcDbEntity
  8
0
  6
Continuous
 62
     7
370
    25
100
AcDbCircle
 10
2825.0198483762
 20
2834.6800049411
 30
0.0
 40
3.071803800712919
100
AcDbArc
 50
190.7843189636
 51
226.1794234211
  0
ARC
  5
512
330
1F
100
AcDbEntity
  8
0
  6
Continuous
 62
     7
370
    25
100
AcDbCircle
 10
2824.4912181983
 20
2834.1291515813
 30
0.0
 40
2.30833193541885
100
AcDbArc
 50
226.1794398063
 51
270.0000230054
  0
ARC
  5
513
330
1F
100
AcDbEntity
  8
0
  6
Continuous
 62
     7
370
    25
100
AcDbCircle
 10
2824.4912173649
 20
2827.3341715785
 30
0.0
 40
4.486648067349397
100
AcDbArc
 50
73.4693074656
 51
89.9999775218
  0
ARC
  5
514
330
1F
100
AcDbEntity
  8
0
  6
Continuous
 62
     7
370
    25
100
AcDbCircle
 10
2825.1507274716
 20
2829.5562799924
 30
0.0
 40
2.168735345952278
100
AcDbArc
 50
16.5307785091
 51
73.4692214911
  0
ARC
  5
515
330
1F
100
AcDbEntity
  8
0
  6
Continuous
 62
     7
370
    25
100
AcDbCircle
 10
2822.9286190576
 20
2828.8967698856
 30
0.0
 40
4.486648067456889
100
AcDbArc
 50
0.0000224785
 51
16.5306925344
  0
ARC
  5
516
330
1F
100
AcDbEntity
  8
0
  6
Continuous
 62
     7
370
    25
100
AcDbCircle
 10
2823.375424682
 20
2828.8967755114
 30
0.0
 40
4.039842443134202
100
AcDbArc
 50
338.3020076802
 51
359.9999451763
  0
ARC
  5
517
330
1F
100
AcDbEntity
  8
0
  6
Continuous
 62
     7
370
    25
100
AcDbCircle
 10
2825.5668429144
 20
2828.0247932426
 30
0.0
 40
1.681311767824727
100
AcDbArc
 50
296.565078986
 51
338.3020072331
  0
ARC
  5
518
330
1F
100
AcDbEntity
  8
0
  6
Continuous
 62
     7
370
    25
100
AcDbCircle
 10
2824.4161107184
 20
2830.3262504157
 30
0.0
 40
4.254420725160055
100
AcDbArc
 50
273.9846216337
 51
296.565105644
  0
ARC
  5
519
330
1F
100
AcDbEntity
  8
0
  6
Continuous
 62
     7
370
    25
100
AcDbCircle
 10
2821.5671520869
 20
2871.2255886048
 30
0.0
 40
45.25286495896803
100
AcDbArc
 50
270.0000241047
 51
273.984658619
  0
ARC
  5
51A
330
1F
100
AcDbEntity
  8
0
  6
Continuous
 62
     7
370
    25
100
AcDbCircle
 10
3824.3339830669
 20
2844.2485148706
 30
0.0
 40
1008.614907941903
100
AcDbArc
 50
179.3521289561
 51
180.0000279047
  0
ARC
  5
51B
330
1F
100
AcDbEntity
  8
0
  6
Continuous
 62
     7
370
    25
100
AcDbCircle
 10
2837.1434116992
 20
2850.3211079589
 30
0.0
 40
6.504945050457019
100
AcDbArc
 50
45.0000016261
 51
66.5736898967
  0
ARC
  5
51C
330
1F
100
AcDbEntity
  8
0
  6
Continuous
 62
     7
370
    25
100
AcDbCircle
 10
2839.3369107796
 20
2855.3836057218
 30
0.0
 40
0.9876701964285542
100
AcDbArc
 50
66.573695612
 51
152.152493757
  0
ARC
  5
51D
330
1F
100
AcDbEntity
  8
0
  6
Continuous
 62
     7
370
    25
100
AcDbCircle
 10
2843.671265691
 20
2853.0937525269
 30
0.0
 40
5.88971672325333
100
AcDbArc
 50
152.1523880815
 51
177.4438527942
  0
ARC
  5
51E
330
1F
100
AcDbEntity
  8
0
  6
Continuous
 62
     7
370
    25
100
AcDbCircle
 10
2976.314068183
 20
2847.1721518363
 30
0.0
 40
138.6646330579479
100
AcDbArc
 50
177.4438306392
 51
180.0000331344
  0
ARC
  5
51F
330
1F
100
AcDbEntity
  8
0
  6
Continuous
 62
     7
370
    25
100
AcDbCircle
 10
3025.1931673562
 20
2847.1719176006
 30
0.0
 40
187.5437322311429
100
AcDbArc
 50
179.9999529382
 51
181.6990854439
  0
ARC
  5
520
330
1F
100
AcDbEntity
  8
0
  6
Continuous
 62
     7
370
    25
100
AcDbCircle
 10
2846.7617142979
 20
2841.8790290418
 30
0.0
 40
9.033793824938956
100
AcDbArc
 50
181.6989758033
 51
197.1027420465
  0
ARC
  5
521
330
1F
100
AcDbEntity
  8
0
  6
Continuous
 62
     7
370
    25
100
AcDbCircle
 10
2840.0285459438
 20
2839.8072846916
 30
0.0
 40
1.989102154097876
100
AcDbArc
 50
197.102781719
 51
239.363063948
  0
ARC
  5
522
330
1F
100
AcDbEntity
  8
0
  6
Continuous
 62
     7
370
    25
100
AcDbCircle
 10
2840.5734825772
 20
2840.7273659182
 30
0.0
 40
3.058450272385066
100
AcDbArc
 50
239.3630442616
 51
270.0000102643
  0
ARC
  5
523
330
1F
100
AcDbEntity
  8
0
  6
Continuous
 62
     7
370
    25
100
AcDbCircle
 10
2840.5734795271
 20
2841.1378312073
 30
0.0
 40
3.468915561433325
100
AcDbArc
 50
270.0000594278
 51
296.2962604625
  0
ARC
  5
524
330
1F
100
AcDbEntity
  8
0
  6
Continuous
 62
     7
370
    25
100
AcDbCircle
 10
2841.3153603739
 20
2839.6365008667
 30
0.0
 40
1.794287249721429
100
AcDbArc
 50
296.2962863712
 51
339.3255003445
  0
ARC
  5
525
330
1F
100
AcDbEntity
  8
0
  6
Continuous
 62
     7
370
    25
100
AcDbCircle
 10
2836.9317242196
 20
2841.2907009767
 30
0.0
 40
6.479652116690691
100
AcDbArc
 50
339.3255728023
 51
357.6080496916
  0
ARC
  5
526
330
1F
100
AcDbEntity
  8
0
  6
Continuous
 62
     7
370
    25
100
AcDbCircle
 10
2738.1317838533
 20
2845.4176367202
 30
0.0
 40
105.3657472718325
100
AcDbArc
 50
357.6081059761
 51
0.000003331
  0
ARC
  5
527
330
1F
100
AcDbEntity
  8
0
  6
Continuous
 62
     7
370
    25
100
AcDbCircle
 10
2806.2329131514
 20
2845.4176307926
 30
0.0
 40
37.26461797373726
100
AcDbArc
 50
0.0000185323
 51
4.7645074279
  0
ARC
  5
528
330
1F
100
AcDbEntity
  8
0
  6
Continuous
 62
     7
370
    25
100
AcDbCircle
 10
2814.0989072534
 20
2846.0732458685
 30
0.0
 40
29.37134904758668
100
AcDbArc
 50
4.7645154236
 51
10.4599182864
  0
ARC
  5
529
330
1F
100
AcDbEntity
  8
0
  6
Continuous
 62
     7
370
    25
100
AcDbCircle
 10
2818.8711549148
 20
2846.9542663228
 30
0.0
 40
24.51845869415438
100
AcDbArc
 50
10.4599428179
 51
16.1365642296
  0
ARC
  5
52A
330
1F
100
AcDbEntity
  8
0
  6
Continuous
 62
     7
370
    25
100
AcDbCircle
 10
2839.8447946464
 20
2853.0224951789
 30
0.0
 40
2.684609628011051
100
AcDbArc
 50
16.1366382115
 51
44.9999394569
  0
ARC
  5
52B
330
1F
100
AcDbEntity
  8
0
  6
Continuous
 62
     7
370
    25
100
AcDbCircle
 10
2835.3876178844
 20
2846.5847390511
 30
0.0
 40
15.93858459475672
100
AcDbArc
 50
75.8278020652
 51
90.0000408893
  0
ARC
  5
52C
330
1F
100
AcDbEntity
  8
0
  6
Continuous
 62
     7
370
    25
100
AcDbCircle
 10
2835.5826137314
 20
2847.3569245203
 30
0.0
 40
15.14215896785728
100
AcDbArc
 50
61.1001802509
 51
75.827807642
  0
ARC
  5
52D
330
1F
100
AcDbEntity
  8
0
  6
Continuous
 62
     7
370
    25
100
AcDbCircle
 10
2836.4450193056
 20
2848.9192053923
 30
0.0
 40
13.35765206197202
100
AcDbArc
 50
45.3893025671
 51
61.1001299752
  0
ARC
  5
52E
330
1F
100
AcDbEntity
  8
0
  6
Continuous
 62
     7
370
    25
100
AcDbCircle
 10
2839.4137145544
 20
2851.9285192393
 30
0.0
 40
9.130463716263586
100
AcDbArc
 50
24.4954615535
 51
45.3893037952
  0
ARC
  5
52F
330
1F
100
AcDbEntity
  8
0
  6
Continuous
 62
     7
370
    25
100
AcDbCircle
 10
2840.4840413262
 20
2852.4161819578
 30
0.0
 40
7.954277368229115
100
AcDbArc
 50
8.348392979
 51
24.4955330511
  0
ARC
  5
530
330
1F
100
AcDbEntity
  8
0
  6
Continuous
 62
     7
370
    25
100
AcDbCircle
 10
2761.7195715914
 20
2840.8577291735
 30
0.0
 40
87.56231416961681
100
AcDbArc
 50
5.5676275189
 51
8.3483990044
  0
ARC
  5
531
330
1F
100
AcDbEntity
  8
0
  6
Continuous
 62
     7
370
    25
100
AcDbCircle
 10
2752.5866225052
 20
2839.967392235
 30
0.0
 40
96.73855843793501
100
AcDbArc
 50
2.5875294396
 51
5.5676587303
  0
ARC
  5
532
330
1F
100
AcDbEntity
  8
0
  6
Continuous
 62
     7
370
    25
100
AcDbCircle
 10
2732.5583996922
 20
2839.0621743436
 30
0.0
 40
116.7872274329034
100
AcDbArc
 50
359.9999866002
 51
2.5875832283
  0
ARC
  5
533
330
1F
100
AcDbEntity
  8
0
  6
Continuous
 62
     7
370
    25
100
AcDbCircle
 10
2409.9503117741
 20
2839.0621846763
 30
0.0
 40
439.3953153510172
100
AcDbArc
 50
358.9636360953
 51
359.9999950911
  0
ARC
  5
534
330
1F
100
AcDbEntity
  8
0
  6
Continuous
 62
     7
370
    25
100
AcDbCircle
 10
2833.5684991712
 20
2831.3989664582
 30
0.0
 40
15.70782012953375
100
AcDbArc
 50
347.4074577713
 51
358.9636091927
  0
ARC
  5
535
330
1F
100
AcDbEntity
  8
0
  6
Continuous
 62
     7
370
    25
100
AcDbCircle
 10
2846.383400149
 20
2828.5362466881
 30
0.0
 40
2.577060381780476
100
AcDbArc
 50
309.0481149753
 51
347.4074867979
  0
ARC
  5
536
330
1F
100
AcDbEntity
  8
0
  6
Continuous
 62
     7
370
    25
100
AcDbCircle
 10
2846.4215803749
 20
2828.4891742898
 30
0.0
 40
2.51645064396038
100
AcDbArc
 50
269.9999715451
 51
309.0481812241
  0
ARC
  5
537
330
1F
100
AcDbEntity
  8
0
  6
Continuous
 62
     7
370
    25
100
AcDbCircle
 10
2846.4215771804
 20
2830.5620208525
 30
0.0
 40
4.589297206678523
100
AcDbArc
 50
252.6656584237
 51
270.000024279
  0
ARC
  5
538
330
1F
100
AcDbEntity
  8
0
  6
Continuous
 62
     7
370
    25
100
AcDbCircle
 10
2845.6087189319
 20
2827.9577361249
 30
0.0
 40
1.861104127973026
100
AcDbArc
 50
218.6598653155
 51
252.6656935672
  0
ARC
  5
539
330
1F
100
AcDbEntity
  8
0
  6
Continuous
 62
     7
370
    25
100
AcDbCircle
 10
2846.0869062135
 20
2828.3402805901
 30
0.0
 40
2.47347929411926
100
AcDbArc
 50
190.2874197134
 51
218.6597542358
  0
ARC
  5
53A
330
1F
100
AcDbEntity
  8
0
  6
Continuous
 62
     7
370
    25
100
AcDbCircle
 10
2853.1805405573
 20
2829.6277884961
 30
0.0
 40
9.683009432210735
100
AcDbArc
 50
180.0000286995
 51
190.2873321923
  0
ARC
  5
53B
330
1F
100
AcDbEntity
  8
0
  6
Continuous
 62
     7
370
    25
100
AcDbCircle
 10
2833.8145216943
 20
2829.6277787957
 30
0.0
 40
9.683009430828712
100
AcDbArc
 50
0.0000286987
 51
10.2873321931
  0
ARC
  5
53C
330
1F
100
AcDbEntity
  8
0
  6
Continuous
 62
     7
370
    25
100
AcDbCircle
 10
2840.9081560367
 20
2830.9152867015
 30
0.0
 40
2.473479294150632
100
AcDbArc
 50
10.2874197136
 51
38.6597542356
  0
ARC
  5
53D
330
1F
100
AcDbEntity
  8
0
  6
Continuous
 62
     7
370
    25
100
AcDbCircle
 10
2841.3863433183
 20
2831.2978311668
 30
0.0
 40
1.861104128006338
100
AcDbArc
 50
38.6598653158
 51
72.6656935671
  0
ARC
  5
53E
330
1F
100
AcDbEntity
  8
0
  6
Continuous
 62
     7
370
    25
100
AcDbCircle
 10
2840.5734831251
 20
2828.6935308249
 30
0.0
 40
4.589312691182849
100
AcDbArc
 50
72.6656933288
 51
107.3343066712
  0
ARC
  5
53F
330
1F
100
AcDbEntity
  8
0
  6
Continuous
 62
     7
370
    25
100
AcDbCircle
 10
2839.7606229319
 20
2831.2978311668
 30
0.0
 40
1.861104127949355
100
AcDbArc
 50
107.3343064326
 51
141.3401346849
  0
ARC
  5
540
330
1F
100
AcDbEntity
  8
0
  6
Continuous
 62
     7
370
    25
100
AcDbCircle
 10
2840.2388102135
 20
2830.9152867016
 30
0.0
 40
2.473479294131583
100
AcDbArc
 50
141.3402457644
 51
169.7125802865
  0
ARC
  5
541
330
1F
100
AcDbEntity
  8
0
  6
Continuous
 62
     7
370
    25
100
AcDbCircle
 10
2847.3324445564
 20
2829.6277787957
 30
0.0
 40
9.683009431300299
100
AcDbArc
 50
169.712667807
 51
179.9999713008
  0
ARC
  5
542
330
1F
100
AcDbEntity
  8
0
  6
Continuous
 62
     7
370
    25
100
AcDbCircle
 10
2827.9664256933
 20
2829.6277884961
 30
0.0
 40
9.683009431806418
100
AcDbArc
 50
349.7126678072
 51
359.9999713005
  0
ARC
  5
543
330
1F
100
AcDbEntity
  8
0
  6
Continuous
 62
     7
370
    25
100
AcDbCircle
 10
2835.0600600367
 20
2828.3402805901
 30
0.0
 40
2.473479294113689
100
AcDbArc
 50
321.3402457642
 51
349.7125802867
  0
ARC
  5
544
330
1F
100
AcDbEntity
  8
0
  6
Continuous
 62
     7
370
    25
100
AcDbCircle
 10
2835.5382473183
 20
2827.9577361249
 30
0.0
 40
1.861104127979861
100
AcDbArc
 50
287.3343064329
 51
321.3401346845
  0
ARC
  5
545
330
1F
100
AcDbEntity
  8
0
  6
Continuous
 62
     7
370
    25
100
AcDbCircle
 10
2834.7253890698
 20
2830.5620208526
 30
0.0
 40
4.589297206789026
100
AcDbArc
 50
269.9999757215
 51
287.3343415761
  0
ARC
  5
546
330
1F
100
AcDbEntity
  8
0
  6
Continuous
 62
     7
370
    25
100
AcDbCircle
 10
2834.7253867442
 20
2828.1017276943
 30
0.0
 40
2.129004048472883
100
AcDbArc
 50
220.6946247129
 51
270.0000102499
  0
ARC
  5
547
330
1F
100
AcDbEntity
  8
0
  6
Continuous
 62
     7
370
    25
100
AcDbCircle
 10
2836.0410407625
 20
2829.2331518871
 30
0.0
 40
3.864246452209633
100
AcDbArc
 50
189.0902094679
 51
220.6946015579
  0
ARC
  5
548
330
1F
100
AcDbEntity
  8
0
  6
Continuous
 62
     7
370
    25
100
AcDbCircle
 10
2860.6347726642
 20
2833.1681751626
 30
0.0
 40
28.77079292164089
100
AcDbArc
 50
180.6478255566
 51
189.0903193254
  0
ARC
  5
549
330
1F
100
AcDbEntity
  8
0
  6
Continuous
 62
     7
370
    25
100
AcDbCircle
 10
3840.416246725
 20
2844.2475324192
 30
0.0
 40
1008.614907600058
100
AcDbArc
 50
179.9999720952
 51
180.647871044
  0
ARC
  5
54A
330
1F
100
AcDbEntity
  8
0
  6
Continuous
 62
     7
370
    25
100
AcDbCircle
 10
2854.2629078024
 20
2860.3127969489
 30
0.0
 40
1.821793467568229
100
AcDbArc
 50
109.9831030879
 51
152.9789151103
  0
ARC
  5
54B
330
1F
100
AcDbEntity
  8
0
  6
Continuous
 62
     7
370
    25
100
AcDbCircle
 10
2855.9889395753
 20
2855.5662078709
 30
0.0
 40
6.872466052122343
100
AcDbArc
 50
92.244084321
 51
109.9831007609
  0
ARC
  5
54C
330
1F
100
AcDbEntity
  8
0
  6
Continuous
 62
     7
370
    25
100
AcDbCircle
 10
2860.3108617699
 20
2745.2773299777
 30
0.0
 40
117.2459936681639
100
AcDbArc
 50
90.0000267038
 51
92.2441160741
  0
ARC
  5
54D
330
1F
100
AcDbEntity
  8
0
  6
Continuous
 62
     7
370
    25
100
AcDbCircle
 10
2860.3107524803
 20
2745.2773299798
 30
0.0
 40
117.2459936660098
100
AcDbArc
 50
87.7558839259
 51
89.9999732962
  0
ARC
  5
54E
330
1F
100
AcDbEntity
  8
0
  6
Continuous
 62
     7
370
    25
100
AcDbCircle
 10
2864.6326746749
 20
2855.566207871
 30
0.0
 40
6.87246605210399
100
AcDbArc
 50
70.0168992391
 51
87.755915679
  0
ARC
  5
54F
330
1F
100
AcDbEntity
  8
0
  6
Continuous
 62
     7
370
    25
100
AcDbCircle
 10
2866.3587064478
 20
2860.312796949
 30
0.0
 40
1.821793467534569
100
AcDbArc
 50
27.0210848893
 51
70.0168969124
  0
ARC
  5
550
330
1F
100
AcDbEntity
  8
0
  6
Continuous
 62
     7
370
    25
100
AcDbCircle
 10
2864.9596121252
 20
2859.5992770455
 30
0.0
 40
3.392326999874971
100
AcDbArc
 50
359.9999763608
 51
27.0210409925
  0
ARC
  5
551
330
1F
100
AcDbEntity
  8
0
  6
Continuous
 62
     7
370
    25
100
AcDbCircle
 10
2863.8652910574
 20
2859.5992774061
 30
0.0
 40
4.486648067735932
100
AcDbArc
 50
343.469307466
 51
359.9999775207
  0
ARC
  5
552
330
1F
100
AcDbEntity
  8
0
  6
Continuous
 62
     7
370
    25
100
AcDbCircle
 10
2866.0873994717
 20
2858.9397672993
 30
0.0
 40
2.168735345915123
100
AcDbArc
 50
286.5307785086
 51
343.4692214917
  0
ARC
  5
553
330
1F
100
AcDbEntity
  8
0
  6
Continuous
 62
     7
370
    25
100
AcDbCircle
 10
2865.4278893649
 20
2861.1618757135
 30
0.0
 40
4.486648067675906
100
AcDbArc
 50
270.0000224787
 51
286.5306925336
  0
ARC
  5
554
330
1F
100
AcDbEntity
  8
0
  6
Continuous
 62
     7
370
    25
100
AcDbCircle
 10
2865.4278901982
 20
2854.3668957105
 30
0.0
 40
2.308331935368907
100
AcDbArc
 50
89.999976994
 51
133.8205601942
  0
ARC
  5
555
330
1F
100
AcDbEntity
  8
0
  6
Continuous
 62
     7
370
    25
100
AcDbCircle
 10
2865.9565203762
 20
2853.8160423506
 30
0.0
 40
3.07180380067833
100
AcDbArc
 50
133.8205765788
 51
169.2156810364
  0
ARC
  5
556
330
1F
100
AcDbEntity
  8
0
  6
Continuous
 62
     7
370
    25
100
AcDbCircle
 10
2883.4803414494
 20
2850.4781740873
 30
0.0
 40
20.91068463854156
100
AcDbArc
 50
169.2157055397
 51
179.1761450597
  0
ARC
  5
557
330
1F
100
AcDbEntity
  8
0
  6
Continuous
 62
     7
370
    25
100
AcDbCircle
 10
3520.0301972708
 20
2841.3243925775
 30
0.0
 40
657.526354145866
100
AcDbArc
 50
179.1761265709
 51
180.0000363308
  0
ARC
  5
558
330
1F
100
AcDbEntity
  8
0
  6
Continuous
 62
     7
370
    25
100
AcDbCircle
 10
2320.8147473133
 20
2841.3242561924
 30
0.0
 40
541.689095811821
100
AcDbArc
 50
359.0571162974
 51
359.9999703259
  0
ARC
  5
559
330
1F
100
AcDbEntity
  8
0
  6
Continuous
 62
     7
370
    25
100
AcDbCircle
 10
2836.2074673117
 20
2832.8419815775
 30
0.0
 40
26.22658038519977
100
AcDbArc
 50
350.5395254072
 51
359.0570883683
  0
ARC
  5
55A
330
1F
100
AcDbEntity
  8
0
  6
Continuous
 62
     7
370
    25
100
AcDbCircle
 10
2857.6865012484
 20
2829.2628549096
 30
0.0
 40
4.451387009266448
100
AcDbArc
 50
324.333342004
 51
350.5395196706
  0
ARC
  5
55B
330
1F
100
AcDbEntity
  8
0
  6
Continuous
 62
     7
370
    25
100
AcDbCircle
 10
2859.9432847816
 20
2827.6431807449
 30
0.0
 40
1.673543184329442
100
AcDbArc
 50
270.0690319803
 51
324.333376779
  0
ARC
  5
55C
330
1F
100
AcDbEntity
  8
0
  6
Continuous
 62
     7
370
    25
100
AcDbCircle
 10
2859.9433029464
 20
2827.6278227528
 30
0.0
 40
1.658185181512982
100
AcDbArc
 50
215.8989175379
 51
270.0690436959
  0
ARC
  5
55D
330
1F
100
AcDbEntity
  8
0
  6
Continuous
 62
     7
370
    25
100
AcDbCircle
 10
2861.8419954146
 20
2829.0021935218
 30
0.0
 40
4.002098170380844
100
AcDbArc
 50
187.7857250047
 51
215.898932677
  0
ARC
  5
55E
330
1F
100
AcDbEntity
  8
0
  6
Continuous
 62
     7
370
    25
100
AcDbCircle
 10
2883.060735999
 20
2831.9034307083
 30
0.0
 40
25.41826330796374
100
AcDbArc
 50
179.167042262
 51
187.7857626423
  0
ARC
  5
55F
330
1F
100
AcDbEntity
  8
0
  6
Continuous
 62
     7
370
    25
100
AcDbCircle
 10
3445.877063388
 20
2823.7205305476
 30
0.0
 40
588.2940739720322
100
AcDbArc
 50
178.2855906619
 51
179.167024588
  0
ARC
  5
560
330
1F
100
AcDbEntity
  8
0
  6
Continuous
 62
     7
370
    25
100
AcDbCircle
 10
2114.9536074174
 20
2863.5557048507
 30
0.0
 40
743.2253914376163
100
AcDbArc
 50
358.2856464138
 51
359.0336974548
  0
ARC
  5
561
330
1F
100
AcDbEntity
  8
0
  6
Continuous
 62
     7
370
    25
100
AcDbCircle
 10
2838.850876305
 20
2851.3459073179
 30
0.0
 40
19.22516004352318
100
AcDbArc
 50
359.0336852647
 51
9.4605051411
  0
ARC
  5
562
330
1F
100
AcDbEntity
  8
0
  6
Continuous
 62
     7
370
    25
100
AcDbCircle
 10
2855.2272558722
 20
2854.0747711106
 30
0.0
 40
2.622976291822956
100
AcDbArc
 50
9.4604840449
 51
49.1892595432
  0
ARC
  5
563
330
1F
100
AcDbEntity
  8
0
  6
Continuous
 62
     7
370
    25
100
AcDbCircle
 10
2855.2877857369
 20
2854.1448590141
 30
0.0
 40
2.530368631763629
100
AcDbArc
 50
49.1894082686
 51
89.9999753576
  0
ARC
  5
564
330
1F
100
AcDbEntity
  8
0
  6
Continuous
 62
     7
370
    25
100
AcDbCircle
 10
2855.287789942
 20
2861.6806021854
 30
0.0
 40
5.005374539547635
100
AcDbArc
 50
254.5441808215
 51
269.9999643226
  0
ARC
  5
565
330
1F
100
AcDbEntity
  8
0
  6
Continuous
 62
     7
370
    25
100
AcDbCircle
 10
2854.538248989
 20
2858.9697406903
 30
0.0
 40
2.192798907537724
100
AcDbArc
 50
225.9070056451
 51
254.5442603497
  0
ARC
  5
566
330
1F
100
AcDbEntity
  8
0
  6
Continuous
 62
     7
370
    25
100
AcDbCircle
 10
2854.4822043719
 20
2858.9118900942
 30
0.0
 40
2.112252706051478
100
AcDbArc
 50
196.5996175063
 51
225.906951171
  0
ARC
  5
567
330
1F
100
AcDbEntity
  8
0
  6
Continuous
 62
     7
370
    25
100
AcDbCircle
 10
2856.788013581
 20
2859.5992710124
 30
0.0
 40
4.518338455898313
100
AcDbArc
 50
179.9999412443
 51
196.5996916269
  0
ARC
  5
568
330
1F
100
AcDbEntity
  8
0
  6
Continuous
 62
     7
370
    25
100
AcDbCircle
 10
2855.662002125
 20
2859.5992770454
 30
0.0
 40
3.39232699993438
100
AcDbArc
 50
152.9789590079
 51
180.000023639
  0
ARC
  5
569
330
1F
100
AcDbEntity
  8
0
  6
Continuous
 62
     7
370
    25
100
AcDbCircle
 10
2878.9516512051
 20
2786.1571620943
 30
0.0
 40
76.36616155154019
100
AcDbArc
 50
87.0982669994
 51
90.0000285706
  0
ARC
  5
56A
330
1F
100
AcDbEntity
  8
0
  6
Continuous
 62
     7
370
    25
100
AcDbCircle
 10
2882.5407348373
 20
2856.9643712012
 30
0.0
 40
5.468048862806747
100
AcDbArc
 50
67.1664038058
 51
87.0982458983
  0
ARC
  5
56B
330
1F
100
AcDbEntity
  8
0
  6
Continuous
 62
     7
370
    25
100
AcDbCircle
 10
2883.9909641883
 20
2860.4086808226
 30
0.0
 40
1.730879621443734
100
AcDbArc
 50
24.3165423763
 51
67.1663374388
  0
ARC
  5
56C
330
1F
100
AcDbEntity
  8
0
  6
Continuous
 62
     7
370
    25
100
AcDbCircle
 10
2882.1997141626
 20
2859.5992750055
 30
0.0
 40
3.696512962481903
100
AcDbArc
 50
0.000009926
 51
24.3165810157
  0
ARC
  5
56D
330
1F
100
AcDbEntity
  8
0
  6
Continuous
 62
     7
370
    25
100
AcDbCircle
 10
2881.4424569341
 20
2859.5992776941
 30
0.0
 40
4.453770190966718
100
AcDbArc
 50
341.2434466126
 51
359.9999736498
  0
ARC
  5
56E
330
1F
100
AcDbEntity
  8
0
  6
Continuous
 62
     7
370
    25
100
AcDbCircle
 10
2884.0302055409
 20
2858.7205247179
 30
0.0
 40
1.720887162900914
100
AcDbArc
 50
303.1134164095
 51
341.2434652202
  0
ARC
  5
56F
330
1F
100
AcDbEntity
  8
0
  6
Continuous
 62
     7
370
    25
100
AcDbCircle
 10
2883.314942475
 20
2859.8171777442
 30
0.0
 40
3.030180527071348
100
AcDbArc
 50
276.7264896226
 51
303.1133843518
  0
ARC
  5
570
330
1F
100
AcDbEntity
  8
0
  6
Continuous
 62
     7
370
    25
100
AcDbCircle
 10
2881.4130309581
 20
2875.943100662
 30
0.0
 40
19.26787301618135
100
AcDbArc
 50
270.000040468
 51
276.7264664072
  0
ARC
  5
571
330
1F
100
AcDbEntity
  8
0
  6
Continuous
 62
     7
370
    25
100
AcDbCircle
 10
2881.4130673181
 20
2830.8494944391
 30
0.0
 40
25.82573320677877
100
AcDbArc
 50
90.0000504746
 51
95.6924757959
  0
ARC
  5
572
330
1F
100
AcDbEntity
  8
0
  6
Continuous
 62
     7
370
    25
100
AcDbCircle
 10
2879.0333853321
 20
2854.7225691432
 30
0.0
 40
1.834347623951726
100
AcDbArc
 50
95.6925192218
 51
135.0000005756
  0
ARC
  5
573
330
1F
100
AcDbEntity
  8
0
  6
Continuous
 62
     7
370
    25
100
AcDbCircle
 10
2878.839209569
 20
2854.9167450434
 30
0.0
 40
1.559741529319552
100
AcDbArc
 50
135.0000042382
 51
179.0840696304
  0
ARC
  5
574
330
1F
100
AcDbEntity
  8
0
  6
Continuous
 62
     7
370
    25
100
AcDbCircle
 10
2894.8300898294
 20
2854.661093968
 30
0.0
 40
17.55266524497759
100
AcDbArc
 50
179.0840726494
 51
186.5637863211
  0
ARC
  5
575
330
1F
100
AcDbEntity
  8
0
  6
Continuous
 62
     7
370
    25
100
AcDbCircle
 10
2888.3564485198
 20
2853.9162023201
 30
0.0
 40
11.03630925625291
100
AcDbArc
 50
186.5637248529
 51
197.3111742152
  0
ARC
  5
576
330
1F
100
AcDbEntity
  8
0
  6
Continuous
 62
     7
370
    25
100
AcDbCircle
 10
2880.7738751172
 20
2851.5528756379
 30
0.0
 40
3.093971287301851
100
AcDbArc
 50
197.3112502776
 51
252.6887497226
  0
ARC
  5
577
330
1F
100
AcDbEntity
  8
0
  6
Continuous
 62
     7
370
    25
100
AcDbCircle
 10
2883.1372017997
 20
2859.1354490422
 30
0.0
 40
11.0363092579358
100
AcDbArc
 50
252.6888257856
 51
263.4362751463
  0
ARC
  5
578
330
1F
100
AcDbEntity
  8
0
  6
Continuous
 62
     7
370
    25
100
AcDbCircle
 10
2880.772548264
 20
2838.5844417482
 30
0.0
 40
9.65029237556544
100
AcDbArc
 50
64.2365499202
 51
83.4362435609
  0
ARC
  5
579
330
1F
100
AcDbEntity
  8
0
  6
Continuous
 62
     7
370
    25
100
AcDbCircle
 10
2884.2238895659
 20
2845.7355220242
 30
0.0
 40
1.70990788266662
100
AcDbArc
 50
355.5099099012
 51
64.236554339
  0
ARC
  5
57A
330
1F
100
AcDbEntity
  8
0
  6
Continuous
 62
     7
370
    25
100
AcDbCircle
 10
2884.1455392801
 20
2845.7416732708
 30
0.0
 40
1.78849926338226
100
AcDbArc
 50
288.7947780872
 51
355.5099552292
  0
ARC
  5
57B
330
1F
100
AcDbEntity
  8
0
  6
Continuous
 62
     7
370
    25
100
AcDbCircle
 10
2881.5101523924
 20
2853.485379556
 30
0.0
 40
9.968367910184417
100
AcDbArc
 50
270.0000157071
 51
288.7947876711
  0
ARC
  5
57C
330
1F
100
AcDbEntity
  8
0
  6
Continuous
 62
     7
370
    25
100
AcDbCircle
 10
2881.5101545062
 20
2824.3365710952
 30
0.0
 40
19.18044055062544
100
AcDbArc
 50
89.9999981512
 51
97.7791512131
  0
ARC
  5
57D
330
1F
100
AcDbEntity
  8
0
  6
Continuous
 62
     7
370
    25
100
AcDbCircle
 10
2879.1482358978
 20
2841.6257778905
 30
0.0
 40
1.730645963800928
100
AcDbArc
 50
97.7791249222
 51
143.1301300363
  0
ARC
  5
57E
330
1F
100
AcDbEntity
  8
0
  6
Continuous
 62
     7
370
    25
100
AcDbCircle
 10
2879.8942431636
 20
2841.0662697037
 30
0.0
 40
2.663156688501639
100
AcDbArc
 50
143.1300732271
 51
176.3919571138
  0
ARC
  5
57F
330
1F
100
AcDbEntity
  8
0
  6
Continuous
 62
     7
370
    25
100
AcDbCircle
 10
2933.7742360314
 20
2837.6688987811
 30
0.0
 40
56.65015290626413
100
AcDbArc
 50
176.3920220187
 51
179.9999829431
  0
ARC
  5
580
330
1F
100
AcDbEntity
  8
0
  6
Continuous
 62
     7
370
    25
100
AcDbCircle
 10
2933.7742360291
 20
2837.6689325104
 30
0.0
 40
56.65015290400316
100
AcDbArc
 50
180.0000170568
 51
183.6079779813
  0
ARC
  5
581
330
1F
100
AcDbEntity
  8
0
  6
Continuous
 62
     7
370
    25
100
AcDbCircle
 10
2879.8942431636
 20
2834.271561588
 30
0.0
 40
2.663156688476445
100
AcDbArc
 50
183.6080428863
 51
216.8699267732
  0
ARC
  5
582
330
1F
100
AcDbEntity
  8
0
  6
Continuous
 62
     7
370
    25
100
AcDbCircle
 10
2879.1482358978
 20
2833.7120534012
 30
0.0
 40
1.730645963816753
100
AcDbArc
 50
216.869869964
 51
262.2208750777
  0
ARC
  5
583
330
1F
100
AcDbEntity
  8
0
  6
Continuous
 62
     7
370
    25
100
AcDbCircle
 10
2881.5101545062
 20
2851.0012601965
 30
0.0
 40
19.18044055060455
100
AcDbArc
 50
262.2208487868
 51
270.0000018487
  0
ARC
  5
584
330
1F
100
AcDbEntity
  8
0
  6
Continuous
 62
     7
370
    25
100
AcDbCircle
 10
2881.5101464802
 20
2813.9024542115
 30
0.0
 40
17.91836543431627
100
AcDbArc
 50
82.965572911
 51
89.999972357
  0
ARC
  5
585
330
1F
100
AcDbEntity
  8
0
  6
Continuous
 62
     7
370
    25
100
AcDbCircle
 10
2883.3424468461
 20
2828.7516193782
 30
0.0
 40
2.956579752893501
100
AcDbArc
 50
56.3099345713
 51
82.9654690247
  0
ARC
  5
586
330
1F
100
AcDbEntity
  8
0
  6
Continuous
 62
     7
370
    25
100
AcDbCircle
 10
2884.0223458768
 20
2829.7714678262
 30
0.0
 40
1.730874425789223
100
AcDbArc
 50
18.5707400577
 51
56.3099378592
  0
ARC
  5
587
330
1F
100
AcDbEntity
  8
0
  6
Continuous
 62
     7
370
    25
100
AcDbCircle
 10
2881.4188435761
 20
2828.8967746606
 30
0.0
 40
4.477383548952483
100
AcDbArc
 50
359.9999614216
 51
18.5707125299
  0
ARC
  5
588
330
1F
100
AcDbEntity
  8
0
  6
Continuous
 62
     7
370
    25
100
AcDbCircle
 10
2882.1997141626
 20
2828.8967722862
 30
0.0
 40
3.696512962541455
100
AcDbArc
 50
335.6834189844
 51
359.9999900738
  0
ARC
  5
589
330
1F
100
AcDbEntity
  8
0
  6
Continuous
 62
     7
370
    25
100
AcDbCircle
 10
2883.9909641883
 20
2828.0873664691
 30
0.0
 40
1.73087962143967
100
AcDbArc
 50
292.8336625612
 51
335.6834576237
  0
ARC
  5
58A
330
1F
100
AcDbEntity
  8
0
  6
Continuous
 62
     7
370
    25
100
AcDbCircle
 10
2882.5407348373
 20
2831.5316760903
 30
0.0
 40
5.46804886260875
100
AcDbArc
 50
272.9017541014
 51
292.8335961947
  0
ARC
  5
58B
330
1F
100
AcDbEntity
  8
0
  6
Continuous
 62
     7
370
    25
100
AcDbCircle
 10
2878.9516512052
 20
2902.3388851936
 30
0.0
 40
76.36616154781633
100
AcDbArc
 50
269.9999714294
 51
272.9017330007
  0
ARC
  5
58C
330
1F
100
AcDbEntity
  8
0
  6
Continuous
 62
     7
370
    25
100
AcDbCircle
 10
2625.542431699
 20
2812.0834704549
 30
0.0
 40
33.74007542608509
100
AcDbArc
 50
354.5066589902
 51
0.000042778
  0
ARC
  5
58D
330
1F
100
AcDbEntity
  8
0
  6
Continuous
 62
     7
370
    25
100
AcDbCircle
 10
2657.3518722629
 20
2809.0243005622
 30
0.0
 40
1.783870560371728
100
AcDbArc
 50
307.8750391373
 51
354.5066687869
  0
ARC
  5
58E
330
1F
100
AcDbEntity
  8
0
  6
Continuous
 62
     7
370
    25
100
AcDbCircle
 10
2656.8433211764
 20
2809.6781552301
 30
0.0
 40
2.612212358301629
100
AcDbArc
 50
272.7544776537
 51
307.8749774952
  0
ARC
  5
58F
330
1F
100
AcDbEntity
  8
0
  6
Continuous
 62
     7
370
    25
100
AcDbCircle
 10
2652.7033686372
 20
2895.7280375606
 30
0.0
 40
88.76162591480653
100
AcDbArc
 50
270.00001968
 51
272.75443895
  0
ARC
  5
590
330
1F
100
AcDbEntity
  8
0
  6
Continuous
 62
     7
370
    25
100
AcDbCircle
 10
2652.703368637
 20
2697.7364497231
 30
0.0
 40
88.76162592275956
100
AcDbArc
 50
87.2455610501
 51
89.9999803199
  0
ARC
  5
591
330
1F
100
AcDbEntity
  8
0
  6
Continuous
 62
     7
370
    25
100
AcDbCircle
 10
2656.8433211765
 20
2783.7863320616
 30
0.0
 40
2.612212358296329
100
AcDbArc
 50
52.1250225049
 51
87.2455223465
  0
ARC
  5
592
330
1F
100
AcDbEntity
  8
0
  6
Continuous
 62
     7
370
    25
100
AcDbCircle
 10
2625.5424316986
 20
2781.3810168367
 30
0.0
 40
33.740075426483
100
AcDbArc
 50
359.999957222
 51
5.4933410098
  0
ARC
  5
593
330
1F
100
AcDbEntity
  8
0
  6
Continuous
 62
     7
370
    25
100
AcDbCircle
 10
2625.5424316969
 20
2781.3809664551
 30
0.0
 40
33.74007542819781
100
AcDbArc
 50
354.5066589903
 51
0.0000427778
  0
ARC
  5
594
330
1F
100
AcDbEntity
  8
0
  6
Continuous
 62
     7
370
    25
100
AcDbCircle
 10
2657.3518722629
 20
2778.3217965622
 30
0.0
 40
1.783870560373313
100
AcDbArc
 50
307.8750391375
 51
354.506668787
  0
ARC
  5
595
330
1F
100
AcDbEntity
  8
0
  6
Continuous
 62
     7
370
    25
100
AcDbCircle
 10
2656.8433211764
 20
2778.9756512301
 30
0.0
 40
2.61221235830997
100
AcDbArc
 50
272.7544776538
 51
307.8749774952
  0
ARC
  5
596
330
1F
100
AcDbEntity
  8
0
  6
Continuous
 62
     7
370
    25
100
AcDbCircle
 10
2652.7033686371
 20
2865.0255335681
 30
0.0
 40
88.76162592223119
100
AcDbArc
 50
270.0000196801
 51
272.7544389498
  0
ARC
  5
597
330
1F
100
AcDbEntity
  8
0
  6
Continuous
 62
     7
370
    25
100
AcDbCircle
 10
2657.3518722629
 20
2784.4401867295
 30
0.0
 40
1.783870560359298
100
AcDbArc
 50
5.4933312129
 51
52.1249608628
  0
ARC
  5
598
330
1F
100
AcDbEntity
  8
0
  6
Continuous
 62
     7
370
    25
100
AcDbCircle
 10
2663.6213286827
 20
2788.2101514353
 30
0.0
 40
24.10676288711241
100
AcDbArc
 50
38.1885340492
 51
42.7997635848
  0
ARC
  5
599
330
1F
100
AcDbEntity
  8
0
  6
Continuous
 62
     7
370
    25
100
AcDbCircle
 10
2668.6005048547
 20
2792.8208946137
 30
0.0
 40
17.32066327030869
100
AcDbArc
 50
42.7997304523
 51
48.70767897
  0
ARC
  5
59A
330
1F
100
AcDbEntity
  8
0
  6
Continuous
 62
     7
370
    25
100
AcDbCircle
 10
2670.4925431572
 20
2794.9751312234
 30
0.0
 40
14.45351410972092
100
AcDbArc
 50
48.7076988902
 51
54.491969037
  0
ARC
  5
59B
330
1F
100
AcDbEntity
  8
0
  6
Continuous
 62
     7
370
    25
100
AcDbCircle
 10
2678.1827047668
 20
2805.7531477708
 30
0.0
 40
1.213263875066055
100
AcDbArc
 50
54.4918744222
 51
89.9999690042
  0
ARC
  5
59C
330
1F
100
AcDbEntity
  8
0
  6
Continuous
 62
     7
370
    25
100
AcDbCircle
 10
2678.1827050416
 20
2806.4207696829
 30
0.0
 40
0.5456419629386906
100
AcDbArc
 50
89.9999599371
 51
172.8523963321
  0
ARC
  5
59D
330
1F
100
AcDbEntity
  8
0
  6
Continuous
 62
     7
370
    25
100
AcDbCircle
 10
2795.6997170449
 20
2791.6841211081
 30
0.0
 40
118.9830385967558
100
AcDbArc
 50
172.8524116408
 51
174.7014209191
  0
ARC
  5
59E
330
1F
100
AcDbEntity
  8
0
  6
Continuous
 62
     7
370
    25
100
AcDbCircle
 10
2758.8802490287
 20
2795.0989203125
 30
0.0
 40
82.00555790110909
100
AcDbArc
 50
174.7014775458
 51
178.0062982082
  0
ARC
  5
59F
330
1F
100
AcDbEntity
  8
0
  6
Continuous
 62
     7
370
    25
100
AcDbCircle
 10
2837.9650058443
 20
2792.3461069407
 30
0.0
 40
161.138210719216
100
AcDbArc
 50
178.0063633351
 51
179.9999769928
  0
ARC
  5
5A0
330
1F
100
AcDbEntity
  8
0
  6
Continuous
 62
     7
370
    25
100
AcDbCircle
 10
2563.1609162076
 20
2788.4938885342
 30
0.0
 40
122.4380229174759
100
AcDbArc
 50
0.0000262136
 51
2.6712636683
  0
ARC
  5
5A1
330
1F
100
AcDbEntity
  8
0
  6
Continuous
 62
     7
370
    25
100
AcDbCircle
 10
2661.8608886479
 20
2793.0988346788
 30
0.0
 40
23.63068468440198
100
AcDbArc
 50
2.6713003334
 51
11.709261358
  0
ARC
  5
5A2
330
1F
100
AcDbEntity
  8
0
  6
Continuous
 62
     7
370
    25
100
AcDbCircle
 10
2672.7367449658
 20
2795.3529526584
 30
0.0
 40
12.52369145883246
100
AcDbArc
 50
11.7092480515
 51
24.9860797939
  0
ARC
  5
5A3
330
1F
100
AcDbEntity
  8
0
  6
Continuous
 62
     7
370
    25
100
AcDbCircle
 10
2672.651305056
 20
2795.3131085866
 30
0.0
 40
12.61796514341946
100
AcDbArc
 50
24.986195269
 51
38.1885623739
  0
ARC
  5
5A4
330
1F
100
AcDbEntity
  8
0
  6
Continuous
 62
     7
370
    25
100
AcDbCircle
 10
2673.6865562584
 20
2792.8743983966
 30
0.0
 40
24.32618124923833
100
AcDbArc
 50
75.3869932829
 51
90.0000415207
  0
ARC
  5
5A5
330
1F
100
AcDbEntity
  8
0
  6
Continuous
 62
     7
370
    25
100
AcDbCircle
 10
2674.5163390123
 20
2796.0569000011
 30
0.0
 40
21.03728236357845
100
AcDbArc
 50
59.0923967221
 51
75.3870767056
  0
ARC
  5
5A6
330
1F
100
AcDbEntity
  8
0
  6
Continuous
 62
     7
370
    25
100
AcDbCircle
 10
2674.8329849646
 20
2796.585744019
 30
0.0
 40
20.42088910199239
100
AcDbArc
 50
42.5299139429
 51
59.0925026762
  0
ARC
  5
5A7
330
1F
100
AcDbEntity
  8
0
  6
Continuous
 62
     7
370
    25
100
AcDbCircle
 10
2678.9385293526
 20
2798.2737157583
 30
0.0
 40
16.04115985445329
100
AcDbArc
 50
12.7816008646
 51
26.6757399699
  0
ARC
  5
5A8
330
1F
100
AcDbEntity
  8
0
  6
Continuous
 62
     7
370
    25
100
AcDbCircle
 10
2658.5251269899
 20
2793.6427959738
 30
0.0
 40
36.9732503871732
100
AcDbArc
 50
5.3378333572
 51
12.7816034071
  0
ARC
  5
5A9
330
1F
100
AcDbEntity
  8
0
  6
Continuous
 62
     7
370
    25
100
AcDbCircle
 10
2602.8784110155
 20
2788.4436676062
 30
0.0
 40
92.86231849998536
100
AcDbArc
 50
0.9906746223
 51
5.3377569736
  0
ARC
  5
5AA
330
1F
100
AcDbEntity
  8
0
  6
Continuous
 62
     7
370
    25
100
AcDbCircle
 10
2000.0860190466
 20
2778.0204987322
 30
0.0
 40
695.744819709731
100
AcDbArc
 50
0.0058419412
 51
0.9906357384
  0
ARC
  5
5AB
330
1F
100
AcDbEntity
  8
0
  6
Continuous
 62
     7
370
    25
100
AcDbCircle
 10
2690.7160156299
 20
2790.7515685911
 30
0.0
 40
34.95599694524879
100
AcDbArc
 50
264.780581776
 51
270.0000122853
  0
ARC
  5
5AC
330
1F
100
AcDbEntity
  8
0
  6
Continuous
 62
     7
370
    25
100
AcDbCircle
 10
2687.7081886155
 20
2757.8247358417
 30
0.0
 40
1.892068892845164
100
AcDbArc
 50
221.1859809506
 51
264.7805341594
  0
ARC
  5
5AD
330
1F
100
AcDbEntity
  8
0
  6
Continuous
 62
     7
370
    25
100
AcDbCircle
 10
2688.0278703041
 20
2758.1044566126
 30
0.0
 40
2.316851297929079
100
AcDbArc
 50
183.6276564355
 51
221.1859575722
  0
ARC
  5
5AE
330
1F
100
AcDbEntity
  8
0
  6
Continuous
 62
     7
370
    25
100
AcDbCircle
 10
2743.8518646219
 20
2761.6436733606
 30
0.0
 40
58.25292549680881
100
AcDbArc
 50
180.0000056209
 51
183.6276713823
  0
ARC
  5
5AF
330
1F
100
AcDbEntity
  8
0
  6
Continuous
 62
     7
370
    25
100
AcDbCircle
 10
2629.2918819723
 20
2761.6436144716
 30
0.0
 40
56.30705715279205
100
AcDbArc
 50
0.0000541079
 51
3.6121393048
  0
ARC
  5
5B0
330
1F
100
AcDbEntity
  8
0
  6
Continuous
 62
     7
370
    25
100
AcDbCircle
 10
2682.7753977174
 20
2765.0198867161
 30
0.0
 40
2.717079818202067
100
AcDbArc
 50
3.6121804412
 51
36.3124417339
  0
ARC
  5
5B1
330
1F
100
AcDbEntity
  8
0
  6
Continuous
 62
     7
370
    25
100
AcDbCircle
 10
2683.5831833248
 20
2765.6135314185
 30
0.0
 40
1.7146170407882
100
AcDbArc
 50
36.312520395
 51
81.7983488167
  0
ARC
  5
5B2
330
1F
100
AcDbEntity
  8
0
  6
Continuous
 62
     7
370
    25
100
AcDbCircle
 10
2681.3011177704
 20
2749.780486294
 30
0.0
 40
17.7112773518553
100
AcDbArc
 50
81.79827474
 51
89.9999856577
  0
ARC
  5
5B3
330
1F
100
AcDbEntity
  8
0
  6
Continuous
 62
     7
370
    25
100
AcDbCircle
 10
2681.3011229492
 20
2751.4877458773
 30
0.0
 40
16.00401776854828
100
AcDbArc
 50
90.0000026685
 51
98.8345295203
  0
ARC
  5
5B4
330
1F
100
AcDbEntity
  8
0
  6
Continuous
 62
     7
370
    25
100
AcDbCircle
 10
2679.1568547047
 20
2765.2838732079
 30
0.0
 40
2.042247980079572
100
AcDbArc
 50
98.834514198
 51
139.0856376707
  0
ARC
  5
5B5
330
1F
100
AcDbEntity
  8
0
  6
Continuous
 62
     7
370
    25
100
AcDbCircle
 10
2679.8021963032
 20
2764.7245747753
 30
0.0
 40
2.896227204344462
100
AcDbArc
 50
139.0855959224
 51
170.5955445987
  0
ARC
  5
5B6
330
1F
100
AcDbEntity
  8
0
  6
Continuous
 62
     7
370
    25
100
AcDbCircle
 10
2715.8190819602
 20
2758.7590931017
 30
0.0
 40
39.40380208988046
100
AcDbArc
 50
170.5954766037
 51
175.2687892845
  0
ARC
  5
5B7
330
1F
100
AcDbEntity
  8
0
  6
Continuous
 62
     7
370
    25
100
AcDbCircle
 10
2641.6664309216
 20
2764.8962523583
 30
0.0
 40
35.00238300105165
100
AcDbArc
 50
349.9995972929
 51
355.2687345028
  0
ARC
  5
5B8
330
1F
100
AcDbEntity
  8
0
  6
Continuous
 62
     7
370
    25
100
AcDbCircle
 10
2673.0949978759
 20
2759.3543248271
 30
0.0
 40
3.088940981143114
100
AcDbArc
 50
318.7747598164
 51
349.999514109
  0
ARC
  5
5B9
330
1F
100
AcDbEntity
  8
0
  6
Continuous
 62
     7
370
    25
100
AcDbCircle
 10
2673.5008037575
 20
2758.9987553609
 30
0.0
 40
2.549396674481354
100
AcDbArc
 50
283.067532189
 51
318.7747154987
  0
ARC
  5
5BA
330
1F
100
AcDbEntity
  8
0
  6
Continuous
 62
     7
370
    25
100
AcDbCircle
 10
2669.3284602237
 20
2776.9746560374
 30
0.0
 40
21.00316202724442
100
AcDbArc
 50
275.5073476184
 51
283.0674179881
  0
ARC
  5
5BB
330
1F
100
AcDbEntity
  8
0
  6
Continuous
 62
     7
370
    25
100
AcDbCircle
 10
2673.929910786
 20
2795.7573167227
 30
0.0
 40
21.64638278059497
100
AcDbArc
 50
26.6756996579
 51
42.5300006889
  0
ARC
  5
5BC
330
1F
100
AcDbEntity
  8
0
  6
Continuous
 62
     7
370
    25
100
AcDbCircle
 10
2723.0193156061
 20
2815.9349969107
 30
0.0
 40
5.763046961730423
100
AcDbArc
 50
305.7079187818
 51
335.5045817795
  0
ARC
  5
5BD
330
1F
100
AcDbEntity
  8
0
  6
Continuous
 62
     7
370
    25
100
AcDbCircle
 10
2734.7963220241
 20
2810.5690325377
 30
0.0
 40
7.178801971944058
100
AcDbArc
 50
129.2512782698
 51
155.50450434
  0
ARC
  5
5BE
330
1F
100
AcDbEntity
  8
0
  6
Continuous
 62
     7
370
    25
100
AcDbCircle
 10
2733.1267117927
 20
2812.6124394311
 30
0.0
 40
4.540031414123366
100
AcDbArc
 50
92.2613940855
 51
129.2512709393
  0
ARC
  5
5BF
330
1F
100
AcDbEntity
  8
0
  6
Continuous
 62
     7
370
    25
100
AcDbCircle
 10
2733.1117801532
 20
2812.9904106075
 30
0.0
 40
4.161765417710196
100
AcDbArc
 50
53.2195594712
 51
92.2613138863
  0
ARC
  5
5C0
330
1F
100
AcDbEntity
  8
0
  6
Continuous
 62
     7
370
    25
100
AcDbCircle
 10
2731.9846967601
 20
2811.4827319779
 30
0.0
 40
6.044160653852314
100
AcDbArc
 50
23.6881646866
 51
53.2195731299
  0
ARC
  5
5C1
330
1F
100
AcDbEntity
  8
0
  6
Continuous
 62
     7
370
    25
100
AcDbCircle
 10
2742.6866611227
 20
2816.1779331576
 30
0.0
 40
5.64245371192732
100
AcDbArc
 50
203.6881987516
 51
233.0505419222
  0
ARC
  5
5C2
330
1F
100
AcDbEntity
  8
0
  6
Continuous
 62
     7
370
    25
100
AcDbCircle
 10
2744.325524068
 20
2818.356787502
 30
0.0
 40
8.368857571879799
100
AcDbArc
 50
233.0505974484
 51
254.9061563102
  0
ARC
  5
5C3
330
1F
100
AcDbEntity
  8
0
  6
Continuous
 62
     7
370
    25
100
AcDbCircle
 10
2744.1233456147
 20
2817.6071662808
 30
0.0
 40
7.592450396372548
100
AcDbArc
 50
254.9061674685
 51
277.9613655035
  0
ARC
  5
5C4
330
1F
100
AcDbEntity
  8
0
  6
Continuous
 62
     7
370
    25
100
AcDbCircle
 10
2744.6171048051
 20
2814.0765711789
 30
0.0
 40
4.027495991067148
100
AcDbArc
 50
277.961451757
 51
314.999998622
  0
ARC
  5
5C5
330
1F
100
AcDbEntity
  8
0
  6
Continuous
 62
     7
370
    25
100
AcDbCircle
 10
2752.3841190889
 20
2806.3095619263
 30
0.0
 40
6.956717390618133
100
AcDbArc
 50
127.4069934144
 51
135.0000300983
  0
ARC
  5
5C6
330
1F
100
AcDbEntity
  8
0
  6
Continuous
 62
     7
370
    25
100
AcDbCircle
 10
2752.4651299771
 20
2806.2036370148
 30
0.0
 40
7.090069746639523
100
AcDbArc
 50
119.9213574369
 51
127.4070235181
  0
ARC
  5
5C7
330
1F
100
AcDbEntity
  8
0
  6
Continuous
 62
     7
370
    25
100
AcDbCircle
 10
2751.8810667396
 20
2807.2184701715
 30
0.0
 40
5.919165736314575
100
AcDbArc
 50
112.0217546669
 51
119.921317054
  0
ARC
  5
5C8
330
1F
100
AcDbEntity
  8
0
  6
Continuous
 62
     7
370
    25
100
AcDbCircle
 10
2750.2203991294
 20
2811.3242779108
 30
0.0
 40
1.490229735059742
100
AcDbArc
 50
89.9999694074
 51
112.0217577293
  0
ARC
  5
5C9
330
1F
100
AcDbEntity
  8
0
  6
Continuous
 62
     7
370
    25
100
AcDbCircle
 10
2750.220400512
 20
2811.8304983693
 30
0.0
 40
0.984009276525005
100
AcDbArc
 50
14.0224937008
 51
90.0000341726
  0
ARC
  5
5CA
330
1F
100
AcDbEntity
  8
0
  6
Continuous
 62
     7
370
    25
100
AcDbCircle
 10
2748.2345855991
 20
2811.3345523875
 30
0.0
 40
3.03081734888816
100
AcDbArc
 50
340.8366551652
 51
14.02246731
  0
ARC
  5
5CB
330
1F
100
AcDbEntity
  8
0
  6
Continuous
 62
     7
370
    25
100
AcDbCircle
 10
2739.6722029677
 20
2814.3101523945
 30
0.0
 40
12.09550662802789
100
AcDbArc
 50
326.2952634135
 51
340.8366388964
  0
ARC
  5
5CC
330
1F
100
AcDbEntity
  8
0
  6
Continuous
 62
     7
370
    25
100
AcDbCircle
 10
2716.5027426092
 20
2829.7650989886
 30
0.0
 40
39.94652577515347
100
AcDbArc
 50
320.3231033264
 51
326.2951800189
  0
ARC
  5
5CD
330
1F
100
AcDbEntity
  8
0
  6
Continuous
 62
     7
370
    25
100
AcDbCircle
 10
2741.7260976022
 20
2803.8501530299
 30
0.0
 40
3.787522884887688
100
AcDbArc
 50
259.9262468121
 51
289.1368547135
  0
ARC
  5
5CE
330
1F
100
AcDbEntity
  8
0
  6
Continuous
 62
     7
370
    25
100
AcDbCircle
 10
2747.7309274299
 20
2837.6503536026
 30
0.0
 40
38.11697875029763
100
AcDbArc
 50
254.564464743
 51
259.9261421357
  0
ARC
  5
5CF
330
1F
100
AcDbEntity
  8
0
  6
Continuous
 62
     7
370
    25
100
AcDbCircle
 10
2733.0322602698
 20
2784.4161099272
 30
0.0
 40
17.10924252162478
100
AcDbArc
 50
74.5645093163
 51
100.7835802757
  0
ARC
  5
5D0
330
1F
100
AcDbEntity
  8
0
  6
Continuous
 62
     7
370
    25
100
AcDbCircle
 10
2732.8832785853
 20
2785.1984230316
 30
0.0
 40
16.31286991081725
100
AcDbArc
 50
100.7836499091
 51
127.9563567009
  0
ARC
  5
5D1
330
1F
100
AcDbEntity
  8
0
  6
Continuous
 62
     7
370
    25
100
AcDbCircle
 10
2733.0875895167
 20
2784.9364958347
 30
0.0
 40
16.64505782916712
100
AcDbArc
 50
127.956335223
 51
154.810588629
  0
ARC
  5
5D2
330
1F
100
AcDbEntity
  8
0
  6
Continuous
 62
     7
370
    25
100
AcDbCircle
 10
2734.4301870839
 20
2784.3050242964
 30
0.0
 40
18.12874395879519
100
AcDbArc
 50
154.8105997398
 51
179.9999514881
  0
ARC
  5
5D3
330
1F
100
AcDbEntity
  8
0
  6
Continuous
 62
     7
370
    25
100
AcDbCircle
 10
2733.6876903705
 20
2784.3050430657
 30
0.0
 40
17.3862472454042
100
AcDbArc
 50
180.0000112699
 51
208.2134473381
  0
ARC
  5
5D4
330
1F
100
AcDbEntity
  8
0
  6
Continuous
 62
     7
370
    25
100
AcDbCircle
 10
2731.9190635668
 20
2783.356168881
 30
0.0
 40
15.37915905879352
100
AcDbArc
 50
208.2134135049
 51
239.1427495891
  0
ARC
  5
5D5
330
1F
100
AcDbEntity
  8
0
  6
Continuous
 62
     7
370
    25
100
AcDbCircle
 10
2732.6400751645
 20
2784.5629023011
 30
0.0
 40
16.78488423492717
100
AcDbArc
 50
239.1426942959
 51
268.4951179707
  0
ARC
  5
5D6
330
1F
100
AcDbEntity
  8
0
  6
Continuous
 62
     7
370
    25
100
AcDbCircle
 10
2732.7711663489
 20
2789.5537972198
 30
0.0
 40
21.77750048175795
100
AcDbArc
 50
268.4951851755
 51
292.6447297194
  0
ARC
  5
5D7
330
1F
100
AcDbEntity
  8
0
  6
Continuous
 62
     7
370
    25
100
AcDbCircle
 10
2741.812214833
 20
2767.8817748615
 30
0.0
 40
1.704771784580529
100
AcDbArc
 50
70.6289864174
 51
112.6447078735
  0
ARC
  5
5D8
330
1F
100
AcDbEntity
  8
0
  6
Continuous
 62
     7
370
    25
100
AcDbCircle
 10
2740.6780305899
 20
2764.6558767544
 30
0.0
 40
5.124244330850546
100
AcDbArc
 50
52.1197078919
 51
70.6289836256
  0
ARC
  5
5D9
330
1F
100
AcDbEntity
  8
0
  6
Continuous
 62
     7
370
    25
100
AcDbCircle
 10
2736.9874661403
 20
2759.9117857333
 30
0.0
 40
11.13479052673248
100
AcDbArc
 50
40.08190393
 51
52.1196656866
  0
ARC
  5
5DA
330
1F
100
AcDbEntity
  8
0
  6
Continuous
 62
     7
370
    25
100
AcDbCircle
 10
2716.5620274607
 20
2742.7229934145
 30
0.0
 40
37.83035432738447
100
AcDbArc
 50
35.2399833726
 51
40.0819021411
  0
ARC
  5
5DB
330
1F
100
AcDbEntity
  8
0
  6
Continuous
 62
     7
370
    25
100
AcDbCircle
 10
2718.643405917
 20
2744.1934944396
 30
0.0
 40
35.28192156597881
100
AcDbArc
 50
27.1670421859
 51
35.2398856044
  0
ARC
  5
5DC
330
1F
100
AcDbEntity
  8
0
  6
Continuous
 62
     7
370
    25
100
AcDbCircle
 10
2749.701108486
 20
2757.4486146796
 30
0.0
 40
0.9010725007720776
100
AcDbArc
 50
250.267779596
 51
354.6053103877
  0
ARC
  5
5DD
330
1F
100
AcDbEntity
  8
0
  6
Continuous
 62
     7
370
    25
100
AcDbCircle
 10
2751.9732829933
 20
2763.7833406485
 30
0.0
 40
7.630970723770123
100
AcDbArc
 50
227.8553019344
 51
250.2678193053
  0
ARC
  5
5DE
330
1F
100
AcDbEntity
  8
0
  6
Continuous
 62
     7
370
    25
100
AcDbCircle
 10
2738.7945506217
 20
2749.2210017418
 30
0.0
 40
12.00931189522369
100
AcDbArc
 50
47.8553045291
 51
57.4643601234
  0
ARC
  5
5DF
330
1F
100
AcDbEntity
  8
0
  6
Continuous
 62
     7
370
    25
100
AcDbCircle
 10
2743.4611214473
 20
2756.5359955863
 30
0.0
 40
3.332560301777283
100
AcDbArc
 50
57.4644522892
 51
82.4076502192
  0
ARC
  5
5E0
330
1F
100
AcDbEntity
  8
0
  6
Continuous
 62
     7
370
    25
100
AcDbCircle
 10
2743.4281463257
 20
2756.2885634419
 30
0.0
 40
3.582180062030999
100
AcDbArc
 50
82.4077413846
 51
106.2134068655
  0
ARC
  5
5E1
330
1F
100
AcDbEntity
  8
0
  6
Continuous
 62
     7
370
    25
100
AcDbCircle
 10
2746.5707524449
 20
2745.4811074371
 30
0.0
 40
14.83727128847085
100
AcDbArc
 50
106.2134342266
 51
114.4954844281
  0
ARC
  5
5E2
330
1F
100
AcDbEntity
  8
0
  6
Continuous
 62
     7
370
    25
100
AcDbCircle
 10
2743.4769666211
 20
2751.8859796022
 30
0.0
 40
7.71104617094138
100
AcDbArc
 50
125.282871812
 51
136.9537779828
  0
ARC
  5
5E3
330
1F
100
AcDbEntity
  8
0
  6
Continuous
 62
     7
370
    25
100
AcDbCircle
 10
2738.730841227
 20
2755.0760659488
 30
0.0
 40
1.961062101875186
100
AcDbArc
 50
150.0154362571
 51
180.0000050861
  0
ARC
  5
5E4
330
1F
100
AcDbEntity
  8
0
  6
Continuous
 62
     7
370
    25
100
AcDbCircle
 10
2732.1512833701
 20
2755.0760610158
 30
0.0
 40
4.618495755030559
100
AcDbArc
 50
346.7401300648
 51
0.0000590377
  0
ARC
  5
5E5
330
1F
100
AcDbEntity
  8
0
  6
Continuous
 62
     7
370
    25
100
AcDbCircle
 10
2723.3273265581
 20
2757.1554464606
 30
0.0
 40
13.68414838723144
100
AcDbArc
 50
340.8410524765
 51
346.7400687826
  0
ARC
  5
5E6
330
1F
100
AcDbEntity
  8
0
  6
Continuous
 62
     7
370
    25
100
AcDbCircle
 10
2721.9680249603
 20
2757.6277290439
 30
0.0
 40
15.12315904459284
100
AcDbArc
 50
335.0977248313
 51
340.8409971412
  0
ARC
  5
5E7
330
1F
100
AcDbEntity
  8
0
  6
Continuous
 62
     7
370
    25
100
AcDbCircle
 10
2725.3143853698
 20
2756.0742407177
 30
0.0
 40
11.4337886416938
100
AcDbArc
 50
328.0147756633
 51
335.0977158561
  0
ARC
  5
5E8
330
1F
100
AcDbEntity
  8
0
  6
Continuous
 62
     7
370
    25
100
AcDbCircle
 10
2739.9192889718
 20
2746.9533183536
 30
0.0
 40
5.785225093002599
100
AcDbArc
 50
148.0147599885
 51
167.5967314914
  0
ARC
  5
5E9
330
1F
100
AcDbEntity
  8
0
  6
Continuous
 62
     7
370
    25
100
AcDbCircle
 10
2741.2409379607
 20
2746.6626600822
 30
0.0
 40
7.138457623184464
100
AcDbArc
 50
167.5967639882
 51
184.3237236915
  0
ARC
  5
5EA
330
1F
100
AcDbEntity
  8
0
  6
Continuous
 62
     7
370
    25
100
AcDbCircle
 10
2749.7405575684
 20
2747.3052889339
 30
0.0
 40
15.66233616036925
100
AcDbArc
 50
184.3237233737
 51
194.7187524889
  0
ARC
  5
5EB
330
1F
100
AcDbEntity
  8
0
  6
Continuous
 62
     7
370
    25
100
AcDbCircle
 10
2824.8292441956
 20
2767.0306116269
 30
0.0
 40
93.29866280414379
100
AcDbArc
 50
194.7186959743
 51
197.4960302182
  0
ARC
  5
5EC
330
1F
100
AcDbEntity
  8
0
  6
Continuous
 62
     7
370
    25
100
AcDbCircle
 10
2689.0303182347
 20
2724.223781318
 30
0.0
 40
49.08733725641749
100
AcDbArc
 50
10.4927008765
 51
17.4959606438
  0
ARC
  5
5ED
330
1F
100
AcDbEntity
  8
0
  6
Continuous
 62
     7
370
    25
100
AcDbCircle
 10
2729.278934112
 20
2731.6781275176
 30
0.0
 40
8.154241144588022
100
AcDbArc
 50
344.0835765431
 51
10.4926345545
  0
ARC
  5
5EE
330
1F
100
AcDbEntity
  8
0
  6
Continuous
 62
     7
370
    25
100
AcDbCircle
 10
2733.7923789611
 20
2730.3910437135
 30
0.0
 40
3.460866119613846
100
AcDbArc
 50
298.2746410253
 51
344.083518829
  0
ARC
  5
5EF
330
1F
100
AcDbEntity
  8
0
  6
Continuous
 62
     7
370
    25
100
AcDbCircle
 10
2732.3032068503
 20
2733.1596679689
 30
0.0
 40
6.604576323074687
100
AcDbArc
 50
270.0000487493
 51
298.27465493
  0
ARC
  5
5F0
330
1F
100
AcDbEntity
  8
0
  6
Continuous
 62
     7
370
    25
100
AcDbCircle
 10
2732.3032127663
 20
2729.7142692511
 30
0.0
 40
3.159177605262126
100
AcDbArc
 50
222.6017072291
 51
269.9999946218
  0
ARC
  5
5F1
330
1F
100
AcDbEntity
  8
0
  6
Continuous
 62
     7
370
    25
100
AcDbCircle
 10
2733.4809679684
 20
2730.7973372012
 30
0.0
 40
4.759222448609639
100
AcDbArc
 50
187.6952478285
 51
222.6017227894
  0
ARC
  5
5F2
330
1F
100
AcDbEntity
  8
0
  6
Continuous
 62
     7
370
    25
100
AcDbCircle
 10
2742.0874839044
 20
2731.9602619498
 30
0.0
 40
13.44395102968411
100
AcDbArc
 50
169.1097186692
 51
187.6952690047
  0
ARC
  5
5F3
330
1F
100
AcDbEntity
  8
0
  6
Continuous
 62
     7
370
    25
100
AcDbCircle
 10
2781.9866267039
 20
2724.2839276493
 30
0.0
 40
54.07482235223672
100
AcDbArc
 50
162.5039815358
 51
169.1097301268
  0
ARC
  5
5F4
330
1F
100
AcDbEntity
  8
0
  6
Continuous
 62
     7
370
    25
100
AcDbCircle
 10
2525.482351809
 20
2805.1395981135
 30
0.0
 40
214.8714222499015
100
AcDbArc
 50
342.5040376003
 51
343.9295382112
  0
ARC
  5
5F5
330
1F
100
AcDbEntity
  8
0
  6
Continuous
 62
     7
370
    25
100
AcDbCircle
 10
2724.468956625
 20
2747.8161692762
 30
0.0
 40
7.792586079092009
100
AcDbArc
 50
343.9296217752
 51
359.6678218956
  0
ARC
  5
5F6
330
1F
100
AcDbEntity
  8
0
  6
Continuous
 62
     7
370
    25
100
AcDbCircle
 10
2730.2539047365
 20
2747.7826288062
 30
0.0
 40
2.007540736532827
100
AcDbArc
 50
359.6678581313
 51
39.6594160139
  0
ARC
  5
5F7
330
1F
100
AcDbEntity
  8
0
  6
Continuous
 62
     7
370
    25
100
AcDbCircle
 10
2728.1615819067
 20
2746.0480505794
 30
0.0
 40
4.725366420561051
100
AcDbArc
 50
39.659420013
 51
60.7673450307
  0
ARC
  5
5F8
330
1F
100
AcDbEntity
  8
0
  6
Continuous
 62
     7
370
    25
100
AcDbCircle
 10
2732.8360845967
 20
2754.4009152866
 30
0.0
 40
4.846536431821352
100
AcDbArc
 50
227.5906148213
 51
240.7673983385
  0
ARC
  5
5F9
330
1F
100
AcDbEntity
  8
0
  6
Continuous
 62
     7
370
    25
100
AcDbCircle
 10
2731.7030459368
 20
2753.1604779015
 30
0.0
 40
3.166518125065444
100
AcDbArc
 50
209.4642476784
 51
227.5904948266
  0
ARC
  5
5FA
330
1F
100
AcDbEntity
  8
0
  6
Continuous
 62
     7
370
    25
100
AcDbCircle
 10
2730.7474875603
 20
2752.6206388053
 30
0.0
 40
2.069012744325103
100
AcDbArc
 50
186.5207476013
 51
209.4643193103
  0
ARC
  5
5FB
330
1F
100
AcDbEntity
  8
0
  6
Continuous
 62
     7
370
    25
100
AcDbCircle
 10
2729.7297442939
 20
2752.5043055252
 30
0.0
 40
1.044642309229006
100
AcDbArc
 50
148.2824525342
 51
186.5205981091
  0
ARC
  5
5FC
330
1F
100
AcDbEntity
  8
0
  6
Continuous
 62
     7
370
    25
100
AcDbCircle
 10
2727.4503678536
 20
2753.9130397905
 30
0.0
 40
1.63492653420904
100
AcDbArc
 50
328.2825081131
 51
27.3322230368
  0
ARC
  5
5FD
330
1F
100
AcDbEntity
  8
0
  6
Continuous
 62
     7
370
    25
100
AcDbCircle
 10
2715.1525272313
 20
2747.5569231749
 30
0.0
 40
15.4782318621605
100
AcDbArc
 50
27.3321126771
 51
38.6795419296
  0
ARC
  5
5FE
330
1F
100
AcDbEntity
  8
0
  6
Continuous
 62
     7
370
    25
100
AcDbCircle
 10
2714.753896008
 20
2747.2377957933
 30
0.0
 40
15.98886787523886
100
AcDbArc
 50
38.6795340297
 51
50.0639997066
  0
ARC
  5
5FF
330
1F
100
AcDbEntity
  8
0
  6
Continuous
 62
     7
370
    25
100
AcDbCircle
 10
2723.1345809206
 20
2757.2481951029
 30
0.0
 40
2.933448542961558
100
AcDbArc
 50
50.0639886933
 51
89.9999753793
  0
ARC
  5
600
330
1F
100
AcDbEntity
  8
0
  6
Continuous
 62
     7
370
    25
100
AcDbCircle
 10
2723.1345828063
 20
2758.251342612
 30
0.0
 40
1.93030103387092
100
AcDbArc
 50
90.0000185551
 51
112.2940368079
  0
ARC
  5
601
330
1F
100
AcDbEntity
  8
0
  6
Continuous
 62
     7
370
    25
100
AcDbCircle
 10
2725.9831674299
 20
2751.3036943186
 30
0.0
 40
9.439245777776199
100
AcDbArc
 50
112.2939867261
 51
119.1662738459
  0
ARC
  5
602
330
1F
100
AcDbEntity
  8
0
  6
Continuous
 62
     7
370
    25
100
AcDbCircle
 10
2726.9159101101
 20
2749.6324415375
 30
0.0
 40
11.35316708379373
100
AcDbArc
 50
119.1662812236
 51
125.7516494054
  0
ARC
  5
603
330
1F
100
AcDbEntity
  8
0
  6
Continuous
 62
     7
370
    25
100
AcDbCircle
 10
2727.1833764426
 20
2749.2609567217
 30
0.0
 40
11.81092161096811
100
AcDbArc
 50
125.7517253707
 51
132.1447340431
  0
ARC
  5
604
330
1F
100
AcDbEntity
  8
0
  6
Continuous
 62
     7
370
    25
100
AcDbCircle
 10
2711.6760858797
 20
2766.3963239333
 30
0.0
 40
11.29961429969272
100
AcDbArc
 50
302.9291325404
 51
312.144657765
  0
ARC
  5
605
330
1F
100
AcDbEntity
  8
0
  6
Continuous
 62
     7
370
    25
100
AcDbCircle
 10
2716.7590831093
 20
2758.5479623515
 30
0.0
 40
1.949018577759558
100
AcDbArc
 50
269.115399602
 51
302.9290864403
  0
ARC
  5
606
330
1F
100
AcDbEntity
  8
0
  6
Continuous
 62
     7
370
    25
100
AcDbCircle
 10
2716.767755345
 20
2759.109939346
 30
0.0
 40
2.51106248172244
100
AcDbArc
 50
240.673667937
 51
269.1155119201
  0
ARC
  5
607
330
1F
100
AcDbEntity
  8
0
  6
Continuous
 62
     7
370
    25
100
AcDbCircle
 10
2726.5258233015
 20
2776.4799008041
 30
0.0
 40
22.43430145789266
100
AcDbArc
 50
234.9915480962
 51
240.6736665264
  0
ARC
  5
608
330
1F
100
AcDbEntity
  8
0
  6
Continuous
 62
     7
370
    25
100
AcDbCircle
 10
2722.3314403999
 20
2770.4915676543
 30
0.0
 40
15.12314684053537
100
AcDbArc
 50
227.1370513363
 51
234.9915179626
  0
ARC
  5
609
330
1F
100
AcDbEntity
  8
0
  6
Continuous
 62
     7
370
    25
100
AcDbCircle
 10
2713.7402862017
 20
2761.2343803134
 30
0.0
 40
2.493679396436869
100
AcDbArc
 50
197.3612400312
 51
227.1369469996
  0
ARC
  5
60A
330
1F
100
AcDbEntity
  8
0
  6
Continuous
 62
     7
370
    25
100
AcDbCircle
 10
2713.3028506514
 20
2761.097618575
 30
0.0
 40
2.035363311424612
100
AcDbArc
 50
163.2901083765
 51
197.3611685749
  0
ARC
  5
60B
330
1F
100
AcDbEntity
  8
0
  6
Continuous
 62
     7
370
    25
100
AcDbCircle
 10
2704.7378662721
 20
2767.2147102163
 30
0.0
 40
8.267096581812092
100
AcDbArc
 50
331.845056554
 51
343.9454404987
  0
ARC
  5
60C
330
1F
100
AcDbEntity
  8
0
  6
Continuous
 62
     7
370
    25
100
AcDbCircle
 10
2709.843702158
 20
2765.7453751953
 30
0.0
 40
2.95404609297532
100
AcDbArc
 50
343.9453834236
 51
10.0199042614
  0
ARC
  5
60D
330
1F
100
AcDbEntity
  8
0
  6
Continuous
 62
     7
370
    25
100
AcDbCircle
 10
2709.3243712412
 20
2765.6536170836
 30
0.0
 40
3.481420866878629
100
AcDbArc
 50
10.0199046755
 51
33.5060765009
  0
ARC
  5
60E
330
1F
100
AcDbEntity
  8
0
  6
Continuous
 62
     7
370
    25
100
AcDbCircle
 10
2701.0848414359
 20
2760.1987439041
 30
0.0
 40
13.36299426473736
100
AcDbArc
 50
33.5060429486
 51
42.1446740095
  0
ARC
  5
60F
330
1F
100
AcDbEntity
  8
0
  6
Continuous
 62
     7
370
    25
100
AcDbCircle
 10
2705.5437932291
 20
2764.2340301661
 30
0.0
 40
7.349194608089324
100
AcDbArc
 50
42.1447057218
 51
54.7277219299
  0
ARC
  5
610
330
1F
100
AcDbEntity
  8
0
  6
Continuous
 62
     7
370
    25
100
AcDbCircle
 10
2705.475854473
 20
2764.1379923499
 30
0.0
 40
7.466833618003865
100
AcDbArc
 50
54.7276597239
 51
67.1616932231
  0
ARC
  5
611
330
1F
100
AcDbEntity
  8
0
  6
Continuous
 62
     7
370
    25
100
AcDbCircle
 10
2705.9389985191
 20
2765.2376810171
 30
0.0
 40
6.273595346712376
100
AcDbArc
 50
67.1617951161
 51
80.6478437123
  0
ARC
  5
612
330
1F
100
AcDbEntity
  8
0
  6
Continuous
 62
     7
370
    25
100
AcDbCircle
 10
2706.4870705983
 20
2768.5655843003
 30
0.0
 40
2.900863032057112
100
AcDbArc
 50
80.6477643764
 51
104.6549647513
  0
ARC
  5
613
330
1F
100
AcDbEntity
  8
0
  6
Continuous
 62
     7
370
    25
100
AcDbCircle
 10
2706.8089536162
 20
2775.5626984208
 30
0.0
 40
4.910298473288845
100
AcDbArc
 50
194.4723333261
 51
227.9585745766
  0
ARC
  5
614
330
1F
100
AcDbEntity
  8
0
  6
Continuous
 62
     7
370
    25
100
AcDbCircle
 10
2707.8790927463
 20
2775.8389025453
 30
0.0
 40
6.015507266262607
100
AcDbArc
 50
164.957816709
 51
194.4723200761
  0
ARC
  5
615
330
1F
100
AcDbEntity
  8
0
  6
Continuous
 62
     7
370
    25
100
AcDbCircle
 10
2705.3022717521
 20
2776.5313931455
 30
0.0
 40
3.34725883940879
100
AcDbArc
 50
119.2325969812
 51
164.9578122956
  0
ARC
  5
616
330
1F
100
AcDbEntity
  8
0
  6
Continuous
 62
     7
370
    25
100
AcDbCircle
 10
2701.6573524137
 20
2783.0444968193
 30
0.0
 40
4.116383465053514
100
AcDbArc
 50
299.2326494876
 51
336.2071209111
  0
ARC
  5
617
330
1F
100
AcDbEntity
  8
0
  6
Continuous
 62
     7
370
    25
100
AcDbCircle
 10
2699.4129760052
 20
2784.0340516629
 30
0.0
 40
6.569227579853067
100
AcDbArc
 50
336.2071202495
 51
2.269198396
  0
ARC
  5
618
330
1F
100
AcDbEntity
  8
0
  6
Continuous
 62
     7
370
    25
100
AcDbCircle
 10
2698.4723927805
 20
2783.9967788735
 30
0.0
 40
7.510549025169571
100
AcDbArc
 50
2.2692099597
 51
26.4155814288
  0
ARC
  5
619
330
1F
100
AcDbEntity
  8
0
  6
Continuous
 62
     7
370
    25
100
AcDbCircle
 10
2699.6752544702
 20
2784.594302334
 30
0.0
 40
6.167451660784455
100
AcDbArc
 50
26.4154985987
 51
54.4038571435
  0
ARC
  5
61A
330
1F
100
AcDbEntity
  8
0
  6
Continuous
 62
     7
370
    25
100
AcDbCircle
 10
2706.0427740548
 20
2793.4896096248
 30
0.0
 40
4.772008904472161
100
AcDbArc
 50
197.699711725
 51
234.4037519347
  0
ARC
  5
61B
330
1F
100
AcDbEntity
  8
0
  6
Continuous
 62
     7
370
    25
100
AcDbCircle
 10
2705.6171075034
 20
2793.3537584773
 30
0.0
 40
4.32518953691285
100
AcDbArc
 50
158.1950428351
 51
197.6996362307
  0
ARC
  5
61C
330
1F
100
AcDbEntity
  8
0
  6
Continuous
 62
     7
370
    25
100
AcDbCircle
 10
2706.1472712342
 20
2793.1416575399
 30
0.0
 40
4.896206514826285
100
AcDbArc
 50
121.6138871276
 51
158.1950714662
  0
ARC
  5
61D
330
1F
100
AcDbEntity
  8
0
  6
Continuous
 62
     7
370
    25
100
AcDbCircle
 10
2706.6997372939
 20
2792.2441184817
 30
0.0
 40
5.950149164165212
100
AcDbArc
 50
90.0000219795
 51
121.6138578174
  0
ARC
  5
61E
330
1F
100
AcDbEntity
  8
0
  6
Continuous
 62
     7
370
    25
100
AcDbCircle
 10
2706.6997383229
 20
2804.4646342577
 30
0.0
 40
6.270366611855445
100
AcDbArc
 50
269.9999697405
 51
298.7653695086
  0
ARC
  5
61F
330
1F
100
AcDbEntity
  8
0
  6
Continuous
 62
     7
370
    25
100
AcDbCircle
 10
2706.7719837015
 20
2804.3330485066
 30
0.0
 40
6.120252639913422
100
AcDbArc
 50
298.7652953631
 51
328.0577488234
  0
ARC
  5
620
330
1F
100
AcDbEntity
  8
0
  6
Continuous
 62
     7
370
    25
100
AcDbCircle
 10
2707.6667961057
 20
2803.7751610416
 30
0.0
 40
5.065772833417664
100
AcDbArc
 50
328.0577475694
 51
0.8691528464
  0
ARC
  5
621
330
1F
100
AcDbEntity
  8
0
  6
Continuous
 62
     7
370
    25
100
AcDbCircle
 10
2708.686459314
 20
2803.7906331314
 30
0.0
 40
4.045992247300635
100
AcDbArc
 50
0.8691097771
 51
39.6902347258
  0
ARC
  5
622
330
1F
100
AcDbEntity
  8
0
  6
Continuous
 62
     7
370
    25
100
AcDbCircle
 10
2716.4742581268
 20
2810.2539310213
 30
0.0
 40
6.074483530228521
100
AcDbArc
 50
206.3059393039
 51
219.6901230959
  0
ARC
  5
623
330
1F
100
AcDbEntity
  8
0
  6
Continuous
 62
     7
370
    25
100
AcDbCircle
 10
2712.2962127378
 20
2808.1884736861
 30
0.0
 40
1.413777867325464
100
AcDbArc
 50
166.810919159
 51
206.3059475281
  0
ARC
  5
624
330
1F
100
AcDbEntity
  8
0
  6
Continuous
 62
     7
370
    25
100
AcDbCircle
 10
2712.8094574215
 20
2808.0681953943
 30
0.0
 40
1.940927725362843
100
AcDbArc
 50
134.8328777314
 51
166.8108896685
  0
ARC
  5
625
330
1F
100
AcDbEntity
  8
0
  6
Continuous
 62
     7
370
    25
100
AcDbCircle
 10
2720.8445671185
 20
2799.986074445
 30
0.0
 40
13.33757928984745
100
AcDbArc
 50
127.1230883896
 51
134.8328782316
  0
ARC
  5
626
330
1F
100
AcDbEntity
  8
0
  6
Continuous
 62
     7
370
    25
100
AcDbCircle
 10
2730.9025878873
 20
2786.698160024
 30
0.0
 40
30.00288611100763
100
AcDbArc
 50
121.9838768614
 51
127.1231342403
  0
ARC
  5
627
330
1F
100
AcDbEntity
  8
0
  6
Continuous
 62
     7
370
    25
100
AcDbCircle
 10
2716.8973120695
 20
2809.1253360026
 30
0.0
 40
3.561895715260593
100
AcDbArc
 50
97.316639944
 51
121.9839501539
  0
ARC
  5
628
330
1F
100
AcDbEntity
  8
0
  6
Continuous
 62
     7
370
    25
100
AcDbCircle
 10
2716.6386571181
 20
2811.139818836
 30
0.0
 40
1.530875412578733
100
AcDbArc
 50
54.4252828853
 51
97.316674248
  0
ARC
  5
629
330
1F
100
AcDbEntity
  8
0
  6
Continuous
 62
     7
370
    25
100
AcDbCircle
 10
2715.4409227828
 20
2809.4652843162
 30
0.0
 40
3.589669573251733
100
AcDbArc
 50
31.7174435026
 51
54.4252481775
  0
ARC
  5
62A
330
1F
100
AcDbEntity
  8
0
  6
Continuous
 62
     7
370
    25
100
AcDbCircle
 10
2721.1754717391
 20
2813.009429074
 30
0.0
 40
3.15169629701812
100
AcDbArc
 50
211.7174878519
 51
256.787729428
  0
ARC
  5
62B
330
1F
100
AcDbEntity
  8
0
  6
Continuous
 62
     7
370
    25
100
AcDbCircle
 10
2721.9709615548
 20
2816.3977562283
 30
0.0
 40
6.632151001656421
100
AcDbArc
 50
256.7877357573
 51
282.6522938337
  0
ARC
  5
62C
330
1F
100
AcDbEntity
  8
0
  6
Continuous
 62
     7
370
    25
100
AcDbCircle
 10
2721.6459121155
 20
2817.8457211642
 30
0.0
 40
8.116152212451668
100
AcDbArc
 50
282.6523149037
 51
305.7079666816
  0
ARC
  5
62D
330
1F
100
AcDbEntity
  8
0
  6
Continuous
 62
     7
370
    25
100
AcDbCircle
 10
2745.2843358993
 20
2757.8657108107
 30
0.0
 40
5.337495526748024
100
AcDbArc
 50
354.6052974034
 51
27.166999971
  0
ARC
  5
62E
330
1F
100
AcDbEntity
  8
0
  6
Continuous
 62
     7
370
    25
100
AcDbCircle
 10
2719.8278794579
 20
2759.1387841328
 30
0.0
 40
8.848074467648583
100
AcDbArc
 50
151.8450346714
 51
163.2900833384
  0
ARC
  5
62F
330
1F
100
AcDbEntity
  8
0
  6
Continuous
 62
     7
370
    25
100
AcDbCircle
 10
2706.5740360545
 20
2838.0013761748
 30
0.0
 40
52.84673801117212
100
AcDbArc
 50
316.0701262159
 51
320.3230474618
  0
ARC
  5
630
330
1F
100
AcDbEntity
  8
0
  6
Continuous
 62
     7
370
    25
100
AcDbCircle
 10
2741.5758212872
 20
2804.2832309878
 30
0.0
 40
4.245932623490763
100
AcDbArc
 50
289.1368238817
 51
316.070191877
  0
ARC
  5
631
330
1F
100
AcDbEntity
  8
0
  6
Continuous
 62
     7
370
    25
100
AcDbCircle
 10
2743.9698709506
 20
2751.1893851053
 30
0.0
 40
8.564391687832208
100
AcDbArc
 50
114.4954066273
 51
125.2828745712
  0
ARC
  5
632
330
1F
100
AcDbEntity
  8
0
  6
Continuous
 62
     7
370
    25
100
AcDbCircle
 10
2742.2119752649
 20
2753.0674934004
 30
0.0
 40
5.98009903534795
100
AcDbArc
 50
136.953644412
 51
150.0155261647
  0
ARC
  5
633
330
1F
100
AcDbEntity
  8
0
  6
Continuous
 62
     7
370
    25
100
AcDbCircle
 10
2705.1410077096
 20
2773.7129481402
 30
0.0
 40
2.419591816929195
100
AcDbArc
 50
227.9585754539
 51
284.6549814604
  0
ARC
  5
634
330
1F
100
AcDbEntity
  8
0
  6
Continuous
 62
     7
370
    25
100
AcDbCircle
 10
2746.7666578281
 20
2812.0835049821
 30
0.0
 40
35.32586529700605
100
AcDbArc
 50
355.1067522245
 51
359.9999848574
  0
ARC
  5
635
330
1F
100
AcDbEntity
  8
0
  6
Continuous
 62
     7
370
    25
100
AcDbCircle
 10
2779.6523295179
 20
2809.2681143781
 30
0.0
 40
2.319898764504918
100
AcDbArc
 50
319.3986248452
 51
355.1067028136
  0
ARC
  5
636
330
1F
100
AcDbEntity
  8
0
  6
Continuous
 62
     7
370
    25
100
AcDbCircle
 10
2780.0142386366
 20
2808.9579025256
 30
0.0
 40
1.843233679168551
100
AcDbArc
 50
277.3515162137
 51
319.3986992918
  0
ARC
  5
637
330
1F
100
AcDbEntity
  8
0
  6
Continuous
 62
     7
370
    25
100
AcDbCircle
 10
2777.7064511252
 20
2826.8454080853
 30
0.0
 40
19.87899643943641
100
AcDbArc
 50
269.9999999996
 51
277.3515054498
  0
ARC
  5
638
330
1F
100
AcDbEntity
  8
0
  6
Continuous
 62
     7
370
    25
100
AcDbCircle
 10
2758.7001391249
 20
2826.8454080844
 30
0.0
 40
19.87899643856235
100
AcDbArc
 50
262.64849455
 51
270.0000000005
  0
ARC
  5
639
330
1F
100
AcDbEntity
  8
0
  6
Continuous
 62
     7
370
    25
100
AcDbCircle
 10
2756.3923516136
 20
2808.9579025256
 30
0.0
 40
1.843233679114195
100
AcDbArc
 50
220.6013007076
 51
262.6484837874
  0
ARC
  5
63A
330
1F
100
AcDbEntity
  8
0
  6
Continuous
 62
     7
370
    25
100
AcDbCircle
 10
2756.7542607323
 20
2809.2681143781
 30
0.0
 40
2.319898764541849
100
AcDbArc
 50
184.8932971867
 51
220.6013751545
  0
ARC
  5
63B
330
1F
100
AcDbEntity
  8
0
  6
Continuous
 62
     7
370
    25
100
AcDbCircle
 10
2789.6399324269
 20
2812.0835049822
 30
0.0
 40
35.3258653018487
100
AcDbArc
 50
180.0000151428
 51
184.8932477751
  0
ARC
  5
63C
330
1F
100
AcDbEntity
  8
0
  6
Continuous
 62
     7
370
    25
100
AcDbCircle
 10
2772.5609706705
 20
2798.1057841276
 30
0.0
 40
30.83588026097402
100
AcDbArc
 50
1.9691104792
 51
10.1982880464
  0
ARC
  5
63D
330
1F
100
AcDbEntity
  8
0
  6
Continuous
 62
     7
370
    25
100
AcDbCircle
 10
2799.9457932786
 20
2804.1346507285
 30
0.0
 40
2.553696222045068
100
AcDbArc
 50
37.4070844109
 51
81.8536037116
  0
ARC
  5
63E
330
1F
100
AcDbEntity
  8
0
  6
Continuous
 62
     7
370
    25
100
AcDbCircle
 10
2799.0863054566
 20
2798.1302762515
 30
0.0
 40
8.619273867740235
100
AcDbArc
 50
81.8537512416
 51
89.9806143438
  0
ARC
  5
63F
330
1F
100
AcDbEntity
  8
0
  6
Continuous
 62
     7
370
    25
100
AcDbCircle
 10
2799.0865331243
 20
2798.7998377406
 30
0.0
 40
7.949712339924428
100
AcDbArc
 50
89.9806224581
 51
98.6155917942
  0
ARC
  5
640
330
1F
100
AcDbEntity
  8
0
  6
Continuous
 62
     7
370
    25
100
AcDbCircle
 10
2798.8481377361
 20
2800.3732958526
 30
0.0
 40
6.358296997751625
100
AcDbArc
 50
98.615643219
 51
107.9297850294
  0
ARC
  5
641
330
1F
100
AcDbEntity
  8
0
  6
Continuous
 62
     7
370
    25
100
AcDbCircle
 10
2797.3561622935
 20
2804.9843310373
 30
0.0
 40
1.511892537253706
100
AcDbArc
 50
107.929636662
 51
134.9999706598
  0
ARC
  5
642
330
1F
100
AcDbEntity
  8
0
  6
Continuous
 62
     7
370
    25
100
AcDbCircle
 10
2797.2994596448
 20
2805.0410357951
 30
0.0
 40
1.431701391034671
100
AcDbArc
 50
135.0000286981
 51
175.9968202
  0
ARC
  5
643
330
1F
100
AcDbEntity
  8
0
  6
Continuous
 62
     7
370
    25
100
AcDbCircle
 10
3131.9444509023
 20
2781.6211296822
 30
0.0
 40
336.8952048844282
100
AcDbArc
 50
175.9967208271
 51
176.8595911896
  0
ARC
  5
644
330
1F
100
AcDbEntity
  8
0
  6
Continuous
 62
     7
370
    25
100
AcDbCircle
 10
2976.419439495
 20
2790.1540793941
 30
0.0
 40
181.1362873097846
100
AcDbArc
 50
176.8595923298
 51
178.7576435175
  0
ARC
  5
645
330
1F
100
AcDbEntity
  8
0
  6
Continuous
 62
     7
370
    25
100
AcDbCircle
 10
3114.2676996812
 20
2787.1645612895
 30
0.0
 40
319.0169605561509
100
AcDbArc
 50
178.7576333448
 51
180.0000228576
  0
ARC
  5
646
330
1F
100
AcDbEntity
  8
0
  6
Continuous
 62
     7
370
    25
100
AcDbCircle
 10
3247.3036208622
 20
2787.1641047421
 30
0.0
 40
452.0528817372351
100
AcDbArc
 50
179.9999582654
 51
181.1655735534
  0
ARC
  5
647
330
1F
100
AcDbEntity
  8
0
  6
Continuous
 62
     7
370
    25
100
AcDbCircle
 10
2854.8566843651
 20
2779.1793588314
 30
0.0
 40
59.5247246157268
100
AcDbArc
 50
181.1655171205
 51
186.360895824
  0
ARC
  5
648
330
1F
100
AcDbEntity
  8
0
  6
Continuous
 62
     7
370
    25
100
AcDbCircle
 10
2818.1366666253
 20
2775.0858830512
 30
0.0
 40
22.57724504312154
100
AcDbArc
 50
186.3607936326
 51
195.057553981
  0
ARC
  5
649
330
1F
100
AcDbEntity
  8
0
  6
Continuous
 62
     7
370
    25
100
AcDbCircle
 10
2799.6098041434
 20
2770.1016713346
 30
0.0
 40
3.39165149325865
100
AcDbArc
 50
195.0575216314
 51
230.3098533753
  0
ARC
  5
64A
330
1F
100
AcDbEntity
  8
0
  6
Continuous
 62
     7
370
    25
100
AcDbCircle
 10
2802.5391111434
 20
2773.6312568882
 30
0.0
 40
7.978460153001277
100
AcDbArc
 50
230.3097768751
 51
240.8815941074
  0
ARC
  5
64B
330
1F
100
AcDbEntity
  8
0
  6
Continuous
 62
     7
370
    25
100
AcDbCircle
 10
2799.6294809461
 20
2768.4076421921
 30
0.0
 40
1.999154308778312
100
AcDbArc
 50
240.8817257322
 51
270.4519019285
  0
ARC
  5
64C
330
1F
100
AcDbEntity
  8
0
  6
Continuous
 62
     7
370
    25
100
AcDbCircle
 10
2799.6291113879
 20
2768.4546318135
 30
0.0
 40
2.046145383367253
100
AcDbArc
 50
270.4518721094
 51
299.57859745
  0
ARC
  5
64D
330
1F
100
AcDbEntity
  8
0
  6
Continuous
 62
     7
370
    25
100
AcDbCircle
 10
2796.4429105272
 20
2774.0682507568
 30
0.0
 40
8.500957043273608
100
AcDbArc
 50
299.5785653407
 51
309.6902045842
  0
ARC
  5
64E
330
1F
100
AcDbEntity
  8
0
  6
Continuous
 62
     7
370
    25
100
AcDbCircle
 10
2799.6430950706
 20
2770.2122775472
 30
0.0
 40
3.489998002931749
100
AcDbArc
 50
309.6901117109
 51
344.8542596867
  0
ARC
  5
64F
330
1F
100
AcDbEntity
  8
0
  6
Continuous
 62
     7
370
    25
100
AcDbCircle
 10
2784.5868239337
 20
2774.2876471625
 30
0.0
 40
19.08807282155763
100
AcDbArc
 50
344.8543225096
 51
354.8511331083
  0
ARC
  5
650
330
1F
100
AcDbEntity
  8
0
  6
Continuous
 62
     7
370
    25
100
AcDbCircle
 10
2253.6951863378
 20
2775.642939382
 30
0.0
 40
550.1388032575805
100
AcDbArc
 50
0.242453411
 51
1.2671243042
  0
ARC
  5
651
330
1F
100
AcDbEntity
  8
0
  6
Continuous
 62
     7
370
    25
100
AcDbCircle
 10
2799.6368164325
 20
2803.9832585226
 30
0.0
 40
13.45719686297635
100
AcDbArc
 50
90.0000225971
 51
114.0802106873
  0
ARC
  5
652
330
1F
100
AcDbEntity
  8
0
  6
Continuous
 62
     7
370
    25
100
AcDbCircle
 10
2798.5032021512
 20
2801.4467296542
 30
0.0
 40
16.23551217494681
100
AcDbArc
 50
45.0000025396
 51
65.9197548403
  0
ARC
  5
653
330
1F
100
AcDbEntity
  8
0
  6
Continuous
 62
     7
370
    25
100
AcDbCircle
 10
2405.1367457498
 20
2787.2902199229
 30
0.0
 40
409.1203053752622
100
AcDbArc
 50
357.7843116058
 51
359.9999849597
  0
ARC
  5
654
330
1F
100
AcDbEntity
  8
0
  6
Continuous
 62
     7
370
    25
100
AcDbCircle
 10
2787.6925331018
 20
2772.488992432
 30
0.0
 40
26.27829256619287
100
AcDbArc
 50
341.3574071188
 51
357.7843370423
  0
ARC
  5
655
330
1F
100
AcDbEntity
  8
0
  6
Continuous
 62
     7
370
    25
100
AcDbCircle
 10
2804.2664176963
 20
2766.8975379927
 30
0.0
 40
8.786637032801991
100
AcDbArc
 50
307.2198151712
 51
341.3574465699
  0
ARC
  5
656
330
1F
100
AcDbEntity
  8
0
  6
Continuous
 62
     7
370
    25
100
AcDbCircle
 10
2799.0975023624
 20
2773.7024294331
 30
0.0
 40
17.33205880383719
100
AcDbArc
 50
286.6785688523
 51
307.2198449796
  0
ARC
  5
657
330
1F
100
AcDbEntity
  8
0
  6
Continuous
 62
     7
370
    25
100
AcDbCircle
 10
2795.8840657547
 20
2784.4277960182
 30
0.0
 40
28.52847176577707
100
AcDbArc
 50
280.3605316055
 51
286.6786550179
  0
ARC
  5
658
330
1F
100
AcDbEntity
  8
0
  6
Continuous
 62
     7
370
    25
100
AcDbCircle
 10
2799.351182864
 20
2765.4634115344
 30
0.0
 40
9.2497586371201
100
AcDbArc
 50
265.7321706597
 51
280.3605117583
  0
ARC
  5
659
330
1F
100
AcDbEntity
  8
0
  6
Continuous
 62
     7
370
    25
100
AcDbCircle
 10
2799.3462716538
 20
2765.397563854
 30
0.0
 40
9.183728060939648
100
AcDbArc
 50
251.0378493941
 51
265.732153725
  0
ARC
  5
65A
330
1F
100
AcDbEntity
  8
0
  6
Continuous
 62
     7
370
    25
100
AcDbCircle
 10
2805.4165123288
 20
2783.0647110439
 30
0.0
 40
27.86462503301347
100
AcDbArc
 50
244.6141431951
 51
251.0378384004
  0
ARC
  5
65B
330
1F
100
AcDbEntity
  8
0
  6
Continuous
 62
     7
370
    25
100
AcDbCircle
 10
2799.9834052847
 20
2771.6153734232
 30
0.0
 40
15.19158340504035
100
AcDbArc
 50
235.5355359954
 51
244.6142279198
  0
ARC
  5
65C
330
1F
100
AcDbEntity
  8
0
  6
Continuous
 62
     7
370
    25
100
AcDbCircle
 10
2801.3730470431
 20
2774.0819872911
 30
0.0
 40
17.99545945097382
100
AcDbArc
 50
220.4737722225
 51
228.1304513167
  0
ARC
  5
65D
330
1F
100
AcDbEntity
  8
0
  6
Continuous
 62
     7
370
    25
100
AcDbCircle
 10
2792.792892953
 20
2766.7606379863
 30
0.0
 40
6.716221894630683
100
AcDbArc
 50
204.4954253165
 51
220.4738016108
  0
ARC
  5
65E
330
1F
100
AcDbEntity
  8
0
  6
Continuous
 62
     7
370
    25
100
AcDbCircle
 10
2794.1729853405
 20
2767.3894535315
 30
0.0
 40
8.232818079468085
100
AcDbArc
 50
186.1526289477
 51
204.4954524255
  0
ARC
  5
65F
330
1F
100
AcDbEntity
  8
0
  6
Continuous
 62
     7
370
    25
100
AcDbCircle
 10
2935.5094916969
 20
2782.6254539439
 30
0.0
 40
150.3881687969157
100
AcDbArc
 50
183.9404555693
 51
186.1526914975
  0
ARC
  5
660
330
1F
100
AcDbEntity
  8
0
  6
Continuous
 62
     7
370
    25
100
AcDbCircle
 10
2957.3689302963
 20
2784.1314260689
 30
0.0
 40
172.2994217933358
100
AcDbArc
 50
181.5126594151
 51
183.9405345413
  0
ARC
  5
661
330
1F
100
AcDbEntity
  8
0
  6
Continuous
 62
     7
370
    25
100
AcDbCircle
 10
3109.2354048595
 20
2788.1416166274
 30
0.0
 40
324.2188337345185
100
AcDbArc
 50
180.0000461404
 51
181.512632757
  0
ARC
  5
662
330
1F
100
AcDbEntity
  8
0
  6
Continuous
 62
     7
370
    25
100
AcDbCircle
 10
2800.770420099
 20
2801.4467296542
 30
0.0
 40
16.23551217494906
100
AcDbArc
 50
114.0802451597
 51
134.9999974604
  0
ARC
  5
663
330
1F
100
AcDbEntity
  8
0
  6
Continuous
 62
     7
370
    25
100
AcDbCircle
 10
2746.4061456895
 20
2777.7279381909
 30
0.0
 40
57.4234323939874
100
AcDbArc
 50
354.8512021299
 51
0.2424278769
  0
ARC
  5
664
330
1F
100
AcDbEntity
  8
0
  6
Continuous
 62
     7
370
    25
100
AcDbCircle
 10
2799.6368058177
 20
2803.9832585226
 30
0.0
 40
13.45719686292537
100
AcDbArc
 50
65.9197893127
 51
89.999977403
  0
ARC
  5
665
330
1F
100
AcDbEntity
  8
0
  6
Continuous
 62
     7
370
    25
100
AcDbCircle
 10
2802.6682916416
 20
2775.5271413335
 30
0.0
 40
19.93611108779074
100
AcDbArc
 50
228.1305202866
 51
235.5355990222
  0
ARC
  5
666
330
1F
100
AcDbEntity
  8
0
  6
Continuous
 62
     7
370
    25
100
AcDbCircle
 10
2798.0608515025
 20
2802.6931435491
 30
0.0
 40
4.926658178689299
100
AcDbArc
 50
10.1983651867
 51
37.4070015711
  0
ARC
  5
667
330
1F
100
AcDbEntity
  8
0
  6
Continuous
 62
     7
370
    25
100
AcDbCircle
 10
1876.6142692215
 20
2767.3022466352
 30
0.0
 40
927.3119534271049
100
AcDbArc
 50
1.2671245034
 51
1.9691101986
  0
ARC
  5
668
330
1F
100
AcDbEntity
  8
0
  6
Continuous
 62
     7
370
    25
100
AcDbCircle
 10
2836.8885280702
 20
2802.2558129946
 30
0.0
 40
4.091928814087857
100
AcDbArc
 50
28.1549585769
 51
47.493240429
  0
ARC
  5
669
330
1F
100
AcDbEntity
  8
0
  6
Continuous
 62
     7
370
    25
100
AcDbCircle
 10
2835.1274808215
 20
2800.1726477114
 30
0.0
 40
6.830831927821245
100
AcDbArc
 50
61.3660743623
 51
74.7817774282
  0
ARC
  5
66A
330
1F
100
AcDbEntity
  8
0
  6
Continuous
 62
     7
370
    25
100
AcDbCircle
 10
2835.4049600217
 20
2801.1926742026
 30
0.0
 40
5.773737443200893
100
AcDbArc
 50
74.7817366893
 51
90.0000074334
  0
ARC
  5
66B
330
1F
100
AcDbEntity
  8
0
  6
Continuous
 62
     7
370
    25
100
AcDbCircle
 10
2835.4049544882
 20
2800.0399764638
 30
0.0
 40
6.926435182027824
100
AcDbArc
 50
89.9999604223
 51
107.2951313512
  0
ARC
  5
66C
330
1F
100
AcDbEntity
  8
0
  6
Continuous
 62
     7
370
    25
100
AcDbCircle
 10
2833.8330204454
 20
2805.0883837364
 30
0.0
 40
1.638960111229323
100
AcDbArc
 50
107.2951025405
 51
157.6670568993
  0
ARC
  5
66D
330
1F
100
AcDbEntity
  8
0
  6
Continuous
 62
     7
370
    25
100
AcDbCircle
 10
2837.707978883
 20
2803.4965361757
 30
0.0
 40
5.828146374699076
100
AcDbArc
 50
157.666984657
 51
178.303742929
  0
ARC
  5
66E
330
1F
100
AcDbEntity
  8
0
  6
Continuous
 62
     7
370
    25
100
AcDbCircle
 10
3016.7657682536
 20
2798.1940966797
 30
0.0
 40
184.9644291286203
100
AcDbArc
 50
178.3037937521
 51
179.9999470404
  0
ARC
  5
66F
330
1F
100
AcDbEntity
  8
0
  6
Continuous
 62
     7
370
    25
100
AcDbCircle
 10
2926.8888498229
 20
2798.1942148912
 30
0.0
 40
95.08751069778477
100
AcDbArc
 50
179.9999682123
 51
182.0270400304
  0
ARC
  5
670
330
1F
100
AcDbEntity
  8
0
  6
Continuous
 62
     7
370
    25
100
AcDbCircle
 10
2880.235511033
 20
2796.5429449463
 30
0.0
 40
48.40495814692898
100
AcDbArc
 50
182.0269752318
 51
185.3865590807
  0
ARC
  5
671
330
1F
100
AcDbEntity
  8
0
  6
Continuous
 62
     7
370
    25
100
AcDbCircle
 10
2900.8149280984
 20
2798.4832749162
 30
0.0
 40
69.07564481014929
100
AcDbArc
 50
185.3864542271
 51
187.294588777
  0
ARC
  5
672
330
1F
100
AcDbEntity
  8
0
  6
Continuous
 62
     7
370
    25
100
AcDbCircle
 10
2832.6284665835
 20
2789.7549325002
 30
0.0
 40
0.3328088543366714
100
AcDbArc
 50
187.2944827347
 51
269.9999072721
  0
ARC
  5
673
330
1F
100
AcDbEntity
  8
0
  6
Continuous
 62
     7
370
    25
100
AcDbCircle
 10
2832.6284697221
 20
2794.8859188875
 30
0.0
 40
5.463795241619537
100
AcDbArc
 50
269.9999614395
 51
312.3105172172
  0
ARC
  5
674
330
1F
100
AcDbEntity
  8
0
  6
Continuous
 62
     7
370
    25
100
AcDbCircle
 10
2826.0048903592
 20
2802.1624859539
 30
0.0
 40
15.30352246590882
100
AcDbArc
 50
312.3104362903
 51
331.9474650606
  0
ARC
  5
675
330
1F
100
AcDbEntity
  8
0
  6
Continuous
 62
     7
370
    25
100
AcDbCircle
 10
2825.3602073516
 20
2802.5060569391
 30
0.0
 40
16.03404091301962
100
AcDbArc
 50
331.9473756638
 51
351.1179389545
  0
ARC
  5
676
330
1F
100
AcDbEntity
  8
0
  6
Continuous
 62
     7
370
    25
100
AcDbCircle
 10
2834.6449381226
 20
2801.0550841132
 30
0.0
 40
6.636618520074665
100
AcDbArc
 50
351.1179468017
 51
28.1549309205
  0
ARC
  5
677
330
1F
100
AcDbEntity
  8
0
  6
Continuous
 62
     7
370
    25
100
AcDbCircle
 10
2831.9137127262
 20
2673.7948170619
 30
0.0
 40
143.4057625839554
100
AcDbArc
 50
87.5390904321
 51
89.9999641732
  0
ARC
  5
678
330
1F
100
AcDbEntity
  8
0
  6
Continuous
 62
     7
370
    25
100
AcDbCircle
 10
2839.1305775977
 20
2809.070487575
 30
0.0
 40
7.774928189009724
100
AcDbArc
 50
53.5305840049
 51
73.7060066988
  0
ARC
  5
679
330
1F
100
AcDbEntity
  8
0
  6
Continuous
 62
     7
370
    25
100
AcDbCircle
 10
2828.7443749651
 20
2795.1373083006
 30
0.0
 40
25.15838554812692
100
AcDbArc
 50
37.1313329799
 51
44.9999922464
  0
ARC
  5
67A
330
1F
100
AcDbEntity
  8
0
  6
Continuous
 62
     7
370
    25
100
AcDbCircle
 10
2842.0152943294
 20
2805.1854305125
 30
0.0
 40
8.512603476985444
100
AcDbArc
 50
19.4773385824
 51
37.1313783932
  0
ARC
  5
67B
330
1F
100
AcDbEntity
  8
0
  6
Continuous
 62
     7
370
    25
100
AcDbCircle
 10
2839.7454756066
 20
2804.3826568692
 30
0.0
 40
10.92020031968755
100
AcDbArc
 50
4.4427521008
 51
19.4773329638
  0
ARC
  5
67C
330
1F
100
AcDbEntity
  8
0
  6
Continuous
 62
     7
370
    25
100
AcDbCircle
 10
2795.1827576153
 20
2800.920285417
 30
0.0
 40
55.61722316059844
100
AcDbArc
 50
359.9433271863
 51
4.442759542
  0
ARC
  5
67D
330
1F
100
AcDbEntity
  8
0
  6
Continuous
 62
     7
370
    25
100
AcDbCircle
 10
2813.9012419468
 20
2800.9017159225
 30
0.0
 40
36.89872961840153
100
AcDbArc
 50
354.3739835862
 51
359.9434118543
  0
ARC
  5
67E
330
1F
100
AcDbEntity
  8
0
  6
Continuous
 62
     7
370
    25
100
AcDbCircle
 10
2822.3185821331
 20
2800.0724895835
 30
0.0
 40
28.44064282930584
100
AcDbArc
 50
347.6041306328
 51
354.3740636227
  0
ARC
  5
67F
330
1F
100
AcDbEntity
  8
0
  6
Continuous
 62
     7
370
    25
100
AcDbCircle
 10
2827.2429398451
 20
2798.9901635904
 30
0.0
 40
23.39874552462603
100
AcDbArc
 50
340.1715976238
 51
347.6041495253
  0
ARC
  5
680
330
1F
100
AcDbEntity
  8
0
  6
Continuous
 62
     7
370
    25
100
AcDbCircle
 10
2836.9435473599
 20
2795.4922957251
 30
0.0
 40
13.08676871324471
100
AcDbArc
 50
328.6879190604
 51
340.1716028381
  0
ARC
  5
681
330
1F
100
AcDbEntity
  8
0
  6
Continuous
 62
     7
370
    25
100
AcDbCircle
 10
2883.7205545637
 20
2767.0379505425
 30
0.0
 40
41.6648354889801
100
AcDbArc
 50
148.687956515
 51
153.0879608889
  0
ARC
  5
682
330
1F
100
AcDbEntity
  8
0
  6
Continuous
 62
     7
370
    25
100
AcDbCircle
 10
2849.7012226295
 20
2784.3059331429
 30
0.0
 40
3.513843780556062
100
AcDbArc
 50
153.0879821222
 51
180.0145691199
  0
ARC
  5
683
330
1F
100
AcDbEntity
  8
0
  6
Continuous
 62
     7
370
    25
100
AcDbCircle
 10
2849.7022098142
 20
2784.3059377059
 30
0.0
 40
3.514830966386647
100
AcDbArc
 50
180.0146394099
 51
206.9358015744
  0
ARC
  5
684
330
1F
100
AcDbEntity
  8
0
  6
Continuous
 62
     7
370
    25
100
AcDbCircle
 10
2883.7434915745
 20
2801.6028479265
 30
0.0
 40
41.69849196242849
100
AcDbArc
 50
206.9358360952
 51
211.3333203834
  0
ARC
  5
685
330
1F
100
AcDbEntity
  8
0
  6
Continuous
 62
     7
370
    25
100
AcDbCircle
 10
2836.5585928662
 20
2772.8763844223
 30
0.0
 40
13.54301753511148
100
AcDbArc
 50
19.2004748906
 51
31.3333119583
  0
ARC
  5
686
330
1F
100
AcDbEntity
  8
0
  6
Continuous
 62
     7
370
    25
100
AcDbCircle
 10
2829.2150069537
 20
2770.3190114841
 30
0.0
 40
21.31916120659687
100
AcDbArc
 50
10.5641260825
 51
19.2004685665
  0
ARC
  5
687
330
1F
100
AcDbEntity
  8
0
  6
Continuous
 62
     7
370
    25
100
AcDbCircle
 10
2818.9133559704
 20
2768.3978359444
 30
0.0
 40
31.7984230333803
100
AcDbArc
 50
3.6106918213
 51
10.5640359753
  0
ARC
  5
688
330
1F
100
AcDbEntity
  8
0
  6
Continuous
 62
     7
370
    25
100
AcDbCircle
 10
2773.4538814737
 20
2765.5292217362
 30
0.0
 40
77.34831621646809
100
AcDbArc
 50
0.03139373
 51
3.6107138077
  0
ARC
  5
689
330
1F
100
AcDbEntity
  8
0
  6
Continuous
 62
     7
370
    25
100
AcDbCircle
 10
2847.7859834656
 20
2774.0103653196
 30
0.0
 40
18.02512225999633
100
AcDbArc
 50
255.0232265333
 51
264.4927224921
  0
ARC
  5
68A
330
1F
100
AcDbEntity
  8
0
  6
Continuous
 62
     7
370
    25
100
AcDbCircle
 10
2843.6619865876
 20
2758.5944031406
 30
0.0
 40
2.067076008841701
100
AcDbArc
 50
208.4753440231
 51
255.023213943
  0
ARC
  5
68B
330
1F
100
AcDbEntity
  8
0
  6
Continuous
 62
     7
370
    25
100
AcDbCircle
 10
2846.3216831839
 20
2760.0370247596
 30
0.0
 40
5.0928227133474
100
AcDbArc
 50
184.417199762
 51
208.4754013855
  0
ARC
  5
68C
330
1F
100
AcDbEntity
  8
0
  6
Continuous
 62
     7
370
    25
100
AcDbCircle
 10
3044.499297256
 20
2775.3459964347
 30
0.0
 40
203.8608566953983
100
AcDbArc
 50
182.7318708173
 51
184.4172530853
  0
ARC
  5
68D
330
1F
100
AcDbEntity
  8
0
  6
Continuous
 62
     7
370
    25
100
AcDbCircle
 10
2750.6735880317
 20
2761.3255893777
 30
0.0
 40
90.29916644723721
100
AcDbArc
 50
2.7319530841
 51
5.8035104989
  0
ARC
  5
68E
330
1F
100
AcDbEntity
  8
0
  6
Continuous
 62
     7
370
    25
100
AcDbCircle
 10
2826.1178110234
 20
2768.9935956821
 30
0.0
 40
14.46626393444549
100
AcDbArc
 50
5.8035443068
 51
17.6943425657
  0
ARC
  5
68F
330
1F
100
AcDbEntity
  8
0
  6
Continuous
 62
     7
370
    25
100
AcDbCircle
 10
2833.4115119279
 20
2771.3205040139
 30
0.0
 40
6.810378925701322
100
AcDbArc
 50
17.6944630799
 51
36.6214906492
  0
ARC
  5
690
330
1F
100
AcDbEntity
  8
0
  6
Continuous
 62
     7
370
    25
100
AcDbCircle
 10
2833.1894233067
 20
2771.1554440085
 30
0.0
 40
7.087088450302255
100
AcDbArc
 50
36.621446245
 51
54.991595642
  0
ARC
  5
691
330
1F
100
AcDbEntity
  8
0
  6
Continuous
 62
     7
370
    25
100
AcDbCircle
 10
2822.7399805959
 20
2756.2368009592
 30
0.0
 40
25.30127971423704
100
AcDbArc
 50
54.9915310628
 51
58.5149438868
  0
ARC
  5
692
330
1F
100
AcDbEntity
  8
0
  6
Continuous
 62
     7
370
    25
100
AcDbCircle
 10
2825.4700986257
 20
2760.6945468879
 30
0.0
 40
20.07394356449502
100
AcDbArc
 50
58.514960527
 51
62.7060233285
  0
ARC
  5
693
330
1F
100
AcDbEntity
  8
0
  6
Continuous
 62
     7
370
    25
100
AcDbCircle
 10
2826.5438458305
 20
2762.7754141208
 30
0.0
 40
17.73237539333048
100
AcDbArc
 50
62.7060478923
 51
66.6746444173
  0
ARC
  5
694
330
1F
100
AcDbEntity
  8
0
  6
Continuous
 62
     7
370
    25
100
AcDbCircle
 10
2832.9380547253
 20
2777.6045327291
 30
0.0
 40
1.583422916716118
100
AcDbArc
 50
66.674655891
 51
90.0000257754
  0
ARC
  5
695
330
1F
100
AcDbEntity
  8
0
  6
Continuous
 62
     7
370
    25
100
AcDbCircle
 10
2832.9380542981
 20
2778.7306722363
 30
0.0
 40
0.4572834095870223
100
AcDbArc
 50
90.0000357294
 51
172.4284916898
  0
ARC
  5
696
330
1F
100
AcDbEntity
  8
0
  6
Continuous
 62
     7
370
    25
100
AcDbCircle
 10
2918.4740820656
 20
2767.3611333449
 30
0.0
 40
86.7456282821497
100
AcDbArc
 50
172.4285667915
 51
174.4489928174
  0
ARC
  5
697
330
1F
100
AcDbEntity
  8
0
  6
Continuous
 62
     7
370
    25
100
AcDbCircle
 10
2894.4894090491
 20
2769.6922057784
 30
0.0
 40
62.64794294939386
100
AcDbArc
 50
174.4490465983
 51
177.9105943491
  0
ARC
  5
698
330
1F
100
AcDbEntity
  8
0
  6
Continuous
 62
     7
370
    25
100
AcDbCircle
 10
2954.8033475145
 20
2767.4917417533
 30
0.0
 40
123.0020083894352
100
AcDbArc
 50
177.9105852038
 51
179.9999898022
  0
ARC
  5
699
330
1F
100
AcDbEntity
  8
0
  6
Continuous
 62
     7
370
    25
100
AcDbCircle
 10
2835.3459631065
 20
2800.5728092864
 30
0.0
 40
6.374911106929401
100
AcDbArc
 50
47.4931683044
 51
61.3660715011
  0
ARC
  5
69A
330
1F
100
AcDbEntity
  8
0
  6
Continuous
 62
     7
370
    25
100
AcDbCircle
 10
2837.485665935
 20
2803.4432060293
 30
0.0
 40
13.63769476913007
100
AcDbArc
 50
73.7059270425
 51
87.539097898
  0
ARC
  5
69B
330
1F
100
AcDbEntity
  8
0
  6
Continuous
 62
     7
370
    25
100
AcDbCircle
 10
2829.0805912032
 20
2795.4735199221
 30
0.0
 40
24.68290724867679
100
AcDbArc
 50
44.9999996748
 51
53.5306080112
  0
ARC
  5
69C
330
1F
100
AcDbEntity
  8
0
  6
Continuous
 62
     7
370
    25
100
AcDbCircle
 10
2875.6490054764
 20
2800.3911099983
 30
0.0
 40
8.124651008462545
100
AcDbArc
 50
183.6262370559
 51
201.0743080139
  0
ARC
  5
69D
330
1F
100
AcDbEntity
  8
0
  6
Continuous
 62
     7
370
    25
100
AcDbCircle
 10
2869.8273751792
 20
2798.1477284248
 30
0.0
 40
1.88572961122291
100
AcDbArc
 50
201.0743068887
 51
249.5907692546
  0
ARC
  5
69E
330
1F
100
AcDbEntity
  8
0
  6
Continuous
 62
     7
370
    25
100
AcDbCircle
 10
2872.724599071
 20
2798.1477284248
 30
0.0
 40
1.885729611232049
100
AcDbArc
 50
290.4092307456
 51
338.9256931112
  0
ARC
  5
69F
330
1F
100
AcDbEntity
  8
0
  6
Continuous
 62
     7
370
    25
100
AcDbCircle
 10
2870.6317713117
 20
2798.6229051887
 30
0.0
 40
15.15440490574918
100
AcDbArc
 50
344.845935167
 51
358.1371569914
  0
ARC
  5
6A0
330
1F
100
AcDbEntity
  8
0
  6
Continuous
 62
     7
370
    25
100
AcDbCircle
 10
2877.9157150992
 20
2796.6501806328
 30
0.0
 40
7.608049542286796
100
AcDbArc
 50
323.5377528013
 51
344.8458640691
  0
ARC
  5
6A1
330
1F
100
AcDbEntity
  8
0
  6
Continuous
 62
     7
370
    25
100
AcDbCircle
 10
2863.1352029744
 20
2807.5721391721
 30
0.0
 40
25.98609941174785
100
AcDbArc
 50
315.0000157157
 51
323.5377188816
  0
ARC
  5
6A2
330
1F
100
AcDbEntity
  8
0
  6
Continuous
 62
     7
370
    25
100
AcDbCircle
 10
2898.6839353362
 20
2772.0233911399
 30
0.0
 40
24.28741110010566
100
AcDbArc
 50
134.9999570452
 51
144.4376507235
  0
ARC
  5
6A3
330
1F
100
AcDbEntity
  8
0
  6
Continuous
 62
     7
370
    25
100
AcDbCircle
 10
2896.2152304808
 20
2779.1619325886
 30
0.0
 40
18.99670296199718
100
AcDbArc
 50
166.9307121497
 51
178.778310873
  0
ARC
  5
6A4
330
1F
100
AcDbEntity
  8
0
  6
Continuous
 62
     7
370
    25
100
AcDbCircle
 10
2860.7617708469
 20
2781.9967544252
 30
0.0
 40
5.735852163247693
100
AcDbArc
 50
11.5158705386
 51
36.370058401
  0
ARC
  5
6A5
330
1F
100
AcDbEntity
  8
0
  6
Continuous
 62
     7
370
    25
100
AcDbCircle
 10
2859.3678306261
 20
2780.9701636067
 30
0.0
 40
7.467024612051683
100
AcDbArc
 50
36.3701412985
 51
56.7661344585
  0
ARC
  5
6A6
330
1F
100
AcDbEntity
  8
0
  6
Continuous
 62
     7
370
    25
100
AcDbCircle
 10
2870.5956266171
 20
2798.1059396608
 30
0.0
 40
13.0195130112502
100
AcDbArc
 50
217.4545236897
 51
236.7661813178
  0
ARC
  5
6A7
330
1F
100
AcDbEntity
  8
0
  6
Continuous
 62
     7
370
    25
100
AcDbCircle
 10
2871.2000636966
 20
2798.5689660434
 30
0.0
 40
13.78091803751639
100
AcDbArc
 50
198.9486212691
 51
217.4544816259
  0
ARC
  5
6A8
330
1F
100
AcDbEntity
  8
0
  6
Continuous
 62
     7
370
    25
100
AcDbCircle
 10
2880.1127088562
 20
2801.6288916403
 30
0.0
 40
23.20420771787472
100
AcDbArc
 50
185.3533882704
 51
198.9486044357
  0
ARC
  5
6A9
330
1F
100
AcDbEntity
  8
0
  6
Continuous
 62
     7
370
    25
100
AcDbCircle
 10
2937.8057928964
 20
2807.0352029199
 30
0.0
 40
81.15004577133017
100
AcDbArc
 50
179.999999053
 51
185.3534303613
  0
ARC
  5
6AA
330
1F
100
AcDbEntity
  8
0
  6
Continuous
 62
     7
370
    25
100
AcDbCircle
 10
2662.4992316746
 20
2805.3921341722
 30
0.0
 40
223.396995450599
100
AcDbArc
 50
358.1371868284
 51
359.9999461919
  0
ARC
  5
6AB
330
1F
100
AcDbEntity
  8
0
  6
Continuous
 62
     7
370
    25
100
AcDbCircle
 10
2885.0850529938
 20
2781.7457138408
 30
0.0
 40
7.57055853561114
100
AcDbArc
 50
144.4375851565
 51
166.9306841434
  0
ARC
  5
6AC
330
1F
100
AcDbEntity
  8
0
  6
Continuous
 62
     7
370
    25
100
AcDbCircle
 10
3311.5829284744
 20
2770.3037600499
 30
0.0
 40
434.4588453495057
100
AcDbArc
 50
178.7782906629
 51
180.0000542912
  0
ARC
  5
6AD
330
1F
100
AcDbEntity
  8
0
  6
Continuous
 62
     7
370
    25
100
AcDbCircle
 10
2580.1429055479
 20
2818.5646805474
 30
0.0
 40
295.46001696232
100
AcDbArc
 50
356.3737012119
 51
357.6793433104
  0
ARC
  5
6AE
330
1F
100
AcDbEntity
  8
0
  6
Continuous
 62
     7
370
    25
100
AcDbCircle
 10
2402.4886254611
 20
2770.3818511113
 30
0.0
 40
464.4012896640833
100
AcDbArc
 50
0.0000316452
 51
1.1039981864
  0
ARC
  5
6AF
330
1F
100
AcDbEntity
  8
0
  6
Continuous
 62
     7
370
    25
100
AcDbCircle
 10
3162.409068696
 20
2818.5646805471
 30
0.0
 40
295.4600169560343
100
AcDbArc
 50
182.3206566896
 51
183.6262987881
  0
ARC
  5
6B0
330
1F
100
AcDbEntity
  8
0
  6
Continuous
 62
     7
370
    25
100
AcDbCircle
 10
2871.2759871251
 20
2802.0410000925
 30
0.0
 40
6.039768711650281
100
AcDbArc
 50
249.590741115
 51
290.409258885
  0
ARC
  5
6B1
330
1F
100
AcDbEntity
  8
0
  6
Continuous
 62
     7
370
    25
100
AcDbCircle
 10
2866.9029687739
 20
2800.3911099983
 30
0.0
 40
8.124651008435336
100
AcDbArc
 50
338.9256919861
 51
356.3737629441
  0
ARC
  5
6B2
330
1F
100
AcDbEntity
  8
0
  6
Continuous
 62
     7
370
    25
100
AcDbCircle
 10
2845.671655926
 20
2778.9223009798
 30
0.0
 40
21.13597658850886
100
AcDbArc
 50
1.1040970193
 51
11.5158220516
  0
MTEXT
  5
6B4
330
1F
100
AcDbEntity
  8
0
  6
Continuous
 62
     7
100
AcDbMText
 10
2635.8901231251
 20
2725.5355252542
 30
0.0
 40
4.83362
 41
0.0
 71
     1
 72
     1
  1
SOLIDWORKS Educational Product.
  7
SLDTEXTSTYLE0
 73
     1
 44
1.0
  0
MTEXT
  5
6B5
330
1F
100
AcDbEntity
  8
0
  6
Continuous
 62
     7
100
AcDbMText
 10
2635.8901231251
 20
2718.2850952542
 30
0.0
 40
4.83362
 41
0.0
 71
     1
 72
     1
  1
For Instructional Use Only.
  7
SLDTEXTSTYLE0
 73
     1
 44
1.0
  0
ENDSEC
  0
SECTION
  2
OBJECTS
  0
DICTIONARY
  5
C
330
0
100
AcDbDictionary
281
     1
  3
ACAD_GROUP
350
D
  3
ACAD_LAYOUT
350
1A
  3
ACAD_MLINESTYLE
350
17
  3
ACAD_PLOTSETTINGS
350
19
  3
ACAD_PLOTSTYLENAME
350
E
  3
ACAD_SCALELIST
350
47
  3
DWGPROPS
350
6B6
  0
DICTIONARY
  5
D
102
{ACAD_REACTORS
330
C
102
}
330
C
100
AcDbDictionary
281
     1
  0
DICTIONARY
  5
1A
102
{ACAD_REACTORS
330
C
102
}
330
C
100
AcDbDictionary
281
     1
  3
Layout1
350
1E
  3
Layout2
350
26
  3
Model
350
22
  0
DICTIONARY
  5
17
102
{ACAD_REACTORS
330
C
102
}
330
C
100
AcDbDictionary
281
     1
  3
Standard
350
18
  0
DICTIONARY
  5
19
102
{ACAD_REACTORS
330
C
102
}
330
C
100
AcDbDictionary
281
     1
  0
ACDBDICTIONARYWDFLT
  5
E
102
{ACAD_REACTORS
330
C
102
}
330
C
100
AcDbDictionary
281
     1
  3
Normal
350
F
100
AcDbDictionaryWithDefault
340
F
  0
DICTIONARY
  5
47
102
{ACAD_REACTORS
330
C
102
}
330
C
100
AcDbDictionary
281
     1
  3
A0
350
48
  3
A1
350
49
  3
A2
350
4A
  3
A3
350
4B
  3
A4
350
4C
  3
A5
350
4D
  3
A6
350
4E
  3
A7
350
4F
  3
A8
350
50
  3
A9
350
51
  3
B0
350
52
  3
B1
350
53
  3
B2
350
54
  3
B3
350
55
  3
B4
350
56
  3
B5
350
57
  3
B6
350
58
  0
XRECORD
  5
6B6
102
{ACAD_REACTORS
330
C
102
}
330
C
100
AcDbXrecord
280
     1
  1
DWGPROPS COOKIE
  2

  3

  4

  6

  7

  8
anast
  9

300
=
301
=
302
=
303
=
304
=
305
=
306
=
307
=
308
=
309
=
 40
0.0
 41
2460804.589997338
 42
2460804.590053021
  1

 90
        0
  0
LAYOUT
  5
1E
102
{ACAD_REACTORS
330
1A
102
}
330
1A
100
AcDbPlotSettings
  1

  2
none_device
  4

  6

 40
0.0
 41
0.0
 42
0.0
 43
0.0
 44
0.0
 45
0.0
 46
0.0
 47
0.0
 48
0.0
 49
0.0
140
0.0
141
0.0
142
1.0
143
1.0
 70
   688
 72
     1
 73
     0
 74
     5
  7

 75
    16
147
1.0
148
0.0
149
0.0
100
AcDbLayout
  1
Layout1
 70
     1
 71
     1
 10
0.0
 20
0.0
 11
420.0
 21
297.0
 12
0.0
 22
0.0
 32
0.0
 14
1.0000000000E+20
 24
1.0000000000E+20
 34
1.0000000000E+20
 15
-1.0000000000E+20
 25
-1.0000000000E+20
 35
-1.0000000000E+20
146
0.0
 13
0.0
 23
0.0
 33
0.0
 16
1.0
 26
0.0
 36
0.0
 17
0.0
 27
1.0
 37
0.0
 76
     0
330
1B
  0
LAYOUT
  5
26
102
{ACAD_REACTORS
330
1A
102
}
330
1A
100
AcDbPlotSettings
  1

  2
none_device
  4

  6

 40
0.0
 41
0.0
 42
0.0
 43
0.0
 44
0.0
 45
0.0
 46
0.0
 47
0.0
 48
0.0
 49
0.0
140
0.0
141
0.0
142
1.0
143
1.0
 70
   688
 72
     1
 73
     0
 74
     5
  7

 75
    16
147
1.0
148
0.0
149
0.0
100
AcDbLayout
  1
Layout2
 70
     1
 71
     2
 10
0.0
 20
0.0
 11
0.0
 21
0.0
 12
0.0
 22
0.0
 32
0.0
 14
0.0
 24
0.0
 34
0.0
 15
0.0
 25
0.0
 35
0.0
146
0.0
 13
0.0
 23
0.0
 33
0.0
 16
1.0
 26
0.0
 36
0.0
 17
0.0
 27
1.0
 37
0.0
 76
     0
330
23
  0
LAYOUT
  5
22
102
{ACAD_REACTORS
330
1A
102
}
330
1A
100
AcDbPlotSettings
  1

  2
none_device
  4
ANSI_A_(11.00_x_8.50_Inches)
  6

 40
6.35
 41
19.05
 42
6.35000508
 43
19.05000254
 44
279.4
 45
215.9
 46
-2920.8556958191
 47
-3002.50518943
 48
0.0
 49
0.0
140
0.0
141
0.0
142
0.0435523915
143
1.0
 70
  1696
 72
     0
 73
     0
 74
     0
  7

 75
     0
147
0.0179189148
148
-1300.4909072572
149
0.0
100
AcDbLayout
  1
Model
 70
     1
 71
     0
 10
0.0
 20
0.0
 11
420.0
 21
297.0
 12
0.0
 22
0.0
 32
0.0
 14
2635.8901231251
 24
2726.5550916458
 34
0.0
 15
2885.9337974485
 25
2862.5233236459
 35
0.0
146
0.0
 13
0.0
 23
0.0
 33
0.0
 16
1.0
 26
0.0
 36
0.0
 17
0.0
 27
1.0
 37
0.0
 76
     0
330
1F
331
29
  0
MLINESTYLE
  5
18
102
{ACAD_REACTORS
330
17
102
}
330
17
100
AcDbMlineStyle
  2
Standard
 70
     0
  3

 62
   256
 51
90.0
 52
90.0
 71
     2
 49
0.5
 62
   256
  6
BYLAYER
 49
-0.5
 62
   256
  6
BYLAYER
  0
ACDBPLACEHOLDER
  5
F
102
{ACAD_REACTORS
330
E
102
}
330
E
  0
SCALE
  5
48
102
{ACAD_REACTORS
330
47
102
}
330
47
100
AcDbScale
 70
     0
300
1:1
140
1.0
141
1.0
290
     1
  0
SCALE
  5
49
102
{ACAD_REACTORS
330
47
102
}
330
47
100
AcDbScale
 70
     0
300
1:2
140
1.0
141
2.0
290
     0
  0
SCALE
  5
4A
102
{ACAD_REACTORS
330
47
102
}
330
47
100
AcDbScale
 70
     0
300
1:4
140
1.0
141
4.0
290
     0
  0
SCALE
  5
4B
102
{ACAD_REACTORS
330
47
102
}
330
47
100
AcDbScale
 70
     0
300
1:5
140
1.0
141
5.0
290
     0
  0
SCALE
  5
4C
102
{ACAD_REACTORS
330
47
102
}
330
47
100
AcDbScale
 70
     0
300
1:8
140
1.0
141
8.0
290
     0
  0
SCALE
  5
4D
102
{ACAD_REACTORS
330
47
102
}
330
47
100
AcDbScale
 70
     0
300
1:10
140
1.0
141
10.0
290
     0
  0
SCALE
  5
4E
102
{ACAD_REACTORS
330
47
102
}
330
47
100
AcDbScale
 70
     0
300
1:16
140
1.0
141
16.0
290
     0
  0
SCALE
  5
4F
102
{ACAD_REACTORS
330
47
102
}
330
47
100
AcDbScale
 70
     0
300
1:20
140
1.0
141
20.0
290
     0
  0
SCALE
  5
50
102
{ACAD_REACTORS
330
47
102
}
330
47
100
AcDbScale
 70
     0
300
1:30
140
1.0
141
30.0
290
     0
  0
SCALE
  5
51
102
{ACAD_REACTORS
330
47
102
}
330
47
100
AcDbScale
 70
     0
300
1:40
140
1.0
141
40.0
290
     0
  0
SCALE
  5
52
102
{ACAD_REACTORS
330
47
102
}
330
47
100
AcDbScale
 70
     0
300
1:50
140
1.0
141
50.0
290
     0
  0
SCALE
  5
53
102
{ACAD_REACTORS
330
47
102
}
330
47
100
AcDbScale
 70
     0
300
1:100
140
1.0
141
100.0
290
     0
  0
SCALE
  5
54
102
{ACAD_REACTORS
330
47
102
}
330
47
100
AcDbScale
 70
     0
300
2:1
140
2.0
141
1.0
290
     0
  0
SCALE
  5
55
102
{ACAD_REACTORS
330
47
102
}
330
47
100
AcDbScale
 70
     0
300
4:1
140
4.0
141
1.0
290
     0
  0
SCALE
  5
56
102
{ACAD_REACTORS
330
47
102
}
330
47
100
AcDbScale
 70
     0
300
8:1
140
8.0
141
1.0
290
     0
  0
SCALE
  5
57
102
{ACAD_REACTORS
330
47
102
}
330
47
100
AcDbScale
 70
     0
300
10:1
140
10.0
141
1.0
290
     0
  0
SCALE
  5
58
102
{ACAD_REACTORS
330
47
102
}
330
47
100
AcDbScale
 70
     0
300
100:1
140
100.0
141
1.0
290
     0
  0
ENDSEC
  0
EOF
