  0
SECTION
  2
HEADER
  9
$ACADVER
  1
AC1015
  9
$ACADMAINTVER
 70
     6
  9
$DWGCODEPAGE
  3
ANSI_1252
  9
$INSBASE
 10
0.0
 20
0.0
 30
0.0
  9
$EXTMIN
 10
0.0
 20
-410.0
 30
0.0
  9
$EXTMAX
 10
1000.0
 20
0.0
 30
0.0
  9
$LIMMIN
 10
0.0
 20
0.0
  9
$LIMMAX
 10
420.0
 20
297.0
  9
$ORTHOMODE
 70
     0
  9
$REGENMODE
 70
     1
  9
$FILLMODE
 70
     1
  9
$QTEXTMODE
 70
     0
  9
$MIRRTEXT
 70
     1
  9
$LTSCALE
 40
1.0
  9
$ATTMODE
 70
     1
  9
$TEXTSIZE
 40
3.5
  9
$TRACEWID
 40
1.0
  9
$TEXTSTYLE
  7
Standard
  9
$CLAYER
  8
0
  9
$CELTYPE
  6
ByLayer
  9
$CECOLOR
 62
   256
  9
$CELTSCALE
 40
1.0
  9
$DISPSILH
 70
     0
  9
$DIMSCALE
 40
1.0
  9
$DIMASZ
 40
3.302
  9
$DIMEXO
 40
0.0
  9
$DIMDLI
 40
3.75
  9
$DIMRND
 40
0.0
  9
$DIMDLE
 40
0.0
  9
$DIMEXE
 40
1.0
  9
$DIMTP
 40
0.0
  9
$DIMTM
 40
0.0
  9
$DIMTXT
 40
3.5
  9
$DIMCEN
 40
2.5
  9
$DIMTSZ
 40
0.0
  9
$DIMTOL
 70
     0
  9
$DIMLIM
 70
     0
  9
$DIMTIH
 70
     1
  9
$DIMTOH
 70
     1
  9
$DIMSE1
 70
     0
  9
$DIMSE2
 70
     0
  9
$DIMTAD
 70
     1
  9
$DIMZIN
 70
     1
  9
$DIMBLK
  1

  9
$DIMASO
 70
     1
  9
$DIMSHO
 70
     1
  9
$DIMPOST
  1

  9
$DIMAPOST
  1

  9
$DIMALT
 70
     0
  9
$DIMALTD
 70
     3
  9
$DIMALTF
 40
0.0393700787
  9
$DIMLFAC
 40
1.0
  9
$DIMTOFL
 70
     1
  9
$DIMTVP
 40
0.0
  9
$DIMTIX
 70
     0
  9
$DIMSOXD
 70
     0
  9
$DIMSAH
 70
     0
  9
$DIMBLK1
  1

  9
$DIMBLK2
  1

  9
$DIMSTYLE
  2
ISO-25
  9
$DIMCLRD
 70
     0
  9
$DIMCLRE
 70
     0
  9
$DIMCLRT
 70
     0
  9
$DIMTFAC
 40
1.0
  9
$DIMGAP
 40
1.524
  9
$DIMJUST
 70
     0
  9
$DIMSD1
 70
     0
  9
$DIMSD2
 70
     0
  9
$DIMTOLJ
 70
     0
  9
$DIMTZIN
 70
     1
  9
$DIMALTZ
 70
     0
  9
$DIMALTTZ
 70
     0
  9
$DIMUPT
 70
     0
  9
$DIMDEC
 70
     2
  9
$DIMTDEC
 70
     2
  9
$DIMALTU
 70
     2
  9
$DIMALTTD
 70
     3
  9
$DIMTXSTY
  7
Standard
  9
$DIMAUNIT
 70
     0
  9
$DIMADEC
 70
     2
  9
$DIMALTRND
 40
0.0
  9
$DIMAZIN
 70
     0
  9
$DIMDSEP
 70
    44
  9
$DIMATFIT
 70
     3
  9
$DIMFRAC
 70
     0
  9
$DIMLDRBLK
  1

  9
$DIMLUNIT
 70
     2
  9
$DIMLWD
 70
    -2
  9
$DIMLWE
 70
    -2
  9
$DIMTMOVE
 70
     0
  9
$LUNITS
 70
     2
  9
$LUPREC
 70
     6
  9
$SKETCHINC
 40
1.0
  9
$FILLETRAD
 40
0.0
  9
$AUNITS
 70
     0
  9
$AUPREC
 70
     2
  9
$MENU
  1
.
  9
$ELEVATION
 40
0.0
  9
$PELEVATION
 40
0.0
  9
$THICKNESS
 40
0.0
  9
$LIMCHECK
 70
     0
  9
$CHAMFERA
 40
0.0
  9
$CHAMFERB
 40
0.0
  9
$CHAMFERC
 40
0.0
  9
$CHAMFERD
 40
0.0
  9
$SKPOLY
 70
     0
  9
$TDCREATE
 40
2460808.469138762
  9
$TDUCREATE
 40
2460808.385805428
  9
$TDUPDATE
 40
2460808.46918051
  9
$TDUUPDATE
 40
2460808.385847176
  9
$TDINDWG
 40
0.0000000116
  9
$TDUSRTIMER
 40
0.0000000116
  9
$USRTIMER
 70
     1
  9
$ANGBASE
 50
0.0
  9
$ANGDIR
 70
     0
  9
$PDMODE
 70
     0
  9
$PDSIZE
 40
-1.0
  9
$PLINEWID
 40
0.0
  9
$SPLFRAME
 70
     0
  9
$SPLINETYPE
 70
     6
  9
$SPLINESEGS
 70
     8
  9
$HANDSEED
  5
1E0
  9
$SURFTAB1
 70
     6
  9
$SURFTAB2
 70
     6
  9
$SURFTYPE
 70
     6
  9
$SURFU
 70
     6
  9
$SURFV
 70
     6
  9
$UCSBASE
  2

  9
$UCSNAME
  2

  9
$UCSORG
 10
0.0
 20
0.0
 30
0.0
  9
$UCSXDIR
 10
1.0
 20
0.0
 30
0.0
  9
$UCSYDIR
 10
0.0
 20
1.0
 30
0.0
  9
$UCSORTHOREF
  2

  9
$UCSORTHOVIEW
 70
     0
  9
$UCSORGTOP
 10
0.0
 20
0.0
 30
0.0
  9
$UCSORGBOTTOM
 10
0.0
 20
0.0
 30
0.0
  9
$UCSORGLEFT
 10
0.0
 20
0.0
 30
0.0
  9
$UCSORGRIGHT
 10
0.0
 20
0.0
 30
0.0
  9
$UCSORGFRONT
 10
0.0
 20
0.0
 30
0.0
  9
$UCSORGBACK
 10
0.0
 20
0.0
 30
0.0
  9
$PUCSBASE
  2

  9
$PUCSNAME
  2

  9
$PUCSORG
 10
0.0
 20
0.0
 30
0.0
  9
$PUCSXDIR
 10
1.0
 20
0.0
 30
0.0
  9
$PUCSYDIR
 10
0.0
 20
1.0
 30
0.0
  9
$PUCSORTHOREF
  2

  9
$PUCSORTHOVIEW
 70
     0
  9
$PUCSORGTOP
 10
0.0
 20
0.0
 30
0.0
  9
$PUCSORGBOTTOM
 10
0.0
 20
0.0
 30
0.0
  9
$PUCSORGLEFT
 10
0.0
 20
0.0
 30
0.0
  9
$PUCSORGRIGHT
 10
0.0
 20
0.0
 30
0.0
  9
$PUCSORGFRONT
 10
0.0
 20
0.0
 30
0.0
  9
$PUCSORGBACK
 10
0.0
 20
0.0
 30
0.0
  9
$USERI1
 70
     0
  9
$USERI2
 70
     0
  9
$USERI3
 70
     0
  9
$USERI4
 70
     0
  9
$USERI5
 70
     0
  9
$USERR1
 40
0.0
  9
$USERR2
 40
0.0
  9
$USERR3
 40
0.0
  9
$USERR4
 40
0.0
  9
$USERR5
 40
0.0
  9
$WORLDVIEW
 70
     1
  9
$SHADEDGE
 70
     3
  9
$SHADEDIF
 70
    70
  9
$TILEMODE
 70
     1
  9
$MAXACTVP
 70
    64
  9
$PINSBASE
 10
0.0
 20
0.0
 30
0.0
  9
$PLIMCHECK
 70
     0
  9
$PEXTMIN
 10
1.0000000000E+20
 20
1.0000000000E+20
 30
1.0000000000E+20
  9
$PEXTMAX
 10
-1.0000000000E+20
 20
-1.0000000000E+20
 30
-1.0000000000E+20
  9
$PLIMMIN
 10
0.0
 20
0.0
  9
$PLIMMAX
 10
420.0
 20
297.0
  9
$UNITMODE
 70
     0
  9
$VISRETAIN
 70
     1
  9
$PLINEGEN
 70
     0
  9
$PSLTSCALE
 70
     1
  9
$TREEDEPTH
 70
  3020
  9
$CMLSTYLE
  2
Standard
  9
$CMLJUST
 70
     0
  9
$CMLSCALE
 40
20.0
  9
$PROXYGRAPHICS
 70
     1
  9
$MEASUREMENT
 70
     1
  9
$CELWEIGHT
370
    -1
  9
$ENDCAPS
280
     0
  9
$JOINSTYLE
280
     0
  9
$LWDISPLAY
290
     1
  9
$INSUNITS
 70
     4
  9
$HYPERLINKBASE
  1

  9
$STYLESHEET
  1

  9
$XEDIT
290
     1
  9
$CEPSNTYPE
380
     0
  9
$PSTYLEMODE
290
     1
  9
$FINGERPRINTGUID
  2
{85bc582c-69de-440b-bec6-62d6319a5f67}
  9
$VERSIONGUID
  2
{FAEB1C32-E019-11D5-929B-00C0DF256EC4}
  9
$EXTNAMES
290
     1
  9
$PSVPSCALE
 40
0.0
  9
$OLESTARTUP
290
     0
  0
ENDSEC
  0
SECTION
  2
CLASSES
  0
CLASS
  1
ACDBDICTIONARYWDFLT
  2
AcDbDictionaryWithDefault
  3
ObjectDBX Classes
 90
        0
280
     0
281
     0
  0
CLASS
  1
VISUALSTYLE
  2
AcDbVisualStyle
  3
ObjectDBX Classes
 90
     4095
280
     0
281
     0
  0
CLASS
  1
MATERIAL
  2
AcDbMaterial
  3
ObjectDBX Classes
 90
     1153
280
     0
281
     0
  0
CLASS
  1
SCALE
  2
AcDbScale
  3
ObjectDBX Classes
 90
     1153
280
     0
281
     0
  0
CLASS
  1
TABLESTYLE
  2
AcDbTableStyle
  3
ObjectDBX Classes
 90
     4095
280
     0
281
     0
  0
CLASS
  1
MLEADERSTYLE
  2
AcDbMLeaderStyle
  3
ACDB_MLEADERSTYLE_CLASS
 90
     4095
280
     0
281
     0
  0
CLASS
  1
SUN
  2
AcDbSun
  3
SCENEOE
 90
     1153
280
     0
281
     0
  0
CLASS
  1
ACDBPLACEHOLDER
  2
AcDbPlaceHolder
  3
ObjectDBX Classes
 90
        0
280
     0
281
     0
  0
CLASS
  1
LAYOUT
  2
AcDbLayout
  3
ObjectDBX Classes
 90
        0
280
     0
281
     0
  0
ENDSEC
  0
SECTION
  2
TABLES
  0
TABLE
  2
VPORT
  5
8
330
0
100
AcDbSymbolTable
 70
     1
  0
VPORT
  5
29
330
8
100
AcDbSymbolTableRecord
100
AcDbViewportTableRecord
  2
*Active
 70
     0
 10
0.0
 20
0.0
 11
1.0
 21
1.0
 12
500.0
 22
-205.0
 13
0.0
 23
0.0
 14
10.0
 24
10.0
 15
10.0
 25
10.0
 16
0.0
 26
0.0
 36
1.0
 17
0.0
 27
0.0
 37
0.0
 40
418.2
 41
2.4390243902
 42
50.0
 43
0.0
 44
0.0
 50
0.0
 51
0.0
 71
     0
 72
   100
 73
     1
 74
     3
 75
     0
 76
     0
 77
     0
 78
     0
281
     0
 65
     1
110
0.0
120
0.0
130
0.0
111
1.0
121
0.0
131
0.0
112
0.0
122
1.0
132
0.0
 79
     0
146
0.0
  0
ENDTAB
  0
TABLE
  2
LTYPE
  5
5
330
0
100
AcDbSymbolTable
 70
     6
  0
LTYPE
  5
14
330
5
100
AcDbSymbolTableRecord
100
AcDbLinetypeTableRecord
  2
ByBlock
 70
     0
  3

 72
    65
 73
     0
 40
0.0
  0
LTYPE
  5
15
330
5
100
AcDbSymbolTableRecord
100
AcDbLinetypeTableRecord
  2
ByLayer
 70
     0
  3

 72
    65
 73
     0
 40
0.0
  0
LTYPE
  5
16
330
5
100
AcDbSymbolTableRecord
100
AcDbLinetypeTableRecord
  2
Continuous
 70
     0
  3
Solid line
 72
    65
 73
     0
 40
0.0
  0
LTYPE
  5
5E
330
5
100
AcDbSymbolTableRecord
100
AcDbLinetypeTableRecord
  2
HIDDEN
 70
     0
  3
Hidden __ __ __ __ __ __ __ __ __ __ __ __ __ __
 72
    65
 73
     2
 40
1.905
 49
1.27
 74
     0
 49
-0.635
 74
     0
  0
LTYPE
  5
5F
330
5
100
AcDbSymbolTableRecord
100
AcDbLinetypeTableRecord
  2
PHANTOM
 70
     0
  3
Phantom ______  __  __  ______  __  __  ______
 72
    65
 73
     6
 40
12.7
 49
6.35
 74
     0
 49
-1.27
 74
     0
 49
1.27
 74
     0
 49
-1.27
 74
     0
 49
1.27
 74
     0
 49
-1.27
 74
     0
  0
LTYPE
  5
60
330
5
100
AcDbSymbolTableRecord
100
AcDbLinetypeTableRecord
  2
CENTER
 70
     0
  3
Center ____ _ ____ _ ____ _ ____ _ ____ _ ____
 72
    65
 73
     4
 40
10.16
 49
6.35
 74
     0
 49
-1.27
 74
     0
 49
1.27
 74
     0
 49
-1.27
 74
     0
  0
LTYPE
  5
61
330
5
100
AcDbSymbolTableRecord
100
AcDbLinetypeTableRecord
  2
CENTERX2
 70
     0
  3
Center (2x) ________  __  ________  __  _____
 72
    65
 73
     4
 40
20.32
 49
12.7
 74
     0
 49
-2.54
 74
     0
 49
2.54
 74
     0
 49
-2.54
 74
     0
  0
LTYPE
  5
62
330
5
100
AcDbSymbolTableRecord
100
AcDbLinetypeTableRecord
  2
DOT2
 70
     0
  3
Dot (.5x) ........................................
 72
    65
 73
     2
 40
0.635
 49
0.0
 74
     0
 49
-0.635
 74
     0
  0
ENDTAB
  0
TABLE
  2
LAYER
  5
2
330
0
100
AcDbSymbolTable
 70
     1
  0
LAYER
  5
10
330
2
100
AcDbSymbolTableRecord
100
AcDbLayerTableRecord
  2
0
 70
     0
 62
     7
  6
Continuous
370
    -3
390
F
  0
ENDTAB
  0
TABLE
  2
STYLE
  5
3
330
0
100
AcDbSymbolTable
 70
     2
  0
STYLE
  5
11
330
3
100
AcDbSymbolTableRecord
100
AcDbTextStyleTableRecord
  2
Standard
 70
     0
 40
0.0
 41
1.0
 50
0.0
 71
     0
 42
3.5
  3
txt
  4

  0
STYLE
  5
1DC
330
3
100
AcDbSymbolTableRecord
100
AcDbTextStyleTableRecord
  2
SLDTEXTSTYLE0
 70
     0
 40
0.0
 41
0.7
 50
0.0
 71
     0
 42
3.5
  3
TXT
  4

  0
ENDTAB
  0
TABLE
  2
VIEW
  5
6
330
0
100
AcDbSymbolTable
 70
     0
  0
ENDTAB
  0
TABLE
  2
UCS
  5
7
330
0
100
AcDbSymbolTable
 70
     0
  0
ENDTAB
  0
TABLE
  2
APPID
  5
9
330
0
100
AcDbSymbolTable
 70
     1
  0
APPID
  5
12
330
9
100
AcDbSymbolTableRecord
100
AcDbRegAppTableRecord
  2
ACAD
 70
     0
  0
ENDTAB
  0
TABLE
  2
DIMSTYLE
  5
A
330
0
100
AcDbSymbolTable
 70
     1
100
AcDbDimStyleTable
  0
DIMSTYLE
105
27
330
A
100
AcDbSymbolTableRecord
100
AcDbDimStyleTableRecord
  2
ISO-25
 70
     0
 41
2.5
 42
0.625
 43
3.75
 44
1.25
 73
     0
 74
     0
 77
     1
 78
     8
140
2.5
141
2.5
143
0.0393700787
147
0.625
171
     3
172
     1
178
     0
271
     2
272
     2
274
     3
278
    44
283
     0
284
     8
340
11
  0
ENDTAB
  0
TABLE
  2
BLOCK_RECORD
  5
1
330
0
100
AcDbSymbolTable
 70
     1
  0
BLOCK_RECORD
  5
1F
330
1
100
AcDbSymbolTableRecord
100
AcDbBlockTableRecord
  2
*Model_Space
340
22
  0
BLOCK_RECORD
  5
1B
330
1
100
AcDbSymbolTableRecord
100
AcDbBlockTableRecord
  2
*Paper_Space
340
1E
  0
BLOCK_RECORD
  5
23
330
1
100
AcDbSymbolTableRecord
100
AcDbBlockTableRecord
  2
*Paper_Space0
340
26
  0
ENDTAB
  0
ENDSEC
  0
SECTION
  2
BLOCKS
  0
BLOCK
  5
20
330
1F
100
AcDbEntity
  8
0
100
AcDbBlockBegin
  2
*Model_Space
 70
     0
 10
0.0
 20
0.0
 30
0.0
  3
*Model_Space
  1

  0
ENDBLK
  5
21
330
1F
100
AcDbEntity
  8
0
100
AcDbBlockEnd
  0
BLOCK
  5
1C
330
1B
100
AcDbEntity
 67
     1
  8
0
100
AcDbBlockBegin
  2
*Paper_Space
 70
     0
 10
0.0
 20
0.0
 30
0.0
  3
*Paper_Space
  1

  0
ENDBLK
  5
1D
330
1B
100
AcDbEntity
 67
     1
  8
0
100
AcDbBlockEnd
  0
BLOCK
  5
24
330
23
100
AcDbEntity
  8
0
100
AcDbBlockBegin
  2
*Paper_Space0
 70
     0
 10
0.0
 20
0.0
 30
0.0
  3
*Paper_Space0
  1

  0
ENDBLK
  5
25
330
23
100
AcDbEntity
  8
0
100
AcDbBlockEnd
  0
ENDSEC
  0
SECTION
  2
ENTITIES
  0
CIRCLE
  5
63
330
1F
100
AcDbEntity
  8
0
  6
Continuous
 62
     7
370
    25
100
AcDbCircle
 10
978.0
 20
-100.0
 30
0.0
 40
3.100000000000023
  0
CIRCLE
  5
64
330
1F
100
AcDbEntity
  8
0
  6
Continuous
 62
     7
370
    25
100
AcDbCircle
 10
22.0
 20
-310.0
 30
0.0
 40
3.099999999999973
  0
CIRCLE
  5
65
330
1F
100
AcDbEntity
  8
0
  6
Continuous
 62
     7
370
    25
100
AcDbCircle
 10
22.0
 20
-100.0
 30
0.0
 40
3.099999999999994
  0
CIRCLE
  5
66
330
1F
100
AcDbEntity
  8
0
  6
Continuous
 62
     7
370
    25
100
AcDbCircle
 10
978.0
 20
-310.0
 30
0.0
 40
3.100000000000023
  0
CIRCLE
  5
6F
330
1F
100
AcDbEntity
  8
0
  6
Continuous
 62
     7
370
    25
100
AcDbCircle
 10
920.0
 20
-388.0
 30
0.0
 40
3.100000000000023
  0
CIRCLE
  5
70
330
1F
100
AcDbEntity
  8
0
  6
Continuous
 62
     7
370
    25
100
AcDbCircle
 10
870.0
 20
-388.0
 30
0.0
 40
3.100000000000136
  0
CIRCLE
  5
71
330
1F
100
AcDbEntity
  8
0
  6
Continuous
 62
     7
370
    25
100
AcDbCircle
 10
820.0
 20
-388.0
 30
0.0
 40
3.100000000000023
  0
CIRCLE
  5
72
330
1F
100
AcDbEntity
  8
0
  6
Continuous
 62
     7
370
    25
100
AcDbCircle
 10
770.0
 20
-388.0
 30
0.0
 40
3.100000000000023
  0
CIRCLE
  5
73
330
1F
100
AcDbEntity
  8
0
  6
Continuous
 62
     7
370
    25
100
AcDbCircle
 10
720.0
 20
-388.0
 30
0.0
 40
3.099999999999909
  0
CIRCLE
  5
74
330
1F
100
AcDbEntity
  8
0
  6
Continuous
 62
     7
370
    25
100
AcDbCircle
 10
670.0
 20
-388.0
 30
0.0
 40
3.100000000000023
  0
CIRCLE
  5
75
330
1F
100
AcDbEntity
  8
0
  6
Continuous
 62
     7
370
    25
100
AcDbCircle
 10
620.0
 20
-388.0
 30
0.0
 40
3.100000000000023
  0
CIRCLE
  5
76
330
1F
100
AcDbEntity
  8
0
  6
Continuous
 62
     7
370
    25
100
AcDbCircle
 10
570.0
 20
-388.0
 30
0.0
 40
3.100000000000023
  0
CIRCLE
  5
77
330
1F
100
AcDbEntity
  8
0
  6
Continuous
 62
     7
370
    25
100
AcDbCircle
 10
520.0
 20
-388.0
 30
0.0
 40
3.100000000000023
  0
CIRCLE
  5
78
330
1F
100
AcDbEntity
  8
0
  6
Continuous
 62
     7
370
    25
100
AcDbCircle
 10
470.0
 20
-388.0
 30
0.0
 40
3.100000000000023
  0
CIRCLE
  5
79
330
1F
100
AcDbEntity
  8
0
  6
Continuous
 62
     7
370
    25
100
AcDbCircle
 10
420.0
 20
-388.0
 30
0.0
 40
3.100000000000023
  0
CIRCLE
  5
7A
330
1F
100
AcDbEntity
  8
0
  6
Continuous
 62
     7
370
    25
100
AcDbCircle
 10
370.0
 20
-388.0
 30
0.0
 40
3.100000000000023
  0
CIRCLE
  5
7B
330
1F
100
AcDbEntity
  8
0
  6
Continuous
 62
     7
370
    25
100
AcDbCircle
 10
320.0
 20
-388.0
 30
0.0
 40
3.10000000000008
  0
CIRCLE
  5
7C
330
1F
100
AcDbEntity
  8
0
  6
Continuous
 62
     7
370
    25
100
AcDbCircle
 10
270.0
 20
-388.0
 30
0.0
 40
3.100000000000023
  0
CIRCLE
  5
7D
330
1F
100
AcDbEntity
  8
0
  6
Continuous
 62
     7
370
    25
100
AcDbCircle
 10
220.0
 20
-388.0
 30
0.0
 40
3.100000000000023
  0
CIRCLE
  5
7E
330
1F
100
AcDbEntity
  8
0
  6
Continuous
 62
     7
370
    25
100
AcDbCircle
 10
170.0
 20
-388.0
 30
0.0
 40
3.100000000000023
  0
CIRCLE
  5
7F
330
1F
100
AcDbEntity
  8
0
  6
Continuous
 62
     7
370
    25
100
AcDbCircle
 10
120.0
 20
-388.0
 30
0.0
 40
3.100000000000009
  0
CIRCLE
  5
80
330
1F
100
AcDbEntity
  8
0
  6
Continuous
 62
     7
370
    25
100
AcDbCircle
 10
70.0
 20
-388.0
 30
0.0
 40
3.099999999999994
  0
CIRCLE
  5
81
330
1F
100
AcDbEntity
  8
0
  6
Continuous
 62
     7
370
    25
100
AcDbCircle
 10
919.5493438654
 20
-24.0
 30
0.0
 40
3.100000000000136
  0
CIRCLE
  5
82
330
1F
100
AcDbEntity
  8
0
  6
Continuous
 62
     7
370
    25
100
AcDbCircle
 10
869.5493438654
 20
-24.0
 30
0.0
 40
3.100000000000023
  0
CIRCLE
  5
83
330
1F
100
AcDbEntity
  8
0
  6
Continuous
 62
     7
370
    25
100
AcDbCircle
 10
819.5493438654
 20
-24.0
 30
0.0
 40
3.100000000000023
  0
CIRCLE
  5
84
330
1F
100
AcDbEntity
  8
0
  6
Continuous
 62
     7
370
    25
100
AcDbCircle
 10
769.5493438654
 20
-24.0
 30
0.0
 40
3.100000000000023
  0
CIRCLE
  5
85
330
1F
100
AcDbEntity
  8
0
  6
Continuous
 62
     7
370
    25
100
AcDbCircle
 10
719.5493438654
 20
-24.0
 30
0.0
 40
3.099999999999909
  0
CIRCLE
  5
86
330
1F
100
AcDbEntity
  8
0
  6
Continuous
 62
     7
370
    25
100
AcDbCircle
 10
669.5493438654
 20
-24.0
 30
0.0
 40
3.100000000000023
  0
CIRCLE
  5
87
330
1F
100
AcDbEntity
  8
0
  6
Continuous
 62
     7
370
    25
100
AcDbCircle
 10
619.5493438654
 20
-24.0
 30
0.0
 40
3.100000000000023
  0
CIRCLE
  5
88
330
1F
100
AcDbEntity
  8
0
  6
Continuous
 62
     7
370
    25
100
AcDbCircle
 10
569.5493438654
 20
-24.0
 30
0.0
 40
3.099999999999909
  0
CIRCLE
  5
89
330
1F
100
AcDbEntity
  8
0
  6
Continuous
 62
     7
370
    25
100
AcDbCircle
 10
519.5493438654
 20
-24.0
 30
0.0
 40
3.100000000000023
  0
CIRCLE
  5
8A
330
1F
100
AcDbEntity
  8
0
  6
Continuous
 62
     7
370
    25
100
AcDbCircle
 10
469.5493438654
 20
-24.0
 30
0.0
 40
3.100000000000023
  0
CIRCLE
  5
8B
330
1F
100
AcDbEntity
  8
0
  6
Continuous
 62
     7
370
    25
100
AcDbCircle
 10
419.5493438654
 20
-24.0
 30
0.0
 40
3.100000000000023
  0
CIRCLE
  5
8C
330
1F
100
AcDbEntity
  8
0
  6
Continuous
 62
     7
370
    25
100
AcDbCircle
 10
369.5493438654
 20
-24.0
 30
0.0
 40
3.100000000000023
  0
CIRCLE
  5
8D
330
1F
100
AcDbEntity
  8
0
  6
Continuous
 62
     7
370
    25
100
AcDbCircle
 10
319.5493438654
 20
-24.0
 30
0.0
 40
3.100000000000023
  0
CIRCLE
  5
8E
330
1F
100
AcDbEntity
  8
0
  6
Continuous
 62
     7
370
    25
100
AcDbCircle
 10
269.5493438654
 20
-24.0
 30
0.0
 40
3.100000000000023
  0
CIRCLE
  5
8F
330
1F
100
AcDbEntity
  8
0
  6
Continuous
 62
     7
370
    25
100
AcDbCircle
 10
219.5493438654
 20
-24.0
 30
0.0
 40
3.099999999999966
  0
CIRCLE
  5
90
330
1F
100
AcDbEntity
  8
0
  6
Continuous
 62
     7
370
    25
100
AcDbCircle
 10
169.5493438654
 20
-24.0
 30
0.0
 40
3.099999999999994
  0
CIRCLE
  5
91
330
1F
100
AcDbEntity
  8
0
  6
Continuous
 62
     7
370
    25
100
AcDbCircle
 10
119.5493438654
 20
-24.0
 30
0.0
 40
3.09999999999998
  0
SPLINE
  5
94
330
1F
100
AcDbEntity
  8
0
  6
Continuous
 62
     7
370
    25
100
AcDbSpline
210
0.0
220
0.0
230
1.0
 70
     8
 71
     3
 72
    13
 73
     9
 74
     0
 42
0.00000001
 43
0.00000001
 40
0.0
 40
0.0
 40
0.0
 40
0.0
 40
0.3437621914217489
 40
0.4918338323010921
 40
0.6241090704108261
 40
0.7413996050399378
 40
0.8430618504426804
 40
1.0
 40
1.0
 40
1.0
 40
1.0
 10
984.1161297108221
 20
-363.0318217203277
 30
0.0
 10
984.1155832536441
 20
-362.9308410588684
 30
0.0
 10
984.1178063250536
 20
-362.7863944487583
 30
0.0
 10
984.123080603943
 20
-362.6031388713376
 30
0.0
 10
984.1296337550855
 20
-362.4865231354948
 30
0.0
 10
984.1367819213107
 20
-362.383586511471
 30
0.0
 10
984.1490056814822
 20
-362.2738471291905
 30
0.0
 10
984.1604696351967
 20
-362.198675066703
 30
0.0
 10
984.1722194544117
 20
-362.1540172331482
 30
0.0
  0
SPLINE
  5
95
330
1F
100
AcDbEntity
  8
0
  6
Continuous
 62
     7
370
    25
100
AcDbSpline
210
0.0
220
0.0
230
1.0
 70
     8
 71
     3
 72
    17
 73
    13
 74
     0
 42
0.00000001
 43
0.00000001
 40
0.0
 40
0.0
 40
0.0
 40
0.0
 40
0.171716615828471
 40
0.2506679767741005
 40
0.3258823275094189
 40
0.3968812716964052
 40
0.4635748406536067
 40
0.5280697489487878
 40
0.5896876632767534
 40
0.704809383374905
 40
0.8086618718637404
 40
1.0
 40
1.0
 40
1.0
 40
1.0
 10
984.1722194544118
 20
-362.1540172331483
 30
0.0
 10
984.1841426017705
 20
-362.1095458189428
 30
0.0
 10
984.2036639891132
 20
-362.0450679391423
 30
0.0
 10
984.2365154289379
 20
-361.9640130939746
 30
0.0
 10
984.2621743615017
 20
-361.9092816486512
 30
0.0
 10
984.290346400727
 20
-361.859552573194
 30
0.0
 10
984.3198286774276
 20
-361.8139730546272
 30
0.0
 10
984.3519691042195
 20
-361.7733274669959
 30
0.0
 10
984.3970109131628
 20
-361.7267669340837
 30
0.0
 10
984.45518536826
 20
-361.6785819751678
 30
0.0
 10
984.5501284802812
 20
-361.6217466618901
 30
0.0
 10
984.6290077308043
 20
-361.6028689795057
 30
0.0
 10
984.6805327556937
 20
-361.602935502379
 30
0.0
  0
SPLINE
  5
96
330
1F
100
AcDbEntity
  8
0
  6
Continuous
 62
     7
370
    25
100
AcDbSpline
210
0.0
220
0.0
230
1.0
 70
     8
 71
     3
 72
     9
 73
     5
 74
     0
 42
0.00000001
 43
0.00000001
 40
0.0
 40
0.0
 40
0.0
 40
0.0
 40
0.4397700551122201
 40
1.0
 40
1.0
 40
1.0
 40
1.0
 10
984.6805327556937
 20
-361.602935502379
 30
0.0
 10
984.7052167955184
 20
-361.603257891083
 30
0.0
 10
984.7610039507292
 20
-361.612582446567
 30
0.0
 10
984.8124766089467
 20
-361.6358380851852
 30
0.0
 10
984.8410896467193
 20
-361.6485084190456
 30
0.0
  0
SPLINE
  5
98
330
1F
100
AcDbEntity
  8
0
  6
Continuous
 62
     7
370
    25
100
AcDbSpline
210
0.0
220
0.0
230
1.0
 70
     8
 71
     3
 72
     9
 73
     5
 74
     0
 42
0.00000001
 43
0.00000001
 40
0.0
 40
0.0
 40
0.0
 40
0.0
 40
0.5364768048236828
 40
1.0
 40
1.0
 40
1.0
 40
1.0
 10
985.0135656082577
 20
-361.3764731626353
 30
0.0
 10
984.9692245031989
 20
-361.3496132718591
 30
0.0
 10
984.8815713914819
 20
-361.3060753603799
 30
0.0
 10
984.7851045611782
 20
-361.2891823591635
 30
0.0
 10
984.7401281082579
 20
-361.2888329382764
 30
0.0
  0
SPLINE
  5
99
330
1F
100
AcDbEntity
  8
0
  6
Continuous
 62
     7
370
    25
100
AcDbSpline
210
0.0
220
0.0
230
1.0
 70
     8
 71
     3
 72
    13
 73
     9
 74
     0
 42
0.00000001
 43
0.00000001
 40
0.0
 40
0.0
 40
0.0
 40
0.0
 40
0.2138863655718711
 40
0.3246827750472978
 40
0.4394585447448387
 40
0.5616334858697982
 40
0.6938876172598847
 40
1.0
 40
1.0
 40
1.0
 40
1.0
 10
984.7401281082577
 20
-361.2888329382764
 30
0.0
 10
984.6840477154877
 20
-361.289221954849
 30
0.0
 10
984.5984891205943
 20
-361.3010686053401
 30
0.0
 10
984.4909158282394
 20
-361.3437458140771
 30
0.0
 10
984.4105347976325
 20
-361.3875061533765
 30
0.0
 10
984.3328989346829
 20
-361.446034432742
 30
0.0
 10
984.2271020412618
 20
-361.5487254937324
 30
0.0
 10
984.1591498389281
 20
-361.6424931782814
 30
0.0
 10
984.116129710822
 20
-361.7102071369944
 30
0.0
  0
SPLINE
  5
9D
330
1F
100
AcDbEntity
  8
0
  6
Continuous
 62
     7
370
    25
100
AcDbSpline
210
0.0
220
0.0
230
1.0
 70
     8
 71
     3
 72
    21
 73
    17
 74
     0
 42
0.00000001
 43
0.00000001
 40
0.0
 40
0.0
 40
0.0
 40
0.0
 40
0.1276691474530446
 40
0.1889505232706495
 40
0.2490548673082986
 40
0.3090713134763228
 40
0.3692223593686811
 40
0.4301747620269755
 40
0.4926019887960028
 40
0.5553468768935761
 40
0.61696276152048
 40
0.6781707771923325
 40
0.7392465225515077
 40
0.8016089422160173
 40
0.8655244124565199
 40
1.0
 40
1.0
 40
1.0
 40
1.0
 10
981.9082971787706
 20
-363.6221662716098
 30
0.0
 10
981.8452860243859
 20
-363.6225159559129
 30
0.0
 10
981.7521577734942
 20
-363.6137969912514
 30
0.0
 10
981.6321757084212
 20
-363.5867305312707
 30
0.0
 10
981.5474034333616
 20
-363.5576594601936
 30
0.0
 10
981.4665054806882
 20
-363.5204701980023
 30
0.0
 10
981.3896118784655
 20
-363.4746671232627
 30
0.0
 10
981.3173291491519
 20
-363.4200146587469
 30
0.0
 10
981.2486220191788
 20
-363.358954086776
 30
0.0
 10
981.1868964403731
 20
-363.2903869002324
 30
0.0
 10
981.1315564472551
 20
-363.2173489749866
 30
0.0
 10
981.0851723508181
 20
-363.1391869666081
 30
0.0
 10
981.04729943631
 20
-363.0562567195686
 30
0.0
 10
981.0160536713586
 20
-362.9691741398207
 30
0.0
 10
980.9857731406855
 20
-362.8439608485725
 30
0.0
 10
980.9768927942663
 20
-362.7461045903111
 30
0.0
 10
980.9751040697963
 20
-362.6798585793021
 30
0.0
  0
SPLINE
  5
9F
330
1F
100
AcDbEntity
  8
0
  6
Continuous
 62
     7
370
    25
100
AcDbSpline
210
0.0
220
0.0
230
1.0
 70
     8
 71
     3
 72
    13
 73
     9
 74
     0
 42
0.00000001
 43
0.00000001
 40
0.0
 40
0.0
 40
0.0
 40
0.0
 40
0.2703816178319514
 40
0.3984601291783173
 40
0.5227503451014307
 40
0.6438255660090922
 40
0.7637452368382738
 40
1.0
 40
1.0
 40
1.0
 40
1.0
 10
983.2635656082579
 20
-362.6798585793021
 30
0.0
 10
983.2619761436035
 20
-362.5945989378187
 30
0.0
 10
983.2546151101016
 20
-362.4686165984597
 30
0.0
 10
983.2240136266764
 20
-362.3062604800095
 30
0.0
 10
983.1930034936163
 20
-362.1924341293746
 30
0.0
 10
983.154626715947
 20
-362.0835523955816
 30
0.0
 10
983.0910159479528
 20
-361.9467663736909
 30
0.0
 10
983.031106907567
 20
-361.8511272103439
 30
0.0
 10
982.9852202556937
 20
-361.7922383869945
 30
0.0
  0
SPLINE
  5
A0
330
1F
100
AcDbEntity
  8
0
  6
Continuous
 62
     7
370
    25
100
AcDbSpline
210
0.0
220
0.0
230
1.0
 70
     8
 71
     3
 72
    13
 73
     9
 74
     0
 42
0.00000001
 43
0.00000001
 40
0.0
 40
0.0
 40
0.0
 40
0.0
 40
0.2552573681410196
 40
0.3772478104725422
 40
0.4977415562850509
 40
0.6181201760750474
 40
0.7409671592206343
 40
1.0
 40
1.0
 40
1.0
 40
1.0
 10
982.9852202556937
 20
-361.7922383869945
 30
0.0
 10
982.9238331120002
 20
-361.7115782743953
 30
0.0
 10
982.8203901978623
 20
-361.6019385839733
 30
0.0
 10
982.66211502207
 20
-361.482867798672
 30
0.0
 10
982.5364455104942
 20
-361.4116560519644
 30
0.0
 10
982.4026011649877
 20
-361.356570420475
 30
0.0
 10
982.2100081018351
 20
-361.3032811703158
 30
0.0
 10
982.0580998411074
 20
-361.2884009646949
 30
0.0
 10
981.955272339027
 20
-361.2888329382765
 30
0.0
  0
SPLINE
  5
A1
330
1F
100
AcDbEntity
  8
0
  6
Continuous
 62
     7
370
    25
100
AcDbSpline
210
0.0
220
0.0
230
1.0
 70
     8
 71
     3
 72
    13
 73
     9
 74
     0
 42
0.00000001
 43
0.00000001
 40
0.0
 40
0.0
 40
0.0
 40
0.0
 40
0.2602406645595107
 40
0.3836752253642228
 40
0.504659957762295
 40
0.6253567426858619
 40
0.74641066501358
 40
1.0
 40
1.0
 40
1.0
 40
1.0
 10
981.955272339027
 20
-361.2888329382765
 30
0.0
 10
981.8558161279103
 20
-361.2900315184628
 30
0.0
 10
981.7079403309348
 20
-361.3010603693224
 30
0.0
 10
981.5213943049637
 20
-361.3535547722104
 30
0.0
 10
981.3910528702401
 20
-361.4051873019268
 30
0.0
 10
981.2694758472086
 20
-361.4732268472914
 30
0.0
 10
981.1148136952293
 20
-361.5839893742666
 30
0.0
 10
981.0160457198226
 20
-361.6898712096365
 30
0.0
 10
980.9554726595399
 20
-361.7655957587893
 30
0.0
  0
SPLINE
  5
A2
330
1F
100
AcDbEntity
  8
0
  6
Continuous
 62
     7
370
    25
100
AcDbSpline
210
0.0
220
0.0
230
1.0
 70
     8
 71
     3
 72
    13
 73
     9
 74
     0
 42
0.00000001
 43
0.00000001
 40
0.0
 40
0.0
 40
0.0
 40
0.0
 40
0.2534216680665436
 40
0.3767041167575583
 40
0.4994491585175254
 40
0.6225715734187249
 40
0.7462320999755404
 40
1.0
 40
1.0
 40
1.0
 40
1.0
 10
980.9554726595399
 20
-361.7655957587893
 30
0.0
 10
980.9079213970452
 20
-361.8270875826146
 30
0.0
 10
980.8427575643167
 20
-361.9231568538951
 30
0.0
 10
980.77458478796
 20
-362.0606678901268
 30
0.0
 10
980.7330056862392
 20
-362.1662081398447
 30
0.0
 10
980.7008582535124
 20
-362.2750958316602
 30
0.0
 10
980.6692308739549
 20
-362.4256395426194
 30
0.0
 10
980.6619547938988
 20
-362.541768402784
 30
0.0
 10
980.6610015056937
 20
-362.6195621049432
 30
0.0
  0
SPLINE
  5
A3
330
1F
100
AcDbEntity
  8
0
  6
Continuous
 62
     7
370
    25
100
AcDbSpline
210
0.0
220
0.0
230
1.0
 70
     8
 71
     3
 72
    21
 73
    17
 74
     0
 42
0.00000001
 43
0.00000001
 40
0.0
 40
0.0
 40
0.0
 40
0.0
 40
0.121080424500603
 40
0.1800682782218682
 40
0.2391896643238645
 40
0.2987059533012385
 40
0.358881078507222
 40
0.4203687292950734
 40
0.4834483096802268
 40
0.5465664849029388
 40
0.6086986022254219
 40
0.6701862530132509
 40
0.7318650366033101
 40
0.7952033026033143
 40
0.860370775307141
 40
1.0
 40
1.0
 40
1.0
 40
1.0
 10
980.6610015056937
 20
-362.6195621049432
 30
0.0
 10
980.6619162329308
 20
-362.7025847452932
 30
0.0
 10
980.6706958572303
 20
-362.8264365522811
 30
0.0
 10
980.7067771415033
 20
-362.9868836965106
 30
0.0
 10
980.7451525384168
 20
-363.1027460719947
 30
0.0
 10
980.7927131182643
 20
-363.2160170057062
 30
0.0
 10
980.8511683769631
 20
-363.3259801219069
 30
0.0
 10
980.9210947961509
 20
-363.4319360231863
 30
0.0
 10
981.0003385151656
 20
-363.5336180261589
 30
0.0
 10
981.0883627606895
 20
-363.6286342694818
 30
0.0
 10
981.1871823054963
 20
-363.7107672651418
 30
0.0
 10
981.2936830501925
 20
-363.7807240135912
 30
0.0
 10
981.4084257286952
 20
-363.8381616406795
 30
0.0
 10
981.5316357809193
 20
-363.882087314466
 30
0.0
 10
981.7108676239505
 20
-363.9252336697696
 30
0.0
 10
981.8517893192892
 20
-363.9362299528109
 30
0.0
 10
981.9475599992834
 20
-363.9362688357124
 30
0.0
  0
SPLINE
  5
A4
330
1F
100
AcDbEntity
  8
0
  6
Continuous
 62
     7
370
    25
100
AcDbSpline
210
0.0
220
0.0
230
1.0
 70
     8
 71
     3
 72
    17
 73
    13
 74
     0
 42
0.00000001
 43
0.00000001
 40
0.0
 40
0.0
 40
0.0
 40
0.0
 40
0.1781058515637836
 40
0.2613277635121473
 40
0.3415565694705516
 40
0.4200079090126556
 40
0.4980968161626211
 40
0.5754001382821353
 40
0.6536452159657022
 40
0.7341257729573951
 40
0.8183392339289856
 40
1.0
 40
1.0
 40
1.0
 40
1.0
 10
981.9475599992834
 20
-363.9362688357124
 30
0.0
 10
982.0338537910412
 20
-363.936257675538
 30
0.0
 10
982.1607302728113
 20
-363.9276034545061
 30
0.0
 10
982.3231135453872
 20
-363.894277756379
 30
0.0
 10
982.4354121949291
 20
-363.8598995216017
 30
0.0
 10
982.5412620113558
 20
-363.8151388299042
 30
0.0
 10
982.6415513268714
 20
-363.7620227478786
 30
0.0
 10
982.7362819138827
 20
-363.6996832309033
 30
0.0
 10
982.8259595199114
 20
-363.628436281428
 30
0.0
 10
982.9110325126532
 20
-363.5466898632465
 30
0.0
 10
983.0179783967611
 20
-363.4169277085256
 30
0.0
 10
983.0874493875214
 20
-363.3079318228027
 30
0.0
 10
983.1289502236423
 20
-363.2302391882765
 30
0.0
  0
SPLINE
  5
A6
330
1F
100
AcDbEntity
  8
0
  6
Continuous
 62
     7
370
    25
100
AcDbSpline
210
0.0
220
0.0
230
1.0
 70
     8
 71
     3
 72
    17
 73
    13
 74
     0
 42
0.00000001
 43
0.00000001
 40
0.0
 40
0.0
 40
0.0
 40
0.0
 40
0.2079350339033377
 40
0.2946939715679042
 40
0.3697315241424105
 40
0.4408309438027129
 40
0.5142509140460615
 40
0.591390039089651
 40
0.6722743046458488
 40
0.7543412603705324
 40
0.8361211059014737
 40
1.0
 40
1.0
 40
1.0
 40
1.0
 10
982.8499037492834
 20
-363.0837047331484
 30
0.0
 10
982.8073790232806
 20
-363.1502522170514
 30
0.0
 10
982.7402632536104
 20
-363.2398826825028
 30
0.0
 10
982.6467654646099
 20
-363.344701614132
 30
0.0
 10
982.580713624776
 20
-363.403722939265
 30
0.0
 10
982.512592005888
 20
-363.451929297034
 30
0.0
 10
982.4397130619026
 20
-363.4940804390965
 30
0.0
 10
982.3604671635715
 20
-363.5321809515819
 30
0.0
 10
982.2748963518206
 20
-363.5637661822684
 30
0.0
 10
982.1856356085568
 20
-363.5896244590589
 30
0.0
 10
982.0637873150847
 20
-363.6151440410853
 30
0.0
 10
981.9704910827105
 20
-363.622467102359
 30
0.0
 10
981.9082971787706
 20
-363.6221662716098
 30
0.0
  0
SPLINE
  5
AE
330
1F
100
AcDbEntity
  8
0
  6
Continuous
 62
     7
370
    25
100
AcDbSpline
210
0.0
220
0.0
230
1.0
 70
     8
 71
     3
 72
    13
 73
     9
 74
     0
 42
0.00000001
 43
0.00000001
 40
0.0
 40
0.0
 40
0.0
 40
0.0
 40
0.2537592050616003
 40
0.3772863205702178
 40
0.4989121128148973
 40
0.6213214040214754
 40
0.7447622750750883
 40
1.0
 40
1.0
 40
1.0
 40
1.0
 10
975.1782290697963
 20
-361.712310502379
 30
0.0
 10
975.1218157699112
 20
-361.7748214005738
 30
0.0
 10
975.0441172819696
 20
-361.8739367368211
 30
0.0
 10
974.9629620074403
 20
-362.0186896837699
 30
0.0
 10
974.9134136562052
 20
-362.1304214089255
 30
0.0
 10
974.8747229403775
 20
-362.2463521051861
 30
0.0
 10
974.8377100547532
 20
-362.4088629937484
 30
0.0
 10
974.8281624391096
 20
-362.5348553076097
 30
0.0
 10
974.8276681723604
 20
-362.6195621049431
 30
0.0
  0
SPLINE
  5
AF
330
1F
100
AcDbEntity
  8
0
  6
Continuous
 62
     7
370
    25
100
AcDbSpline
210
0.0
220
0.0
230
1.0
 70
     8
 71
     3
 72
    21
 73
    17
 74
     0
 42
0.00000001
 43
0.00000001
 40
0.0
 40
0.0
 40
0.0
 40
0.0
 40
0.12318164834279
 40
0.1830343363247392
 40
0.2428661924761389
 40
0.302516884705936
 40
0.3633154622039154
 40
0.4250692989986414
 40
0.489042367485183
 40
0.5530871422752266
 40
0.6154454653923815
 40
0.6772864118409496
 40
0.7391749874395637
 40
0.8016758129328305
 40
0.8653648077757391
 40
1.0
 40
1.0
 40
1.0
 40
1.0
 10
974.8276681723603
 20
-362.619562104943
 30
0.0
 10
974.8271612649745
 20
-362.70512952207
 30
0.0
 10
974.838870611997
 20
-362.832250415003
 30
0.0
 10
974.8775022096959
 20
-362.9966392051494
 30
0.0
 10
974.9182848392674
 20
-363.1144980273475
 30
0.0
 10
974.9706562323281
 20
-363.2283806871898
 30
0.0
 10
975.0345429518114
 20
-363.337790790752
 30
0.0
 10
975.1104169543576
 20
-363.4429408138988
 30
0.0
 10
975.1964152846349
 20
-363.5429508231418
 30
0.0
 10
975.2914873354412
 20
-363.6350865645936
 30
0.0
 10
975.394687262121
 20
-363.7156474287956
 30
0.0
 10
975.5044736512444
 20
-363.7842565080861
 30
0.0
 10
975.6216189194874
 20
-363.8395608181713
 30
0.0
 10
975.7448459153364
 20
-363.8833912700529
 30
0.0
 10
975.9213643933421
 20
-363.9253506504405
 30
0.0
 10
976.0593827483332
 20
-363.9358467431131
 30
0.0
 10
976.1527883646681
 20
-363.9362688357123
 30
0.0
  0
SPLINE
  5
B0
330
1F
100
AcDbEntity
  8
0
  6
Continuous
 62
     7
370
    25
100
AcDbSpline
210
0.0
220
0.0
230
1.0
 70
     8
 71
     3
 72
    21
 73
    17
 74
     0
 42
0.00000001
 43
0.00000001
 40
0.0
 40
0.0
 40
0.0
 40
0.0
 40
0.1341341587220413
 40
0.1979034644236284
 40
0.2604831025120555
 40
0.322145528691675
 40
0.3837784671889301
 40
0.4462154232078634
 40
0.5103409574898055
 40
0.5743946950476084
 40
0.6362264024960808
 40
0.6971016460802575
 40
0.756827556930299
 40
0.8167348601468895
 40
0.8766630214626822
 40
1.0
 40
1.0
 40
1.0
 40
1.0
 10
976.1527883646683
 20
-363.9362688357124
 30
0.0
 10
976.2457384140548
 20
-363.9359048701583
 30
0.0
 10
976.3832657108725
 20
-363.9252279859504
 30
0.0
 10
976.5593208725727
 20
-363.8833761468806
 30
0.0
 10
976.6823868990401
 20
-363.8397046744012
 30
0.0
 10
976.7990306342593
 20
-363.7842582273971
 30
0.0
 10
976.9081845707143
 20
-363.7154393831013
 30
0.0
 10
977.0113007274747
 20
-363.6351103822932
 30
0.0
 10
977.1063526707641
 20
-363.5429443695505
 30
0.0
 10
977.1923563922726
 20
-363.4429424766523
 30
0.0
 10
977.2682290036721
 20
-363.3377903591733
 30
0.0
 10
977.3321160845227
 20
-363.2283807996399
 30
0.0
 10
977.3844873829775
 20
-363.1144979973706
 30
0.0
 10
977.4252700377759
 20
-362.9966392131511
 30
0.0
 10
977.4639016265057
 20
-362.8322504095019
 30
0.0
 10
977.4756109790693
 20
-362.7051295249113
 30
0.0
 10
977.4751040697963
 20
-362.6195621049431
 30
0.0
  0
SPLINE
  5
B1
330
1F
100
AcDbEntity
  8
0
  6
Continuous
 62
     7
370
    25
100
AcDbSpline
210
0.0
220
0.0
230
1.0
 70
     8
 71
     3
 72
    13
 73
     9
 74
     0
 42
0.00000001
 43
0.00000001
 40
0.0
 40
0.0
 40
0.0
 40
0.0
 40
0.2554352550956323
 40
0.3786322712675269
 40
0.5014663143321091
 40
0.6234943774777799
 40
0.7461656372032968
 40
1.0
 40
1.0
 40
1.0
 40
1.0
 10
977.4751040697963
 20
-362.6195621049431
 30
0.0
 10
977.4746296810018
 20
-362.5346252583582
 30
0.0
 10
977.4651458722773
 20
-362.4083832954294
 30
0.0
 10
977.4279538896964
 20
-362.2454439957102
 30
0.0
 10
977.3893117202467
 20
-362.1290627942868
 30
0.0
 10
977.3402076454039
 20
-362.016844288309
 30
0.0
 10
977.2579682454154
 20
-361.872483497563
 30
0.0
 10
977.1815741820965
 20
-361.7725450573716
 30
0.0
 10
977.1245431723604
 20
-361.7102071369944
 30
0.0
  0
SPLINE
  5
B2
330
1F
100
AcDbEntity
  8
0
  6
Continuous
 62
     7
370
    25
100
AcDbSpline
210
0.0
220
0.0
230
1.0
 70
     8
 71
     3
 72
    13
 73
     9
 74
     0
 42
0.00000001
 43
0.00000001
 40
0.0
 40
0.0
 40
0.0
 40
0.0
 40
0.2531294102724517
 40
0.3753070134590729
 40
0.496195608399895
 40
0.6178660239074376
 40
0.741667649485817
 40
1.0
 40
1.0
 40
1.0
 40
1.0
 10
977.1245431723604
 20
-361.7102071369944
 30
0.0
 10
977.0623846883699
 20
-361.6422705318431
 30
0.0
 10
976.9607693824295
 20
-361.5495484067616
 30
0.0
 10
976.8084053847753
 20
-361.4520020757529
 30
0.0
 10
976.6900257406458
 20
-361.3912738628615
 30
0.0
 10
976.5642298270526
 20
-361.3460679506626
 30
0.0
 10
976.3861046985982
 20
-361.3014239795285
 30
0.0
 10
976.2468785259773
 20
-361.2878582976788
 30
0.0
 10
976.1527883646681
 20
-361.2888329382765
 30
0.0
  0
SPLINE
  5
B3
330
1F
100
AcDbEntity
  8
0
  6
Continuous
 62
     7
370
    25
100
AcDbSpline
210
0.0
220
0.0
230
1.0
 70
     8
 71
     3
 72
    13
 73
     9
 74
     0
 42
0.00000001
 43
0.00000001
 40
0.0
 40
0.0
 40
0.0
 40
0.0
 40
0.2587123826906882
 40
0.3820894432542197
 40
0.503563573627258
 40
0.6251808674329633
 40
0.7472870144846055
 40
1.0
 40
1.0
 40
1.0
 40
1.0
 10
976.1527883646681
 20
-361.2888329382765
 30
0.0
 10
976.0582210574443
 20
-361.2879695825567
 30
0.0
 10
975.9185950936815
 20
-361.3014550039409
 30
0.0
 10
975.7397464727702
 20
-361.3458011328809
 30
0.0
 10
975.6140517916863
 20
-361.3925727833171
 30
0.0
 10
975.4943704535533
 20
-361.4521041579141
 30
0.0
 10
975.3423682269154
 20
-361.551624570282
 30
0.0
 10
975.2398477587243
 20
-361.6434656846944
 30
0.0
 10
975.1782290697963
 20
-361.712310502379
 30
0.0
  0
SPLINE
  5
B4
330
1F
100
AcDbEntity
  8
0
  6
Continuous
 62
     7
370
    25
100
AcDbSpline
210
0.0
220
0.0
230
1.0
 70
     8
 71
     3
 72
    29
 73
    25
 74
     0
 42
0.00000001
 43
0.00000001
 40
0.0
 40
0.0
 40
0.0
 40
0.0
 40
0.0904049698337533
 40
0.1340218577669704
 40
0.1771929296099368
 40
0.2199566394228972
 40
0.2622486054529797
 40
0.3045538809267261
 40
0.3467622647176327
 40
0.3886297618353333
 40
0.4301572713045038
 40
0.4709850348103267
 40
0.5113171489159145
 40
0.551812625943401
 40
0.5924494048341414
 40
0.6331453339012543
 40
0.6745901892035377
 40
0.7158270637532206
 40
0.7564739168378365
 40
0.7969933994229399
 40
0.8371691302448806
 40
0.8773639647740358
 40
0.9178644967855352
 40
1.0
 40
1.0
 40
1.0
 40
1.0
 10
973.1183332364628
 20
-361.2888329382764
 30
0.0
 10
973.0522427561116
 20
-361.2884863617139
 30
0.0
 10
972.9544412859997
 20
-361.2947685905673
 30
0.0
 10
972.8260625388571
 20
-361.312050231555
 30
0.0
 10
972.7335356888809
 20
-361.3322413853961
 30
0.0
 10
972.6429757233612
 20
-361.3563572392542
 30
0.0
 10
972.5549826469003
 20
-361.3868079825432
 30
0.0
 10
972.4694159891596
 20
-361.4224417095784
 30
0.0
 10
972.3867912744621
 20
-361.4638010140749
 30
0.0
 10
972.3076079527812
 20
-361.5102520641536
 30
0.0
 10
972.2319121008657
 20
-361.5603930459712
 30
0.0
 10
972.1608405253047
 20
-361.6151511727043
 30
0.0
 10
972.0948008711873
 20
-361.6746873633393
 30
0.0
 10
972.0319247601102
 20
-361.7374111242286
 30
0.0
 10
971.9748804203075
 20
-361.805830889494
 30
0.0
 10
971.9209992005373
 20
-361.8775845548044
 30
0.0
 10
971.8723104042963
 20
-361.9535340919036
 30
0.0
 10
971.8290586467059
 20
-362.0326318303458
 30
0.0
 10
971.7909625551468
 20
-362.1135764707188
 30
0.0
 10
971.7584896003086
 20
-362.1961596920813
 30
0.0
 10
971.7330394337213
 20
-362.2807645379237
 30
0.0
 10
971.7110493256743
 20
-362.3663739172101
 30
0.0
 10
971.6934547935083
 20
-362.4841398679114
 30
0.0
 10
971.6857779675901
 20
-362.5734735031357
 30
0.0
 10
971.6866425313348
 20
-362.6335845408406
 30
0.0
  0
SPLINE
  5
B5
330
1F
100
AcDbEntity
  8
0
  6
Continuous
 62
     7
370
    25
100
AcDbSpline
210
0.0
220
0.0
230
1.0
 70
     8
 71
     3
 72
    21
 73
    17
 74
     0
 42
0.00000001
 43
0.00000001
 40
0.0
 40
0.0
 40
0.0
 40
0.0
 40
0.1230160125186738
 40
0.182179598708887
 40
0.2413150145739312
 40
0.3002601565752554
 40
0.3598329711995929
 40
0.4210267535367728
 40
0.484330017115205
 40
0.5480235096969537
 40
0.6106086125596316
 40
0.6729950088427274
 40
0.7355500452204887
 40
0.7989042338824497
 40
0.8636647494423928
 40
1.0
 40
1.0
 40
1.0
 40
1.0
 10
971.6866425313348
 20
-362.6335845408406
 30
0.0
 10
971.6863553463227
 20
-362.7213311497919
 30
0.0
 10
971.6989637574839
 20
-362.8512092014919
 30
0.0
 10
971.7403582324305
 20
-363.0185178465601
 30
0.0
 10
971.7849543072994
 20
-363.1369834909905
 30
0.0
 10
971.8410554580702
 20
-363.2507929431411
 30
0.0
 10
971.910897028998
 20
-363.3584340154025
 30
0.0
 10
971.9914242477355
 20
-363.4622839097344
 30
0.0
 10
972.0852054059142
 20
-363.5585246226087
 30
0.0
 10
972.187316268176
 20
-363.647287127148
 30
0.0
 10
972.2973522606878
 20
-363.725039887307
 30
0.0
 10
972.4142254032557
 20
-363.7903932027421
 30
0.0
 10
972.537548565235
 20
-363.8439114957084
 30
0.0
 10
972.6672071932371
 20
-363.8854237462844
 30
0.0
 10
972.8517639806594
 20
-363.9249864099841
 30
0.0
 10
972.9951397340224
 20
-363.9372530787473
 30
0.0
 10
973.0923917300527
 20
-363.9362688357123
 30
0.0
  0
SPLINE
  5
B6
330
1F
100
AcDbEntity
  8
0
  6
Continuous
 62
     7
370
    25
100
AcDbSpline
210
0.0
220
0.0
230
1.0
 70
     8
 71
     3
 72
    21
 73
    17
 74
     0
 42
0.00000001
 43
0.00000001
 40
0.0
 40
0.0
 40
0.0
 40
0.0
 40
0.1381734600298351
 40
0.2051712291583722
 40
0.2702347439553313
 40
0.3345776149231874
 40
0.3974624848755688
 40
0.4600970095463424
 40
0.5222584002682091
 40
0.5835266948828574
 40
0.6441442312570614
 40
0.70406801192419
 40
0.7630433524477777
 40
0.8218034537843121
 40
0.8809311384950047
 40
1.0
 40
1.0
 40
1.0
 40
1.0
 10
973.0923917300527
 20
-363.9362688357123
 30
0.0
 10
973.1566008981404
 20
-363.9372553530521
 30
0.0
 10
973.2517555873804
 20
-363.9311276902532
 30
0.0
 10
973.3763116795675
 20
-363.9156548608751
 30
0.0
 10
973.4659362942201
 20
-363.8985728974493
 30
0.0
 10
973.5526524828068
 20
-363.8771280070632
 30
0.0
 10
973.6366323461112
 20
-363.8501598701783
 30
0.0
 10
973.7179743162419
 20
-363.8187681748624
 30
0.0
 10
973.7963250418987
 20
-363.7822620063326
 30
0.0
 10
973.8715741100235
 20
-363.7416490423829
 30
0.0
 10
973.9429440471384
 20
-363.6965144327924
 30
0.0
 10
974.0112707644793
 20
-363.6486621099352
 30
0.0
 10
974.0743581401498
 20
-363.5954068226326
 30
0.0
 10
974.1343350201039
 20
-363.5392782870541
 30
0.0
 10
974.2094092775808
 20
-363.4587215230854
 30
0.0
 10
974.2588643497205
 20
-363.3921185923347
 30
0.0
 10
974.2892066338989
 20
-363.3459242844303
 30
0.0
  0
SPLINE
  5
B8
330
1F
100
AcDbEntity
  8
0
  6
Continuous
 62
     7
370
    25
100
AcDbSpline
210
0.0
220
0.0
230
1.0
 70
     8
 71
     3
 72
    13
 73
     9
 74
     0
 42
0.00000001
 43
0.00000001
 40
0.0
 40
0.0
 40
0.0
 40
0.0
 40
0.2581434980421661
 40
0.3806278746633751
 40
0.5015582214580165
 40
0.6227016552819175
 40
0.7445526879731792
 40
1.0
 40
1.0
 40
1.0
 40
1.0
 10
974.0262859608218
 20
-363.1734483228918
 30
0.0
 10
973.9690515611467
 20
-363.2455723832309
 30
0.0
 10
973.8732797943202
 20
-363.3428327244499
 30
0.0
 10
973.7288324066539
 20
-363.448835170028
 30
0.0
 10
973.6150989559529
 20
-363.5124101424023
 30
0.0
 10
973.494701162803
 20
-363.5615000824621
 30
0.0
 10
973.3231924221394
 20
-363.6094286537335
 30
0.0
 10
973.1883073182358
 20
-363.6221127022096
 30
0.0
 10
973.0972995826169
 20
-363.6221662716098
 30
0.0
  0
SPLINE
  5
B9
330
1F
100
AcDbEntity
  8
0
  6
Continuous
 62
     7
370
    25
100
AcDbSpline
210
0.0
220
0.0
230
1.0
 70
     8
 71
     3
 72
    17
 73
    13
 74
     0
 42
0.00000001
 43
0.00000001
 40
0.0
 40
0.0
 40
0.0
 40
0.0
 40
0.1784709309905183
 40
0.2637624327059727
 40
0.3486672266155176
 40
0.4321345263706788
 40
0.5134033636004027
 40
0.5949764167925342
 40
0.6774714723706042
 40
0.7596786387054225
 40
0.8400345230550414
 40
1.0
 40
1.0
 40
1.0
 40
1.0
 10
973.0972995826169
 20
-363.6221662716098
 30
0.0
 10
972.9982234903765
 20
-363.62178841894
 30
0.0
 10
972.8511408908385
 20
-363.6072409084893
 30
0.0
 10
972.6652194650349
 20
-363.5507988357227
 30
0.0
 10
972.5364641530647
 20
-363.4925913807015
 30
0.0
 10
972.417731537486
 20
-363.4201047543203
 30
0.0
 10
972.311811252168
 20
-363.3326923605425
 30
0.0
 10
972.2196437820328
 20
-363.2317080423141
 30
0.0
 10
972.141147273131
 20
-363.1191137172001
 30
0.0
 10
972.0791611540275
 20
-362.9974471198785
 30
0.0
 10
972.018381211578
 20
-362.8282825038392
 30
0.0
 10
972.000988793902
 20
-362.6944009772688
 30
0.0
 10
972.0007450954373
 20
-362.6055396690457
 30
0.0
  0
SPLINE
  5
BA
330
1F
100
AcDbEntity
  8
0
  6
Continuous
 62
     7
370
    25
100
AcDbSpline
210
0.0
220
0.0
230
1.0
 70
     8
 71
     3
 72
    21
 73
    17
 74
     0
 42
0.00000001
 43
0.00000001
 40
0.0
 40
0.0
 40
0.0
 40
0.0
 40
0.1222819204638215
 40
0.1812434869853118
 40
0.2396871197545211
 40
0.2984032755910579
 40
0.3580784908258311
 40
0.4192616280824911
 40
0.4824580183676469
 40
0.5464498243205953
 40
0.6091832833298885
 40
0.6717521154871722
 40
0.7345384496150795
 40
0.7980307571346666
 40
0.8630790177387522
 40
1.0
 40
1.0
 40
1.0
 40
1.0
 10
972.0007450954374
 20
-362.6055396690458
 30
0.0
 10
972.0004065218168
 20
-362.5379751720707
 30
0.0
 10
972.0106143585483
 20
-362.4380671202891
 30
0.0
 10
972.0421143308386
 20
-362.3092986237368
 30
0.0
 10
972.0773479583686
 20
-362.2185216606878
 30
0.0
 10
972.120465098802
 20
-362.1307701638052
 30
0.0
 10
972.1753989681563
 20
-362.0480502038309
 30
0.0
 10
972.2384987326532
 20
-361.9682965335991
 30
0.0
 10
972.3113275051232
 20
-361.8938978355186
 30
0.0
 10
972.3909442988421
 20
-361.8254873867981
 30
0.0
 10
972.4773298178163
 20
-361.7664369968573
 30
0.0
 10
972.5679805697255
 20
-361.7156285368484
 30
0.0
 10
972.6637016298538
 20
-361.6738733774753
 30
0.0
 10
972.764739892187
 20
-361.642740956173
 30
0.0
 10
972.9078781665842
 20
-361.6106131703261
 30
0.0
 10
973.019779100121
 20
-361.6040336421598
 30
0.0
 10
973.0951962172322
 20
-361.6029355023791
 30
0.0
  0
SPLINE
  5
BB
330
1F
100
AcDbEntity
  8
0
  6
Continuous
 62
     7
370
    25
100
AcDbSpline
210
0.0
220
0.0
230
1.0
 70
     8
 71
     3
 72
    13
 73
     9
 74
     0
 42
0.00000001
 43
0.00000001
 40
0.0
 40
0.0
 40
0.0
 40
0.0
 40
0.261529755764318
 40
0.3853914026565591
 40
0.5066355486143792
 40
0.6264935166891352
 40
0.7474155249378502
 40
1.0
 40
1.0
 40
1.0
 40
1.0
 10
973.0951962172322
 20
-361.6029355023791
 30
0.0
 10
973.1887849171524
 20
-361.6027946047744
 30
0.0
 10
973.3270794303082
 20
-361.6156257138837
 30
0.0
 10
973.5024932287047
 20
-361.6632416184534
 30
0.0
 10
973.623890600907
 20
-361.7124043981993
 30
0.0
 10
973.7371210895535
 20
-361.7761571001612
 30
0.0
 10
973.8792930844279
 20
-361.8816130553344
 30
0.0
 10
973.971998517554
 20
-361.9792809419335
 30
0.0
 10
974.0262859608218
 20
-362.051653451097
 30
0.0
  0
SPLINE
  5
BD
330
1F
100
AcDbEntity
  8
0
  6
Continuous
 62
     7
370
    25
100
AcDbSpline
210
0.0
220
0.0
230
1.0
 70
     8
 71
     3
 72
    17
 73
    13
 74
     0
 42
0.00000001
 43
0.00000001
 40
0.0
 40
0.0
 40
0.0
 40
0.0
 40
0.1585634493071245
 40
0.2345871230995803
 40
0.3098023857351447
 40
0.3863975462586885
 40
0.4660235260292791
 40
0.5499336515748872
 40
0.6379505414946589
 40
0.7280903454728245
 40
0.817918595447195
 40
1.0
 40
1.0
 40
1.0
 40
1.0
 10
974.2892066338989
 20
-361.8882920728919
 30
0.0
 10
974.252538145366
 20
-361.8254395525722
 30
0.0
 10
974.1892191982807
 20
-361.7377614128658
 30
0.0
 10
974.0901689185009
 20
-361.6355499941258
 30
0.0
 10
974.0100243570597
 20
-361.5681685801534
 30
0.0
 10
973.9220871917759
 20
-361.5084542472599
 30
0.0
 10
973.8262498092901
 20
-361.453857354372
 30
0.0
 10
973.7207135250111
 20
-361.4068479300055
 30
0.0
 10
973.6079674469952
 20
-361.3649728636246
 30
0.0
 10
973.4898194630385
 20
-361.3304434967996
 30
0.0
 10
973.3265484822792
 20
-361.2990236081487
 30
0.0
 10
973.2019236812268
 20
-361.2885720507176
 30
0.0
 10
973.118333236463
 20
-361.2888329382765
 30
0.0
  0
SPLINE
  5
C0
330
1F
100
AcDbEntity
  8
0
  6
Continuous
 62
     7
370
    25
100
AcDbSpline
210
0.0
220
0.0
230
1.0
 70
     8
 71
     3
 72
    21
 73
    17
 74
     0
 42
0.00000001
 43
0.00000001
 40
0.0
 40
0.0
 40
0.0
 40
0.0
 40
0.13451499429769
 40
0.1951193525407181
 40
0.2509143402908904
 40
0.3026968495153343
 40
0.3502960464810172
 40
0.3933858467586757
 40
0.4329734110072907
 40
0.5070892430766365
 40
0.5787491638444588
 40
0.65022802244512
 40
0.7224618180302953
 40
0.7938856428546814
 40
0.8631290414909325
 40
1.0
 40
1.0
 40
1.0
 40
1.0
 10
966.2122835569756
 20
-362.8151750857124
 30
0.0
 10
966.2112877016879
 20
-362.7407613047066
 30
0.0
 10
966.2160223910903
 20
-362.6330220612577
 30
0.0
 10
966.2242154304697
 20
-362.4944950132899
 30
0.0
 10
966.2362756487071
 20
-362.4022732620854
 30
0.0
 10
966.2487944835741
 20
-362.3173863087686
 30
0.0
 10
966.2656329736365
 20
-362.2403860193708
 30
0.0
 10
966.2852285707444
 20
-362.1710350938191
 30
0.0
 10
966.3147269700926
 20
-362.089461757813
 30
0.0
 10
966.3604588231962
 20
-361.9972976489071
 30
0.0
 10
966.4294013195359
 20
-361.8984469952469
 30
0.0
 10
966.5114096592768
 20
-361.8115380757741
 30
0.0
 10
966.6050835451283
 20
-361.7376165637532
 30
0.0
 10
966.7070392026061
 20
-361.6780389021887
 30
0.0
 10
966.8498634188365
 20
-361.6205018743707
 30
0.0
 10
966.9637993517334
 20
-361.60230298921
 30
0.0
 10
967.0396072749244
 20
-361.6029355023791
 30
0.0
  0
SPLINE
  5
C1
330
1F
100
AcDbEntity
  8
0
  6
Continuous
 62
     7
370
    25
100
AcDbSpline
210
0.0
220
0.0
230
1.0
 70
     8
 71
     3
 72
    21
 73
    17
 74
     0
 42
0.00000001
 43
0.00000001
 40
0.0
 40
0.0
 40
0.0
 40
0.0
 40
0.1413526962021414
 40
0.2082288969497967
 40
0.2736894576468337
 40
0.338051765975512
 40
0.400922098274529
 40
0.4636163844951686
 40
0.5278777255385176
 40
0.5636262148099223
 40
0.6061036626598908
 40
0.6545011613018769
 40
0.7100543472033432
 40
0.7722619378848266
 40
0.8412211450824335
 40
1.0
 40
1.0
 40
1.0
 40
1.0
 10
967.0396072749244
 20
-361.6029355023791
 30
0.0
 10
967.1022763924905
 20
-361.6034626691613
 30
0.0
 10
967.1956345424987
 20
-361.6133139210851
 30
0.0
 10
967.3100130419249
 20
-361.6566027952474
 30
0.0
 10
967.3860148294681
 20
-361.7005102694841
 30
0.0
 10
967.4535867196104
 20
-361.7536778749712
 30
0.0
 10
967.5111940362283
 20
-361.815943666896
 30
0.0
 10
967.5573823678634
 20
-361.8870853055481
 30
0.0
 10
967.5860968220134
 20
-361.9538060747309
 30
0.0
 10
967.6048867011273
 20
-362.0143694825438
 30
0.0
 10
967.6162353436674
 20
-362.0695862297127
 30
0.0
 10
967.6258449547765
 20
-362.1339809795839
 30
0.0
 10
967.6343058219773
 20
-362.2073923538932
 30
0.0
 10
967.6401833175621
 20
-362.290213613138
 30
0.0
 10
967.6473125061684
 20
-362.4189345151667
 30
0.0
 10
967.6482372088866
 20
-362.5202358771941
 30
0.0
 10
967.6481809928731
 20
-362.5908161113534
 30
0.0
  0
SPLINE
  5
C5
330
1F
100
AcDbEntity
  8
0
  6
Continuous
 62
     7
370
    25
100
AcDbSpline
210
0.0
220
0.0
230
1.0
 70
     8
 71
     3
 72
    21
 73
    17
 74
     0
 42
0.00000001
 43
0.00000001
 40
0.0
 40
0.0
 40
0.0
 40
0.0
 40
0.1456749912579717
 40
0.2101933844674917
 40
0.2691971886348717
 40
0.3228467966362032
 40
0.3711350468222088
 40
0.4143602045760985
 40
0.4526539356928919
 40
0.5231868047418489
 40
0.5919172609462584
 40
0.6599757056394996
 40
0.7292117337225017
 40
0.7981350023963578
 40
0.8652933977975924
 40
1.0
 40
1.0
 40
1.0
 40
1.0
 10
967.9622835569756
 20
-362.8965052139175
 30
0.0
 10
967.962763381215
 20
-362.811914451009
 30
0.0
 10
967.9637202728045
 20
-362.6896850919939
 30
0.0
 10
967.9750854231197
 20
-362.533697302813
 30
0.0
 10
967.9840723131382
 20
-362.4311276729782
 30
0.0
 10
967.997843036889
 20
-362.3386200557688
 30
0.0
 10
968.0125263836604
 20
-362.2555385122913
 30
0.0
 10
968.0314033099397
 20
-362.1824411492822
 30
0.0
 10
968.0599926064078
 20
-362.0987716430119
 30
0.0
 10
968.1052465976453
 20
-362.0056253753004
 30
0.0
 10
968.172078726562
 20
-361.9049937082185
 30
0.0
 10
968.2529785118228
 20
-361.8160505141839
 30
0.0
 10
968.3470055184017
 20
-361.7412179478197
 30
0.0
 10
968.4492235502286
 20
-361.6788749799308
 30
0.0
 10
968.5961712488191
 20
-361.6208704081682
 30
0.0
 10
968.7131734590639
 20
-361.6015894349488
 30
0.0
 10
968.791710640309
 20
-361.6029355023791
 30
0.0
  0
SPLINE
  5
C6
330
1F
100
AcDbEntity
  8
0
  6
Continuous
 62
     7
370
    25
100
AcDbSpline
210
0.0
220
0.0
230
1.0
 70
     8
 71
     3
 72
    21
 73
    17
 74
     0
 42
0.00000001
 43
0.00000001
 40
0.0
 40
0.0
 40
0.0
 40
0.0
 40
0.1497817737882746
 40
0.2198699552839211
 40
0.2879755066202279
 40
0.3546781060271919
 40
0.4187834319376725
 40
0.4827347082469756
 40
0.5473072519464102
 40
0.5826981022599524
 40
0.6240955651677629
 40
0.6712929496345239
 40
0.7243202075485919
 40
0.7838489433400261
 40
0.8494366971205914
 40
1.0
 40
1.0
 40
1.0
 40
1.0
 10
968.791710640309
 20
-361.6029355023791
 30
0.0
 10
968.8542166751666
 20
-361.6025349911713
 30
0.0
 10
968.9465491285612
 20
-361.6128638432428
 30
0.0
 10
969.0604040394213
 20
-361.6531049171488
 30
0.0
 10
969.1359503634716
 20
-361.6940584796868
 30
0.0
 10
969.2023110670227
 20
-361.7444871358289
 30
0.0
 10
969.2597810336125
 20
-361.8025652898822
 30
0.0
 10
969.3053985495785
 20
-361.8692895685443
 30
0.0
 10
969.3353464360922
 20
-361.931159606587
 30
0.0
 10
969.3540824193042
 20
-361.9872456792878
 30
0.0
 10
969.3653601350039
 20
-362.0378394864599
 30
0.0
 10
969.3760059013924
 20
-362.0960318964246
 30
0.0
 10
969.3842504492798
 20
-362.1622807321688
 30
0.0
 10
969.3901818259526
 20
-362.2364526088227
 30
0.0
 10
969.3972918007161
 20
-362.3513828994964
 30
0.0
 10
969.3982523292501
 20
-362.4417085073281
 30
0.0
 10
969.398180992873
 20
-362.5045781305841
 30
0.0
  0
SPLINE
  5
CA
330
1F
100
AcDbEntity
  8
0
  6
Continuous
 62
     7
370
    25
100
AcDbSpline
210
0.0
220
0.0
230
1.0
 70
     8
 71
     3
 72
    21
 73
    17
 74
     0
 42
0.00000001
 43
0.00000001
 40
0.0
 40
0.0
 40
0.0
 40
0.0
 40
0.1311670463014748
 40
0.1902933887105355
 40
0.245061015183207
 40
0.2960272302790868
 40
0.3428447301739141
 40
0.3860527037713574
 40
0.4255709801320603
 40
0.499503480151422
 40
0.5702922612469719
 40
0.6402757819124958
 40
0.7105295546786095
 40
0.7812030014763003
 40
0.8520349845172268
 40
1.0
 40
1.0
 40
1.0
 40
1.0
 10
969.7122835569755
 20
-362.5059803741739
 30
0.0
 10
969.7126734714385
 20
-362.4316173769218
 30
0.0
 10
969.7095556515277
 20
-362.3237214129051
 30
0.0
 10
969.699030287995
 20
-362.1851766214576
 30
0.0
 10
969.688823844497
 20
-362.0922460532304
 30
0.0
 10
969.6748397005708
 20
-362.0068557828386
 30
0.0
 10
969.6580006918748
 20
-361.9287042296941
 30
0.0
 10
969.6389392969392
 20
-361.8576979461278
 30
0.0
 10
969.6080240747815
 20
-361.7743625776993
 30
0.0
 10
969.5624454395356
 20
-361.6799708350595
 30
0.0
 10
969.4926749839889
 20
-361.5796272429013
 30
0.0
 10
969.4099590317493
 20
-361.4925619347969
 30
0.0
 10
969.3147978760908
 20
-361.4193695352835
 30
0.0
 10
969.2093258481334
 20
-361.3611855895376
 30
0.0
 10
969.0550784266917
 20
-361.3031671932157
 30
0.0
 10
968.9300628163378
 20
-361.2894534545333
 30
0.0
 10
968.8463981403089
 20
-361.2888329382765
 30
0.0
  0
SPLINE
  5
CB
330
1F
100
AcDbEntity
  8
0
  6
Continuous
 62
     7
370
    25
100
AcDbSpline
210
0.0
220
0.0
230
1.0
 70
     8
 71
     3
 72
    17
 73
    13
 74
     0
 42
0.00000001
 43
0.00000001
 40
0.0
 40
0.0
 40
0.0
 40
0.0
 40
0.2344384882140258
 40
0.3525851839391688
 40
0.4731673593536121
 40
0.5350581108286239
 40
0.5975237332645689
 40
0.6605170696247955
 40
0.7251603465314684
 40
0.7908841475024858
 40
0.8587744642336138
 40
1.0
 40
1.0
 40
1.0
 40
1.0
 10
968.8463981403089
 20
-361.2888329382765
 30
0.0
 10
968.7540354290128
 20
-361.2886107191321
 30
0.0
 10
968.6148419369732
 20
-361.3081765706714
 30
0.0
 10
968.4402728356359
 20
-361.3753085840477
 30
0.0
 10
968.3364612736982
 20
-361.4329334234113
 30
0.0
 10
968.2566689773544
 20
-361.4872670259106
 30
0.0
 10
968.1992839395093
 20
-361.5337649464421
 30
0.0
 10
968.144223628438
 20
-361.5845620169187
 30
0.0
 10
968.0917948114254
 20
-361.6398693269371
 30
0.0
 10
968.0417766320346
 20
-361.6998845043984
 30
0.0
 10
967.9774477777594
 20
-361.7870067027685
 30
0.0
 10
967.9344195831471
 20
-361.8574083015071
 30
0.0
 10
967.9082971787705
 20
-361.9065212395585
 30
0.0
  0
SPLINE
  5
CC
330
1F
100
AcDbEntity
  8
0
  6
Continuous
 62
     7
370
    25
100
AcDbSpline
210
0.0
220
0.0
230
1.0
 70
     8
 71
     3
 72
    17
 73
    13
 74
     0
 42
0.00000001
 43
0.00000001
 40
0.0
 40
0.0
 40
0.0
 40
0.0
 40
0.1978560952898856
 40
0.2832345117281707
 40
0.3600126653135575
 40
0.433844208018044
 40
0.5095057223304705
 40
0.5870428909784063
 40
0.6687538545127736
 40
0.7511636688534571
 40
0.8334676797015858
 40
1.0
 40
1.0
 40
1.0
 40
1.0
 10
967.9082971787705
 20
-361.9065212395585
 30
0.0
 10
967.8847486212829
 20
-361.8379079472776
 30
0.0
 10
967.845945093521
 20
-361.7408583621857
 30
0.0
 10
967.7781967564017
 20
-361.6270922173942
 30
0.0
 10
967.7259432721622
 20
-361.557752010442
 30
0.0
 10
967.6678133458196
 20
-361.4980740881116
 30
0.0
 10
967.6021901673208
 20
-361.4463763193276
 30
0.0
 10
967.5291007777555
 20
-361.4003284415087
 30
0.0
 10
967.4493797725443
 20
-361.3610747614184
 30
0.0
 10
967.3647672783944
 20
-361.3286939481581
 30
0.0
 10
967.2469791628733
 20
-361.2973714353095
 30
0.0
 10
967.1553549709151
 20
-361.2896192917273
 30
0.0
 10
967.0942947749244
 20
-361.2888329382765
 30
0.0
  0
SPLINE
  5
CD
330
1F
100
AcDbEntity
  8
0
  6
Continuous
 62
     7
370
    25
100
AcDbSpline
210
0.0
220
0.0
230
1.0
 70
     8
 71
     3
 72
     9
 73
     5
 74
     0
 42
0.00000001
 43
0.00000001
 40
0.0
 40
0.0
 40
0.0
 40
0.0
 40
0.4969648798680919
 40
1.0
 40
1.0
 40
1.0
 40
1.0
 10
967.0942947749244
 20
-361.2888329382765
 30
0.0
 10
967.0035894919783
 20
-361.2895285748641
 30
0.0
 10
966.8204559827458
 20
-361.3097259160026
 30
0.0
 10
966.6486404086489
 20
-361.3764108359258
 30
0.0
 10
966.5670511851807
 20
-361.4185404703277
 30
0.0
  0
SPLINE
  5
CE
330
1F
100
AcDbEntity
  8
0
  6
Continuous
 62
     7
370
    25
100
AcDbSpline
210
0.0
220
0.0
230
1.0
 70
     8
 71
     3
 72
     9
 73
     5
 74
     0
 42
0.00000001
 43
0.00000001
 40
0.0
 40
0.0
 40
0.0
 40
0.0
 40
0.4566051594239385
 40
1.0
 40
1.0
 40
1.0
 40
1.0
 10
966.5670511851808
 20
-361.4185404703278
 30
0.0
 10
966.5013647684294
 20
-361.4597607901117
 30
0.0
 10
966.3713554481512
 20
-361.5698903375872
 30
0.0
 10
966.2649689918863
 20
-361.7027679089341
 30
0.0
 10
966.2122835569756
 20
-361.778215951097
 30
0.0
  0
SPLINE
  5
D2
330
1F
100
AcDbEntity
  8
0
  6
Continuous
 62
     7
370
    25
100
AcDbSpline
210
0.0
220
0.0
230
1.0
 70
     8
 71
     3
 72
    13
 73
     9
 74
     0
 42
0.00000001
 43
0.00000001
 40
0.0
 40
0.0
 40
0.0
 40
0.0
 40
0.2537592050616003
 40
0.3772863205702178
 40
0.4989121128148973
 40
0.6213214040214754
 40
0.7447622750750883
 40
1.0
 40
1.0
 40
1.0
 40
1.0
 10
962.9731008646681
 20
-361.712310502379
 30
0.0
 10
962.9166875647832
 20
-361.7748214005738
 30
0.0
 10
962.8389890768411
 20
-361.8739367368211
 30
0.0
 10
962.757833802312
 20
-362.01868968377
 30
0.0
 10
962.708285451077
 20
-362.1304214089255
 30
0.0
 10
962.6695947352491
 20
-362.2463521051862
 30
0.0
 10
962.632581849625
 20
-362.4088629937483
 30
0.0
 10
962.6230342339816
 20
-362.5348553076098
 30
0.0
 10
962.6225399672322
 20
-362.6195621049431
 30
0.0
  0
SPLINE
  5
D3
330
1F
100
AcDbEntity
  8
0
  6
Continuous
 62
     7
370
    25
100
AcDbSpline
210
0.0
220
0.0
230
1.0
 70
     8
 71
     3
 72
    21
 73
    17
 74
     0
 42
0.00000001
 43
0.00000001
 40
0.0
 40
0.0
 40
0.0
 40
0.0
 40
0.12318164834279
 40
0.1830343363247392
 40
0.2428661924761389
 40
0.302516884705936
 40
0.3633154622039154
 40
0.4250692989986414
 40
0.489042367485183
 40
0.5530871422752266
 40
0.6154454653923815
 40
0.6772864118409496
 40
0.7391749874395637
 40
0.8016758129328305
 40
0.8653648077757391
 40
1.0
 40
1.0
 40
1.0
 40
1.0
 10
962.6225399672321
 20
-362.619562104943
 30
0.0
 10
962.6220330598462
 20
-362.70512952207
 30
0.0
 10
962.6337424068687
 20
-362.8322504150032
 30
0.0
 10
962.6723740045677
 20
-362.9966392051494
 30
0.0
 10
962.7131566341393
 20
-363.1144980273475
 30
0.0
 10
962.7655280271999
 20
-363.2283806871898
 30
0.0
 10
962.8294147466834
 20
-363.337790790752
 30
0.0
 10
962.905288749229
 20
-363.4429408138989
 30
0.0
 10
962.9912870795068
 20
-363.5429508231418
 30
0.0
 10
963.0863591303129
 20
-363.6350865645936
 30
0.0
 10
963.1895590569928
 20
-363.7156474287957
 30
0.0
 10
963.2993454461165
 20
-363.784256508086
 30
0.0
 10
963.4164907143592
 20
-363.8395608181714
 30
0.0
 10
963.5397177102084
 20
-363.8833912700528
 30
0.0
 10
963.7162361882135
 20
-363.9253506504405
 30
0.0
 10
963.8542545432052
 20
-363.935846743113
 30
0.0
 10
963.94766015954
 20
-363.9362688357123
 30
0.0
  0
SPLINE
  5
D4
330
1F
100
AcDbEntity
  8
0
  6
Continuous
 62
     7
370
    25
100
AcDbSpline
210
0.0
220
0.0
230
1.0
 70
     8
 71
     3
 72
    21
 73
    17
 74
     0
 42
0.00000001
 43
0.00000001
 40
0.0
 40
0.0
 40
0.0
 40
0.0
 40
0.1341341587220413
 40
0.1979034644236284
 40
0.2604831025120555
 40
0.322145528691675
 40
0.3837784671889301
 40
0.4462154232078634
 40
0.5103409574898055
 40
0.5743946950476084
 40
0.6362264024960808
 40
0.6971016460802575
 40
0.756827556930299
 40
0.8167348601468895
 40
0.8766630214626822
 40
1.0
 40
1.0
 40
1.0
 40
1.0
 10
963.9476601595401
 20
-363.9362688357124
 30
0.0
 10
964.0406102089268
 20
-363.9359048701582
 30
0.0
 10
964.1781375057442
 20
-363.9252279859504
 30
0.0
 10
964.3541926674445
 20
-363.8833761468806
 30
0.0
 10
964.477258693912
 20
-363.8397046744013
 30
0.0
 10
964.593902429131
 20
-363.7842582273971
 30
0.0
 10
964.703056365586
 20
-363.7154393831012
 30
0.0
 10
964.8061725223466
 20
-363.6351103822933
 30
0.0
 10
964.9012244656356
 20
-363.5429443695505
 30
0.0
 10
964.9872281871448
 20
-363.4429424766523
 30
0.0
 10
965.0631007985437
 20
-363.3377903591733
 30
0.0
 10
965.1269878793946
 20
-363.2283807996399
 30
0.0
 10
965.1793591778493
 20
-363.1144979973707
 30
0.0
 10
965.2201418326478
 20
-362.9966392131511
 30
0.0
 10
965.2587734213776
 20
-362.8322504095019
 30
0.0
 10
965.2704827739414
 20
-362.7051295249114
 30
0.0
 10
965.2699758646681
 20
-362.6195621049431
 30
0.0
  0
SPLINE
  5
D5
330
1F
100
AcDbEntity
  8
0
  6
Continuous
 62
     7
370
    25
100
AcDbSpline
210
0.0
220
0.0
230
1.0
 70
     8
 71
     3
 72
    13
 73
     9
 74
     0
 42
0.00000001
 43
0.00000001
 40
0.0
 40
0.0
 40
0.0
 40
0.0
 40
0.2554352550956323
 40
0.3786322712675269
 40
0.5014663143321091
 40
0.6234943774777799
 40
0.7461656372032968
 40
1.0
 40
1.0
 40
1.0
 40
1.0
 10
965.2699758646681
 20
-362.6195621049431
 30
0.0
 10
965.2695014758739
 20
-362.5346252583582
 30
0.0
 10
965.2600176671489
 20
-362.4083832954295
 30
0.0
 10
965.2228256845683
 20
-362.2454439957101
 30
0.0
 10
965.1841835151183
 20
-362.1290627942869
 30
0.0
 10
965.1350794402758
 20
-362.0168442883089
 30
0.0
 10
965.0528400402872
 20
-361.8724834975631
 30
0.0
 10
964.9764459769682
 20
-361.7725450573715
 30
0.0
 10
964.9194149672322
 20
-361.7102071369944
 30
0.0
  0
SPLINE
  5
D6
330
1F
100
AcDbEntity
  8
0
  6
Continuous
 62
     7
370
    25
100
AcDbSpline
210
0.0
220
0.0
230
1.0
 70
     8
 71
     3
 72
    13
 73
     9
 74
     0
 42
0.00000001
 43
0.00000001
 40
0.0
 40
0.0
 40
0.0
 40
0.0
 40
0.2531294102724517
 40
0.3753070134590729
 40
0.496195608399895
 40
0.6178660239074376
 40
0.741667649485817
 40
1.0
 40
1.0
 40
1.0
 40
1.0
 10
964.9194149672322
 20
-361.7102071369944
 30
0.0
 10
964.8572564832415
 20
-361.6422705318429
 30
0.0
 10
964.7556411773015
 20
-361.5495484067616
 30
0.0
 10
964.603277179647
 20
-361.4520020757528
 30
0.0
 10
964.4848975355173
 20
-361.3912738628615
 30
0.0
 10
964.3591016219244
 20
-361.3460679506626
 30
0.0
 10
964.1809764934701
 20
-361.3014239795284
 30
0.0
 10
964.0417503208488
 20
-361.2878582976789
 30
0.0
 10
963.94766015954
 20
-361.2888329382765
 30
0.0
  0
SPLINE
  5
D7
330
1F
100
AcDbEntity
  8
0
  6
Continuous
 62
     7
370
    25
100
AcDbSpline
210
0.0
220
0.0
230
1.0
 70
     8
 71
     3
 72
    13
 73
     9
 74
     0
 42
0.00000001
 43
0.00000001
 40
0.0
 40
0.0
 40
0.0
 40
0.0
 40
0.2587123826906882
 40
0.3820894432542197
 40
0.503563573627258
 40
0.6251808674329633
 40
0.7472870144846055
 40
1.0
 40
1.0
 40
1.0
 40
1.0
 10
963.94766015954
 20
-361.2888329382765
 30
0.0
 10
963.8530928523161
 20
-361.2879695825567
 30
0.0
 10
963.7134668885532
 20
-361.3014550039409
 30
0.0
 10
963.534618267642
 20
-361.345801132881
 30
0.0
 10
963.4089235865579
 20
-361.3925727833171
 30
0.0
 10
963.289242248425
 20
-361.4521041579142
 30
0.0
 10
963.1372400217869
 20
-361.551624570282
 30
0.0
 10
963.0347195535963
 20
-361.6434656846944
 30
0.0
 10
962.9731008646681
 20
-361.712310502379
 30
0.0
  0
SPLINE
  5
F0
330
1F
100
AcDbEntity
  8
0
  6
Continuous
 62
     7
370
    25
100
AcDbSpline
210
0.0
220
0.0
230
1.0
 70
     8
 71
     3
 72
    13
 73
     9
 74
     0
 42
0.00000001
 43
0.00000001
 40
0.0
 40
0.0
 40
0.0
 40
0.0
 40
0.2537592050616003
 40
0.3772863205702178
 40
0.4989121128148973
 40
0.6213214040214754
 40
0.7447622750750883
 40
1.0
 40
1.0
 40
1.0
 40
1.0
 10
956.5564341980013
 20
-361.712310502379
 30
0.0
 10
956.5000208981164
 20
-361.7748214005738
 30
0.0
 10
956.4223224101744
 20
-361.873936736821
 30
0.0
 10
956.3411671356453
 20
-362.0186896837699
 30
0.0
 10
956.29161878441
 20
-362.1304214089254
 30
0.0
 10
956.2529280685823
 20
-362.2463521051862
 30
0.0
 10
956.2159151829582
 20
-362.4088629937483
 30
0.0
 10
956.2063675673147
 20
-362.5348553076097
 30
0.0
 10
956.2058733005654
 20
-362.619562104943
 30
0.0
  0
SPLINE
  5
F1
330
1F
100
AcDbEntity
  8
0
  6
Continuous
 62
     7
370
    25
100
AcDbSpline
210
0.0
220
0.0
230
1.0
 70
     8
 71
     3
 72
    21
 73
    17
 74
     0
 42
0.00000001
 43
0.00000001
 40
0.0
 40
0.0
 40
0.0
 40
0.0
 40
0.12318164834279
 40
0.1830343363247392
 40
0.2428661924761389
 40
0.302516884705936
 40
0.3633154622039154
 40
0.4250692989986414
 40
0.489042367485183
 40
0.5530871422752266
 40
0.6154454653923815
 40
0.6772864118409496
 40
0.7391749874395637
 40
0.8016758129328305
 40
0.8653648077757391
 40
1.0
 40
1.0
 40
1.0
 40
1.0
 10
956.2058733005653
 20
-362.619562104943
 30
0.0
 10
956.2053663931796
 20
-362.70512952207
 30
0.0
 10
956.2170757402018
 20
-362.832250415003
 30
0.0
 10
956.2557073379007
 20
-362.9966392051494
 30
0.0
 10
956.2964899674723
 20
-363.1144980273474
 30
0.0
 10
956.3488613605331
 20
-363.2283806871898
 30
0.0
 10
956.4127480800163
 20
-363.3377907907519
 30
0.0
 10
956.4886220825623
 20
-363.4429408138988
 30
0.0
 10
956.5746204128399
 20
-363.5429508231419
 30
0.0
 10
956.669692463646
 20
-363.6350865645935
 30
0.0
 10
956.772892390326
 20
-363.7156474287956
 30
0.0
 10
956.8826787794495
 20
-363.7842565080859
 30
0.0
 10
956.9998240476922
 20
-363.8395608181713
 30
0.0
 10
957.1230510435414
 20
-363.8833912700528
 30
0.0
 10
957.2995695215468
 20
-363.9253506504405
 30
0.0
 10
957.4375878765381
 20
-363.935846743113
 30
0.0
 10
957.5309934928731
 20
-363.9362688357123
 30
0.0
  0
SPLINE
  5
F2
330
1F
100
AcDbEntity
  8
0
  6
Continuous
 62
     7
370
    25
100
AcDbSpline
210
0.0
220
0.0
230
1.0
 70
     8
 71
     3
 72
    21
 73
    17
 74
     0
 42
0.00000001
 43
0.00000001
 40
0.0
 40
0.0
 40
0.0
 40
0.0
 40
0.1341341587220413
 40
0.1979034644236284
 40
0.2604831025120555
 40
0.322145528691675
 40
0.3837784671889301
 40
0.4462154232078634
 40
0.5103409574898055
 40
0.5743946950476084
 40
0.6362264024960808
 40
0.6971016460802575
 40
0.756827556930299
 40
0.8167348601468895
 40
0.8766630214626822
 40
1.0
 40
1.0
 40
1.0
 40
1.0
 10
957.5309934928732
 20
-363.9362688357123
 30
0.0
 10
957.6239435422596
 20
-363.9359048701582
 30
0.0
 10
957.7614708390774
 20
-363.9252279859503
 30
0.0
 10
957.9375260007777
 20
-363.8833761468804
 30
0.0
 10
958.0605920272451
 20
-363.8397046744012
 30
0.0
 10
958.1772357624641
 20
-363.7842582273971
 30
0.0
 10
958.2863896989192
 20
-363.7154393831012
 30
0.0
 10
958.3895058556797
 20
-363.6351103822932
 30
0.0
 10
958.4845577989688
 20
-363.5429443695505
 30
0.0
 10
958.5705615204779
 20
-363.4429424766522
 30
0.0
 10
958.6464341318766
 20
-363.3377903591733
 30
0.0
 10
958.7103212127279
 20
-363.2283807996399
 30
0.0
 10
958.7626925111823
 20
-363.1144979973705
 30
0.0
 10
958.8034751659809
 20
-362.9966392131511
 30
0.0
 10
958.8421067547108
 20
-362.8322504095018
 30
0.0
 10
958.8538161072743
 20
-362.7051295249113
 30
0.0
 10
958.8533091980013
 20
-362.619562104943
 30
0.0
  0
SPLINE
  5
F3
330
1F
100
AcDbEntity
  8
0
  6
Continuous
 62
     7
370
    25
100
AcDbSpline
210
0.0
220
0.0
230
1.0
 70
     8
 71
     3
 72
    13
 73
     9
 74
     0
 42
0.00000001
 43
0.00000001
 40
0.0
 40
0.0
 40
0.0
 40
0.0
 40
0.2554352550956323
 40
0.3786322712675269
 40
0.5014663143321091
 40
0.6234943774777799
 40
0.7461656372032968
 40
1.0
 40
1.0
 40
1.0
 40
1.0
 10
958.8533091980013
 20
-362.619562104943
 30
0.0
 10
958.852834809207
 20
-362.5346252583582
 30
0.0
 10
958.8433510004821
 20
-362.4083832954294
 30
0.0
 10
958.8061590179015
 20
-362.2454439957101
 30
0.0
 10
958.7675168484516
 20
-362.1290627942868
 30
0.0
 10
958.7184127736089
 20
-362.0168442883088
 30
0.0
 10
958.6361733736205
 20
-361.8724834975631
 30
0.0
 10
958.5597793103015
 20
-361.7725450573715
 30
0.0
 10
958.5027483005654
 20
-361.7102071369944
 30
0.0
  0
SPLINE
  5
F4
330
1F
100
AcDbEntity
  8
0
  6
Continuous
 62
     7
370
    25
100
AcDbSpline
210
0.0
220
0.0
230
1.0
 70
     8
 71
     3
 72
    13
 73
     9
 74
     0
 42
0.00000001
 43
0.00000001
 40
0.0
 40
0.0
 40
0.0
 40
0.0
 40
0.2531294102724517
 40
0.3753070134590729
 40
0.496195608399895
 40
0.6178660239074376
 40
0.741667649485817
 40
1.0
 40
1.0
 40
1.0
 40
1.0
 10
958.5027483005654
 20
-361.7102071369944
 30
0.0
 10
958.4405898165746
 20
-361.6422705318429
 30
0.0
 10
958.3389745106343
 20
-361.5495484067616
 30
0.0
 10
958.18661051298
 20
-361.4520020757529
 30
0.0
 10
958.0682308688508
 20
-361.3912738628615
 30
0.0
 10
957.9424349552575
 20
-361.3460679506625
 30
0.0
 10
957.7643098268034
 20
-361.3014239795284
 30
0.0
 10
957.6250836541819
 20
-361.2878582976788
 30
0.0
 10
957.5309934928731
 20
-361.2888329382764
 30
0.0
  0
SPLINE
  5
F5
330
1F
100
AcDbEntity
  8
0
  6
Continuous
 62
     7
370
    25
100
AcDbSpline
210
0.0
220
0.0
230
1.0
 70
     8
 71
     3
 72
    13
 73
     9
 74
     0
 42
0.00000001
 43
0.00000001
 40
0.0
 40
0.0
 40
0.0
 40
0.0
 40
0.2587123826906882
 40
0.3820894432542197
 40
0.503563573627258
 40
0.6251808674329633
 40
0.7472870144846055
 40
1.0
 40
1.0
 40
1.0
 40
1.0
 10
957.5309934928731
 20
-361.2888329382764
 30
0.0
 10
957.4364261856492
 20
-361.2879695825567
 30
0.0
 10
957.2968002218865
 20
-361.3014550039408
 30
0.0
 10
957.1179516009752
 20
-361.3458011328809
 30
0.0
 10
956.9922569198912
 20
-361.392572783317
 30
0.0
 10
956.8725755817582
 20
-361.4521041579142
 30
0.0
 10
956.7205733551201
 20
-361.5516245702818
 30
0.0
 10
956.6180528869297
 20
-361.6434656846944
 30
0.0
 10
956.5564341980013
 20
-361.712310502379
 30
0.0
  0
SPLINE
  5
F7
330
1F
100
AcDbEntity
  8
0
  6
Continuous
 62
     7
370
    25
100
AcDbSpline
210
0.0
220
0.0
230
1.0
 70
     8
 71
     3
 72
    13
 73
     9
 74
     0
 42
0.00000001
 43
0.00000001
 40
0.0
 40
0.0
 40
0.0
 40
0.0
 40
0.2630297194660357
 40
0.385707286100504
 40
0.5057171440485884
 40
0.6251374504644833
 40
0.7461202383411358
 40
1.0
 40
1.0
 40
1.0
 40
1.0
 10
953.289206633899
 20
-363.4181398293022
 30
0.0
 10
953.352396628158
 20
-363.5023833141166
 30
0.0
 10
953.4551339030784
 20
-363.6200416918838
 30
0.0
 10
953.6175502028652
 20
-363.7426125511687
 30
0.0
 10
953.7439417721124
 20
-363.8151756790735
 30
0.0
 10
953.8786655560573
 20
-363.8686840631471
 30
0.0
 10
954.0698343029031
 20
-363.9229413220064
 30
0.0
 10
954.220953992631
 20
-363.9359238020416
 30
0.0
 10
954.32266015954
 20
-363.9362688357124
 30
0.0
  0
SPLINE
  5
F8
330
1F
100
AcDbEntity
  8
0
  6
Continuous
 62
     7
370
    25
100
AcDbSpline
210
0.0
220
0.0
230
1.0
 70
     8
 71
     3
 72
    21
 73
    17
 74
     0
 42
0.00000001
 43
0.00000001
 40
0.0
 40
0.0
 40
0.0
 40
0.0
 40
0.1285125148987336
 40
0.1904698083481458
 40
0.2518829089235317
 40
0.3131452574347183
 40
0.3748669296190161
 40
0.4380769709860065
 40
0.5028017699584929
 40
0.5674641985971159
 40
0.630273116902175
 40
0.6914887942122043
 40
0.7521305273840639
 40
0.8127112369475128
 40
0.873772003747436
 40
1.0
 40
1.0
 40
1.0
 40
1.0
 10
954.32266015954
 20
-363.9362688357124
 30
0.0
 10
954.4122928911802
 20
-363.9353707139356
 30
0.0
 10
954.5455765069776
 20
-363.9254109738184
 30
0.0
 10
954.7170106055163
 20
-363.8846429553695
 30
0.0
 10
954.8385769512964
 20
-363.8412754456793
 30
0.0
 10
954.9558405150243
 20
-363.7876110811187
 30
0.0
 10
955.0670623181793
 20
-363.7198963772772
 30
0.0
 10
955.173976578793
 20
-363.6414898450936
 30
0.0
 10
955.2738901842305
 20
-363.5512566277019
 30
0.0
 10
955.366221105636
 20
-363.4536329534131
 30
0.0
 10
955.4460329303895
 20
-363.3485939665068
 30
0.0
 10
955.5151412271825
 20
-363.2395136458757
 30
0.0
 10
955.5704171221574
 20
-363.1244934142417
 30
0.0
 10
955.6143374187487
 20
-363.0048463478626
 30
0.0
 10
955.6559976508673
 20
-362.8365346295801
 30
0.0
 10
955.6670389757456
 20
-362.7055399662189
 30
0.0
 10
955.667411762104
 20
-362.6174587395586
 30
0.0
  0
SPLINE
  5
F9
330
1F
100
AcDbEntity
  8
0
  6
Continuous
 62
     7
370
    25
100
AcDbSpline
210
0.0
220
0.0
230
1.0
 70
     8
 71
     3
 72
    21
 73
    17
 74
     0
 42
0.00000001
 43
0.00000001
 40
0.0
 40
0.0
 40
0.0
 40
0.0
 40
0.1278241778864306
 40
0.1894220954825336
 40
0.2501708003723265
 40
0.3110805535947618
 40
0.3726557472008727
 40
0.4352274627328518
 40
0.4998717504074904
 40
0.5645368179024612
 40
0.6271747024363196
 40
0.6888625248244244
 40
0.7496278143790656
 40
0.8105807480949186
 40
0.8721786656910278
 40
1.0
 40
1.0
 40
1.0
 40
1.0
 10
955.667411762104
 20
-362.6174587395586
 30
0.0
 10
955.667335586402
 20
-362.528161176865
 30
0.0
 10
955.6555605164759
 20
-362.3957543628835
 30
0.0
 10
955.6151502035357
 20
-362.2254389175548
 30
0.0
 10
955.5720241546248
 20
-362.1046428639319
 30
0.0
 10
955.5161808027759
 20
-361.9892427228131
 30
0.0
 10
955.448684384914
 20
-361.8787676498372
 30
0.0
 10
955.3687709735616
 20
-361.7735873448106
 30
0.0
 10
955.2774773364022
 20
-361.6752306612843
 30
0.0
 10
955.1784223893324
 20
-361.5846325824294
 30
0.0
 10
955.0725454012478
 20
-361.5053934167183
 30
0.0
 10
954.96148641613
 20
-361.4388551494712
 30
0.0
 10
954.8458140040987
 20
-361.3832610103642
 30
0.0
 10
954.7245394070824
 20
-361.341410633338
 30
0.0
 10
954.5542522835519
 20
-361.3004598466516
 30
0.0
 10
954.421723474835
 20
-361.2891556554487
 30
0.0
 10
954.3324758646681
 20
-361.2888329382765
 30
0.0
  0
SPLINE
  5
FA
330
1F
100
AcDbEntity
  8
0
  6
Continuous
 62
     7
370
    25
100
AcDbSpline
210
0.0
220
0.0
230
1.0
 70
     8
 71
     3
 72
    13
 73
     9
 74
     0
 42
0.00000001
 43
0.00000001
 40
0.0
 40
0.0
 40
0.0
 40
0.0
 40
0.2502768116197104
 40
0.3710338071318773
 40
0.4916103072441661
 40
0.6128103459541301
 40
0.7373191738145142
 40
1.0
 40
1.0
 40
1.0
 40
1.0
 10
954.3324758646681
 20
-361.2888329382765
 30
0.0
 10
954.232278441612
 20
-361.2887502620758
 30
0.0
 10
954.0831184190009
 20
-361.3031001351754
 30
0.0
 10
953.893487629704
 20
-361.3578555543325
 30
0.0
 10
953.7587864339996
 20
-361.4130643158971
 30
0.0
 10
953.6308679560088
 20
-361.4856966994505
 30
0.0
 10
953.4655160895597
 20
-361.6052994308725
 30
0.0
 10
953.3560948907522
 20
-361.7166704039284
 30
0.0
 10
953.289206633899
 20
-361.7978473613534
 30
0.0
  0
SPLINE
  5
101
330
1F
100
AcDbEntity
  8
0
  6
Continuous
 62
     7
370
    25
100
AcDbSpline
210
0.0
220
0.0
230
1.0
 70
     8
 71
     3
 72
    13
 73
     9
 74
     0
 42
0.00000001
 43
0.00000001
 40
0.0
 40
0.0
 40
0.0
 40
0.0
 40
0.3437621914217489
 40
0.4918338323010921
 40
0.6241090704108261
 40
0.7413996050399378
 40
0.8430618504426804
 40
1.0
 40
1.0
 40
1.0
 40
1.0
 10
950.4174117621042
 20
-363.0318217203277
 30
0.0
 10
950.4168653049261
 20
-362.9308410588684
 30
0.0
 10
950.4190883763358
 20
-362.7863944487584
 30
0.0
 10
950.4243626552249
 20
-362.6031388713377
 30
0.0
 10
950.4309158063676
 20
-362.4865231354948
 30
0.0
 10
950.438063972593
 20
-362.383586511471
 30
0.0
 10
950.4502877327642
 20
-362.2738471291904
 30
0.0
 10
950.4617516864788
 20
-362.1986750667032
 30
0.0
 10
950.4735015056938
 20
-362.1540172331483
 30
0.0
  0
SPLINE
  5
102
330
1F
100
AcDbEntity
  8
0
  6
Continuous
 62
     7
370
    25
100
AcDbSpline
210
0.0
220
0.0
230
1.0
 70
     8
 71
     3
 72
    17
 73
    13
 74
     0
 42
0.00000001
 43
0.00000001
 40
0.0
 40
0.0
 40
0.0
 40
0.0
 40
0.1717166158284705
 40
0.2506679767740999
 40
0.3258823275094181
 40
0.3968812716964643
 40
0.463574840653608
 40
0.528069748948789
 40
0.5896876632767543
 40
0.7048093833749057
 40
0.8086618718637408
 40
1.0
 40
1.0
 40
1.0
 40
1.0
 10
950.4735015056938
 20
-362.1540172331483
 30
0.0
 10
950.4854246530523
 20
-362.1095458189429
 30
0.0
 10
950.5049460403955
 20
-362.0450679391423
 30
0.0
 10
950.5377974802201
 20
-361.9640130939747
 30
0.0
 10
950.5634564127838
 20
-361.9092816486511
 30
0.0
 10
950.591628452009
 20
-361.8595525731942
 30
0.0
 10
950.6211107287102
 20
-361.8139730546274
 30
0.0
 10
950.6532511555014
 20
-361.773327466996
 30
0.0
 10
950.6982929644448
 20
-361.7267669340836
 30
0.0
 10
950.7564674195422
 20
-361.6785819751677
 30
0.0
 10
950.8514105315633
 20
-361.6217466618903
 30
0.0
 10
950.9302897820864
 20
-361.6028689795057
 30
0.0
 10
950.9818148069758
 20
-361.6029355023791
 30
0.0
  0
SPLINE
  5
103
330
1F
100
AcDbEntity
  8
0
  6
Continuous
 62
     7
370
    25
100
AcDbSpline
210
0.0
220
0.0
230
1.0
 70
     8
 71
     3
 72
     9
 73
     5
 74
     0
 42
0.00000001
 43
0.00000001
 40
0.0
 40
0.0
 40
0.0
 40
0.0
 40
0.4397700551122201
 40
1.0
 40
1.0
 40
1.0
 40
1.0
 10
950.9818148069758
 20
-361.6029355023791
 30
0.0
 10
951.0064988468005
 20
-361.6032578910831
 30
0.0
 10
951.0622860020111
 20
-361.612582446567
 30
0.0
 10
951.1137586602289
 20
-361.6358380851853
 30
0.0
 10
951.1423716980014
 20
-361.6485084190456
 30
0.0
  0
SPLINE
  5
105
330
1F
100
AcDbEntity
  8
0
  6
Continuous
 62
     7
370
    25
100
AcDbSpline
210
0.0
220
0.0
230
1.0
 70
     8
 71
     3
 72
     9
 73
     5
 74
     0
 42
0.00000001
 43
0.00000001
 40
0.0
 40
0.0
 40
0.0
 40
0.0
 40
0.5364768048236828
 40
1.0
 40
1.0
 40
1.0
 40
1.0
 10
951.3148476595397
 20
-361.3764731626354
 30
0.0
 10
951.2705065544809
 20
-361.3496132718592
 30
0.0
 10
951.1828534427643
 20
-361.3060753603798
 30
0.0
 10
951.0863866124602
 20
-361.2891823591636
 30
0.0
 10
951.04141015954
 20
-361.2888329382765
 30
0.0
  0
SPLINE
  5
106
330
1F
100
AcDbEntity
  8
0
  6
Continuous
 62
     7
370
    25
100
AcDbSpline
210
0.0
220
0.0
230
1.0
 70
     8
 71
     3
 72
    13
 73
     9
 74
     0
 42
0.00000001
 43
0.00000001
 40
0.0
 40
0.0
 40
0.0
 40
0.0
 40
0.2138863655718711
 40
0.3246827750472978
 40
0.4394585447448387
 40
0.5616334858697982
 40
0.6938876172598847
 40
1.0
 40
1.0
 40
1.0
 40
1.0
 10
951.0414101595399
 20
-361.2888329382764
 30
0.0
 10
950.98532976677
 20
-361.2892219548489
 30
0.0
 10
950.8997711718763
 20
-361.3010686053403
 30
0.0
 10
950.7921978795216
 20
-361.3437458140771
 30
0.0
 10
950.7118168489145
 20
-361.3875061533766
 30
0.0
 10
950.6341809859653
 20
-361.446034432742
 30
0.0
 10
950.5283840925434
 20
-361.5487254937325
 30
0.0
 10
950.4604318902102
 20
-361.6424931782815
 30
0.0
 10
950.417411762104
 20
-361.7102071369944
 30
0.0
  0
SPLINE
  5
10A
330
1F
100
AcDbEntity
  8
0
  6
Continuous
 62
     7
370
    25
100
AcDbSpline
210
0.0
220
0.0
230
1.0
 70
     8
 71
     3
 72
    13
 73
     9
 74
     0
 42
0.00000001
 43
0.00000001
 40
0.0
 40
0.0
 40
0.0
 40
0.0
 40
0.2537592050616003
 40
0.3772863205702178
 40
0.4989121128148973
 40
0.6213214040214754
 40
0.7447622750750883
 40
1.0
 40
1.0
 40
1.0
 40
1.0
 10
947.26797265954
 20
-361.712310502379
 30
0.0
 10
947.2115593596553
 20
-361.7748214005738
 30
0.0
 10
947.1338608717128
 20
-361.8739367368211
 30
0.0
 10
947.0527055971841
 20
-362.01868968377
 30
0.0
 10
947.0031572459487
 20
-362.1304214089255
 30
0.0
 10
946.9644665301213
 20
-362.2463521051862
 30
0.0
 10
946.9274536444966
 20
-362.4088629937484
 30
0.0
 10
946.9179060288534
 20
-362.5348553076098
 30
0.0
 10
946.917411762104
 20
-362.6195621049431
 30
0.0
  0
SPLINE
  5
10B
330
1F
100
AcDbEntity
  8
0
  6
Continuous
 62
     7
370
    25
100
AcDbSpline
210
0.0
220
0.0
230
1.0
 70
     8
 71
     3
 72
    21
 73
    17
 74
     0
 42
0.00000001
 43
0.00000001
 40
0.0
 40
0.0
 40
0.0
 40
0.0
 40
0.12318164834279
 40
0.1830343363247392
 40
0.2428661924761389
 40
0.302516884705936
 40
0.3633154622039154
 40
0.4250692989986414
 40
0.489042367485183
 40
0.5530871422752266
 40
0.6154454653923815
 40
0.6772864118409496
 40
0.7391749874395637
 40
0.8016758129328305
 40
0.8653648077757391
 40
1.0
 40
1.0
 40
1.0
 40
1.0
 10
946.9174117621039
 20
-362.619562104943
 30
0.0
 10
946.9169048547182
 20
-362.7051295220701
 30
0.0
 10
946.9286142017406
 20
-362.8322504150031
 30
0.0
 10
946.9672457994394
 20
-362.9966392051494
 30
0.0
 10
947.0080284290111
 20
-363.1144980273475
 30
0.0
 10
947.0603998220718
 20
-363.2283806871899
 30
0.0
 10
947.1242865415552
 20
-363.337790790752
 30
0.0
 10
947.2001605441011
 20
-363.4429408138988
 30
0.0
 10
947.2861588743787
 20
-363.5429508231419
 30
0.0
 10
947.3812309251848
 20
-363.6350865645936
 30
0.0
 10
947.4844308518647
 20
-363.7156474287957
 30
0.0
 10
947.5942172409882
 20
-363.784256508086
 30
0.0
 10
947.711362509231
 20
-363.8395608181713
 30
0.0
 10
947.8345895050802
 20
-363.8833912700529
 30
0.0
 10
948.0111079830856
 20
-363.9253506504405
 30
0.0
 10
948.1491263380767
 20
-363.935846743113
 30
0.0
 10
948.2425319544118
 20
-363.9362688357123
 30
0.0
  0
SPLINE
  5
10C
330
1F
100
AcDbEntity
  8
0
  6
Continuous
 62
     7
370
    25
100
AcDbSpline
210
0.0
220
0.0
230
1.0
 70
     8
 71
     3
 72
    21
 73
    17
 74
     0
 42
0.00000001
 43
0.00000001
 40
0.0
 40
0.0
 40
0.0
 40
0.0
 40
0.1341341587220413
 40
0.1979034644236284
 40
0.2604831025120555
 40
0.322145528691675
 40
0.3837784671889301
 40
0.4462154232078634
 40
0.5103409574898055
 40
0.5743946950476084
 40
0.6362264024960808
 40
0.6971016460802575
 40
0.756827556930299
 40
0.8167348601468895
 40
0.8766630214626822
 40
1.0
 40
1.0
 40
1.0
 40
1.0
 10
948.2425319544119
 20
-363.9362688357124
 30
0.0
 10
948.3354820037985
 20
-363.9359048701581
 30
0.0
 10
948.4730093006161
 20
-363.9252279859504
 30
0.0
 10
948.6490644623162
 20
-363.8833761468806
 30
0.0
 10
948.7721304887838
 20
-363.8397046744013
 30
0.0
 10
948.8887742240028
 20
-363.7842582273971
 30
0.0
 10
948.9979281604578
 20
-363.7154393831013
 30
0.0
 10
949.1010443172186
 20
-363.6351103822932
 30
0.0
 10
949.1960962605075
 20
-363.5429443695505
 30
0.0
 10
949.2820999820165
 20
-363.4429424766522
 30
0.0
 10
949.3579725934155
 20
-363.3377903591734
 30
0.0
 10
949.4218596742666
 20
-363.2283807996399
 30
0.0
 10
949.4742309727211
 20
-363.1144979973707
 30
0.0
 10
949.5150136275195
 20
-362.9966392131511
 30
0.0
 10
949.5536452162496
 20
-362.8322504095018
 30
0.0
 10
949.5653545688131
 20
-362.7051295249114
 30
0.0
 10
949.56484765954
 20
-362.6195621049431
 30
0.0
  0
SPLINE
  5
10D
330
1F
100
AcDbEntity
  8
0
  6
Continuous
 62
     7
370
    25
100
AcDbSpline
210
0.0
220
0.0
230
1.0
 70
     8
 71
     3
 72
    13
 73
     9
 74
     0
 42
0.00000001
 43
0.00000001
 40
0.0
 40
0.0
 40
0.0
 40
0.0
 40
0.2554352550956323
 40
0.3786322712675269
 40
0.5014663143321091
 40
0.6234943774777799
 40
0.7461656372032968
 40
1.0
 40
1.0
 40
1.0
 40
1.0
 10
949.56484765954
 20
-362.6195621049431
 30
0.0
 10
949.5643732707457
 20
-362.5346252583582
 30
0.0
 10
949.5548894620209
 20
-362.4083832954295
 30
0.0
 10
949.5176974794401
 20
-362.2454439957101
 30
0.0
 10
949.4790553099904
 20
-362.1290627942869
 30
0.0
 10
949.4299512351475
 20
-362.016844288309
 30
0.0
 10
949.3477118351591
 20
-361.872483497563
 30
0.0
 10
949.27131777184
 20
-361.7725450573716
 30
0.0
 10
949.214286762104
 20
-361.7102071369944
 30
0.0
  0
SPLINE
  5
10E
330
1F
100
AcDbEntity
  8
0
  6
Continuous
 62
     7
370
    25
100
AcDbSpline
210
0.0
220
0.0
230
1.0
 70
     8
 71
     3
 72
    13
 73
     9
 74
     0
 42
0.00000001
 43
0.00000001
 40
0.0
 40
0.0
 40
0.0
 40
0.0
 40
0.2531294102724517
 40
0.3753070134590729
 40
0.496195608399895
 40
0.6178660239074376
 40
0.741667649485817
 40
1.0
 40
1.0
 40
1.0
 40
1.0
 10
949.214286762104
 20
-361.7102071369944
 30
0.0
 10
949.1521282781133
 20
-361.6422705318429
 30
0.0
 10
949.0505129721732
 20
-361.5495484067615
 30
0.0
 10
948.8981489745188
 20
-361.4520020757529
 30
0.0
 10
948.7797693303893
 20
-361.3912738628616
 30
0.0
 10
948.6539734167961
 20
-361.3460679506625
 30
0.0
 10
948.4758482883419
 20
-361.3014239795284
 30
0.0
 10
948.3366221157208
 20
-361.2878582976789
 30
0.0
 10
948.2425319544118
 20
-361.2888329382765
 30
0.0
  0
SPLINE
  5
10F
330
1F
100
AcDbEntity
  8
0
  6
Continuous
 62
     7
370
    25
100
AcDbSpline
210
0.0
220
0.0
230
1.0
 70
     8
 71
     3
 72
    13
 73
     9
 74
     0
 42
0.00000001
 43
0.00000001
 40
0.0
 40
0.0
 40
0.0
 40
0.0
 40
0.2587123826906882
 40
0.3820894432542197
 40
0.503563573627258
 40
0.6251808674329633
 40
0.7472870144846055
 40
1.0
 40
1.0
 40
1.0
 40
1.0
 10
948.2425319544118
 20
-361.2888329382765
 30
0.0
 10
948.147964647188
 20
-361.2879695825567
 30
0.0
 10
948.008338683425
 20
-361.3014550039409
 30
0.0
 10
947.829490062514
 20
-361.345801132881
 30
0.0
 10
947.7037953814298
 20
-361.3925727833171
 30
0.0
 10
947.584114043297
 20
-361.4521041579142
 30
0.0
 10
947.4321118166587
 20
-361.551624570282
 30
0.0
 10
947.3295913484683
 20
-361.6434656846944
 30
0.0
 10
947.26797265954
 20
-361.712310502379
 30
0.0
  0
SPLINE
  5
110
330
1F
100
AcDbEntity
  8
0
  6
Continuous
 62
     7
370
    25
100
AcDbSpline
210
0.0
220
0.0
230
1.0
 70
     8
 71
     3
 72
    21
 73
    17
 74
     0
 42
0.00000001
 43
0.00000001
 40
0.0
 40
0.0
 40
0.0
 40
0.0
 40
0.1291156642467572
 40
0.1906142170369306
 40
0.2512349941101577
 40
0.3110899094595582
 40
0.3711861458444781
 40
0.4321194799413873
 40
0.4949206964951437
 40
0.5573643976838206
 40
0.6191271459504457
 40
0.6802716623934629
 40
0.7413865832314311
 40
0.8034925619465919
 40
0.8669564647561058
 40
1.0
 40
1.0
 40
1.0
 40
1.0
 10
945.6792306723603
 20
-361.2888329382765
 30
0.0
 10
945.6343176107464
 20
-361.28829837494
 30
0.0
 10
945.5680721282736
 20
-361.2945275461757
 30
0.0
 10
945.4828951239841
 20
-361.3142706680682
 30
0.0
 10
945.4230744231546
 20
-361.3352453789788
 30
0.0
 10
945.3666660639775
 20
-361.3630175695322
 30
0.0
 10
945.3131277899705
 20
-361.3961220364974
 30
0.0
 10
945.2622330296314
 20
-361.4349211805378
 30
0.0
 10
945.2151263639984
 20
-361.4794303663327
 30
0.0
 10
945.1722831447952
 20
-361.5284335274451
 30
0.0
 10
945.1350954576959
 20
-361.5811694698093
 30
0.0
 10
945.1034505188762
 20
-361.6368268163019
 30
0.0
 10
945.0769638976319
 20
-361.695329385791
 30
0.0
 10
945.0579227855867
 20
-361.7574544307664
 30
0.0
 10
945.0372416167509
 20
-361.8450293159375
 30
0.0
 10
945.0331131663567
 20
-361.9136641829708
 30
0.0
 10
945.0327963774885
 20
-361.9598064959687
 30
0.0
  0
SPLINE
  5
111
330
1F
100
AcDbEntity
  8
0
  6
Continuous
 62
     7
370
    25
100
AcDbSpline
210
0.0
220
0.0
230
1.0
 70
     8
 71
     3
 72
     9
 73
     5
 74
     0
 42
0.00000001
 43
0.00000001
 40
0.0
 40
0.0
 40
0.0
 40
0.0
 40
0.5074092035235759
 40
1.0
 40
1.0
 40
1.0
 40
1.0
 10
945.0327963774884
 20
-361.9598064959687
 30
0.0
 10
945.0315246040776
 20
-362.0305255708931
 30
0.0
 10
945.0522410830235
 20
-362.1695436630378
 30
0.0
 10
945.1106149465861
 20
-362.2974421510298
 30
0.0
 10
945.1498837172321
 20
-362.3538369446867
 30
0.0
  0
SPLINE
  5
112
330
1F
100
AcDbEntity
  8
0
  6
Continuous
 62
     7
370
    25
100
AcDbSpline
210
0.0
220
0.0
230
1.0
 70
     8
 71
     3
 72
    13
 73
     9
 74
     0
 42
0.00000001
 43
0.00000001
 40
0.0
 40
0.0
 40
0.0
 40
0.0
 40
0.1977042930090828
 40
0.3078458435567989
 40
0.4271756375984608
 40
0.5562245009992408
 40
0.69404978679158
 40
1.0
 40
1.0
 40
1.0
 40
1.0
 10
945.149883717232
 20
-362.3538369446866
 30
0.0
 10
945.170822796891
 20
-362.3849042038482
 30
0.0
 10
945.2090819091255
 20
-362.4289610638899
 30
0.0
 10
945.2669956360734
 20
-362.4853264477654
 30
0.0
 10
945.3191278731587
 20
-362.5287700077251
 30
0.0
 10
945.3782383206303
 20
-362.5716725957277
 30
0.0
 10
945.4673084694847
 20
-362.6333414705842
 30
0.0
 10
945.5402951096306
 20
-362.6750285177007
 30
0.0
 10
945.5908893262064
 20
-362.7029955985329
 30
0.0
  0
SPLINE
  5
113
330
1F
100
AcDbEntity
  8
0
  6
Continuous
 62
     7
370
    25
100
AcDbSpline
210
0.0
220
0.0
230
1.0
 70
     8
 71
     3
 72
    13
 73
     9
 74
     0
 42
0.00000001
 43
0.00000001
 40
0.0
 40
0.0
 40
0.0
 40
0.0
 40
0.3337367066248789
 40
0.4791986316519923
 40
0.6104491594873758
 40
0.7277299767534718
 40
0.8325383242742073
 40
1.0
 40
1.0
 40
1.0
 40
1.0
 10
945.5908893262064
 20
-362.7029955985329
 30
0.0
 10
945.6372592186871
 20
-362.7274526010864
 30
0.0
 10
945.7028846371588
 20
-362.7643073866734
 30
0.0
 10
945.7855408172535
 20
-362.812912276741
 30
0.0
 10
945.8375402659915
 20
-362.8464989933105
 30
0.0
 10
945.8826573993999
 20
-362.8788525989106
 30
0.0
 10
945.9305632370377
 20
-362.9169420146006
 30
0.0
 10
945.9617626814588
 20
-362.9463501640925
 30
0.0
 10
945.9786096787706
 20
-362.9666173934046
 30
0.0
  0
SPLINE
  5
114
330
1F
100
AcDbEntity
  8
0
  6
Continuous
 62
     7
370
    25
100
AcDbSpline
210
0.0
220
0.0
230
1.0
 70
     8
 71
     3
 72
     9
 73
     5
 74
     0
 42
0.00000001
 43
0.00000001
 40
0.0
 40
0.0
 40
0.0
 40
0.0
 40
0.4995466848971551
 40
1.0
 40
1.0
 40
1.0
 40
1.0
 10
945.9786096787706
 20
-362.9666173934046
 30
0.0
 10
946.006499200619
 20
-363.0005681026163
 30
0.0
 10
946.0506887743231
 20
-363.0783479206225
 30
0.0
 10
946.0646803086519
 20
-363.1666381596344
 30
0.0
 10
946.0648476595399
 20
-363.2106077780201
 30
0.0
  0
SPLINE
  5
115
330
1F
100
AcDbEntity
  8
0
  6
Continuous
 62
     7
370
    25
100
AcDbSpline
210
0.0
220
0.0
230
1.0
 70
     8
 71
     3
 72
    13
 73
     9
 74
     0
 42
0.00000001
 43
0.00000001
 40
0.0
 40
0.0
 40
0.0
 40
0.0
 40
0.2352817369432406
 40
0.3554913463218012
 40
0.4823137941791664
 40
0.6121639553088831
 40
0.7381043263491878
 40
1.0
 40
1.0
 40
1.0
 40
1.0
 10
946.0648476595399
 20
-363.2106077780201
 30
0.0
 10
946.0651789145226
 20
-363.2638263390583
 30
0.0
 10
946.048062140516
 20
-363.3443053076563
 30
0.0
 10
945.9919254501361
 20
-363.4386266145927
 30
0.0
 10
945.9341022914216
 20
-363.5015988723048
 30
0.0
 10
945.8660575786428
 20
-363.5556187191061
 30
0.0
 10
945.7603530792288
 20
-363.60739147422
 30
0.0
 10
945.6725334314258
 20
-363.6226787015396
 30
0.0
 10
945.6133252236423
 20
-363.6221662716098
 30
0.0
  0
SPLINE
  5
116
330
1F
100
AcDbEntity
  8
0
  6
Continuous
 62
     7
370
    25
100
AcDbSpline
210
0.0
220
0.0
230
1.0
 70
     8
 71
     3
 72
    13
 73
     9
 74
     0
 42
0.00000001
 43
0.00000001
 40
0.0
 40
0.0
 40
0.0
 40
0.0
 40
0.2249939016840057
 40
0.3407622816196475
 40
0.4594992564134007
 40
0.5828283517555468
 40
0.7140958284555354
 40
1.0
 40
1.0
 40
1.0
 40
1.0
 10
945.6133252236424
 20
-363.6221662716098
 30
0.0
 10
945.5688690413554
 20
-363.6223814585947
 30
0.0
 10
945.5017167248433
 20
-363.6133190158459
 30
0.0
 10
945.415254989631
 20
-363.5854017390162
 30
0.0
 10
945.3510312146491
 20
-363.5556694232261
 30
0.0
 10
945.2882082882235
 20
-363.5170059848446
 30
0.0
 10
945.2023574308657
 20
-363.4535200883744
 30
0.0
 10
945.1440640867368
 20
-363.3948305970368
 30
0.0
 10
945.10641416595
 20
-363.352935502379
 30
0.0
  0
SPLINE
  5
118
330
1F
100
AcDbEntity
  8
0
  6
Continuous
 62
     7
370
    25
100
AcDbSpline
210
0.0
220
0.0
230
1.0
 70
     8
 71
     3
 72
    13
 73
     9
 74
     0
 42
0.00000001
 43
0.00000001
 40
0.0
 40
0.0
 40
0.0
 40
0.0
 40
0.2445989327970548
 40
0.3685417614065795
 40
0.4953064507483655
 40
0.6227813119738135
 40
0.748276038750417
 40
1.0
 40
1.0
 40
1.0
 40
1.0
 10
944.898180992873
 20
-363.5899146690457
 30
0.0
 10
944.9404487839414
 20
-363.6435135711645
 30
0.0
 10
945.0137921672867
 20
-363.7165159469272
 30
0.0
 10
945.1270330290861
 20
-363.7961076045419
 30
0.0
 10
945.2200380532662
 20
-363.8463054883887
 30
0.0
 10
945.3184330490111
 20
-363.8859590766827
 30
0.0
 10
945.4539921862427
 20
-363.9246761143511
 30
0.0
 10
945.5591910153115
 20
-363.936801855072
 30
0.0
 10
945.6294510249244
 20
-363.9362688357123
 30
0.0
  0
SPLINE
  5
119
330
1F
100
AcDbEntity
  8
0
  6
Continuous
 62
     7
370
    25
100
AcDbSpline
210
0.0
220
0.0
230
1.0
 70
     8
 71
     3
 72
    21
 73
    17
 74
     0
 42
0.00000001
 43
0.00000001
 40
0.0
 40
0.0
 40
0.0
 40
0.0
 40
0.1313602991794574
 40
0.1945015164287709
 40
0.256431518067861
 40
0.3176028927083352
 40
0.3786284196027184
 40
0.4404806721564712
 40
0.5042957142746884
 40
0.5681107563929055
 40
0.6299630089466585
 40
0.6904753005359108
 40
0.751360484905979
 40
0.8114026619125944
 40
0.8728008672444879
 40
1.0
 40
1.0
 40
1.0
 40
1.0
 10
945.6294510249244
 20
-363.9362688357123
 30
0.0
 10
945.6808405111063
 20
-363.9359187371591
 30
0.0
 10
945.7571350095209
 20
-363.9301793275739
 30
0.0
 10
945.8551272120442
 20
-363.9075278322954
 30
0.0
 10
945.9240900896633
 20
-363.8834794961594
 30
0.0
 10
945.9896170947371
 20
-363.8532089139053
 30
0.0
 10
946.0518558727165
 20
-363.8166359743894
 30
0.0
 10
946.1103620188484
 20
-363.7726116393441
 30
0.0
 10
946.1652075360913
 20
-363.7225259958607
 30
0.0
 10
946.2152988109975
 20
-363.6676870144757
 30
0.0
 10
946.2591740884377
 20
-363.609311064879
 30
0.0
 10
946.2957205545638
 20
-363.547474909191
 30
0.0
 10
946.3269098801807
 20
-363.4835156158069
 30
0.0
 10
946.3499852331945
 20
-363.4158216472218
 30
0.0
 10
946.3729802999676
 20
-363.3210889418344
 30
0.0
 10
946.378478321374
 20
-363.2470144067117
 30
0.0
 10
946.3789502236423
 20
-363.1972864639175
 30
0.0
  0
SPLINE
  5
11A
330
1F
100
AcDbEntity
  8
0
  6
Continuous
 62
     7
370
    25
100
AcDbSpline
210
0.0
220
0.0
230
1.0
 70
     8
 71
     3
 72
     9
 73
     5
 74
     0
 42
0.00000001
 43
0.00000001
 40
0.0
 40
0.0
 40
0.0
 40
0.0
 40
0.5047649745423438
 40
1.0
 40
1.0
 40
1.0
 40
1.0
 10
946.3789502236423
 20
-363.1972864639175
 30
0.0
 10
946.3779492187905
 20
-363.1270425379411
 30
0.0
 10
946.361890600487
 20
-362.9860391498938
 30
0.0
 10
946.2978137481883
 20
-362.8593880031618
 30
0.0
 10
946.2597595185141
 20
-362.8018537716098
 30
0.0
  0
SPLINE
  5
11B
330
1F
100
AcDbEntity
  8
0
  6
Continuous
 62
     7
370
    25
100
AcDbSpline
210
0.0
220
0.0
230
1.0
 70
     8
 71
     3
 72
    13
 73
     9
 74
     0
 42
0.00000001
 43
0.00000001
 40
0.0
 40
0.0
 40
0.0
 40
0.0
 40
0.1954188198467784
 40
0.3058478904170527
 40
0.4251239275883471
 40
0.5537868414038525
 40
0.6928854083944321
 40
1.0
 40
1.0
 40
1.0
 40
1.0
 10
946.2597595185141
 20
-362.8018537716098
 30
0.0
 10
946.2375948859341
 20
-362.770557427833
 30
0.0
 10
946.1984590198917
 20
-362.7247486661097
 30
0.0
 10
946.1367635028325
 20
-362.6685463806602
 30
0.0
 10
946.0828449225098
 20
-362.6233761303461
 30
0.0
 10
946.0213799969866
 20
-362.57871884341
 30
0.0
 10
945.9276957109912
 20
-362.515887830817
 30
0.0
 10
945.8518424280078
 20
-362.4720095616532
 30
0.0
 10
945.7991224992834
 20
-362.4428794126354
 30
0.0
  0
SPLINE
  5
11C
330
1F
100
AcDbEntity
  8
0
  6
Continuous
 62
     7
370
    25
100
AcDbSpline
210
0.0
220
0.0
230
1.0
 70
     8
 71
     3
 72
    13
 73
     9
 74
     0
 42
0.00000001
 43
0.00000001
 40
0.0
 40
0.0
 40
0.0
 40
0.0
 40
0.3238790058012996
 40
0.4664315196198964
 40
0.5977832531928814
 40
0.7160176400495766
 40
0.8224401785339891
 40
1.0
 40
1.0
 40
1.0
 40
1.0
 10
945.7991224992834
 20
-362.4428794126354
 30
0.0
 10
945.7557004117563
 20
-362.4202682811447
 30
0.0
 10
945.6955078647177
 20
-362.3836808738679
 30
0.0
 10
945.6186611467663
 20
-362.3362696462856
 30
0.0
 10
945.569892834346
 20
-362.3026597431839
 30
0.0
 10
945.5266062850867
 20
-362.2706908305321
 30
0.0
 10
945.4810296019155
 20
-362.2305071268087
 30
0.0
 10
945.4498205543155
 20
-362.2009721063282
 30
0.0
 10
945.4338380441551
 20
-362.1792576177637
 30
0.0
  0
SPLINE
  5
11D
330
1F
100
AcDbEntity
  8
0
  6
Continuous
 62
     7
370
    25
100
AcDbSpline
210
0.0
220
0.0
230
1.0
 70
     8
 71
     3
 72
     9
 73
     5
 74
     0
 42
0.00000001
 43
0.00000001
 40
0.0
 40
0.0
 40
0.0
 40
0.0
 40
0.5205968063940666
 40
1.0
 40
1.0
 40
1.0
 40
1.0
 10
945.4338380441551
 20
-362.1792576177637
 30
0.0
 10
945.4071478552944
 20
-362.1447285658089
 30
0.0
 10
945.3626606012509
 20
-362.0716956771572
 30
0.0
 10
945.3469744574353
 20
-361.9875518368086
 30
0.0
 10
945.3468989415911
 20
-361.9471863036611
 30
0.0
  0
SPLINE
  5
11E
330
1F
100
AcDbEntity
  8
0
  6
Continuous
 62
     7
370
    25
100
AcDbSpline
210
0.0
220
0.0
230
1.0
 70
     8
 71
     3
 72
    13
 73
     9
 74
     0
 42
0.00000001
 43
0.00000001
 40
0.0
 40
0.0
 40
0.0
 40
0.0
 40
0.2489716711489945
 40
0.3714961336333642
 40
0.501489158822711
 40
0.6308339704139467
 40
0.7540993713936658
 40
1.0
 40
1.0
 40
1.0
 40
1.0
 10
945.3468989415911
 20
-361.9471863036611
 30
0.0
 10
945.3470224337759
 20
-361.9032416515133
 30
0.0
 10
945.3588548487186
 20
-361.8372366315394
 30
0.0
 10
945.4005424141488
 20
-361.758382771812
 30
0.0
 10
945.4429795188736
 20
-361.7056022278495
 30
0.0
 10
945.493151826156
 20
-361.6597002796114
 30
0.0
 10
945.570474474293
 20
-361.6161337613078
 30
0.0
 10
945.6355808944643
 20
-361.6020407591988
 30
0.0
 10
945.6792306723603
 20
-361.6029355023791
 30
0.0
  0
SPLINE
  5
11F
330
1F
100
AcDbEntity
  8
0
  6
Continuous
 62
     7
370
    25
100
AcDbSpline
210
0.0
220
0.0
230
1.0
 70
     8
 71
     3
 72
    13
 73
     9
 74
     0
 42
0.00000001
 43
0.00000001
 40
0.0
 40
0.0
 40
0.0
 40
0.0
 40
0.2066658703703809
 40
0.3164748855849824
 40
0.4340367728953255
 40
0.5586910361120172
 40
0.6949644946417091
 40
1.0
 40
1.0
 40
1.0
 40
1.0
 10
945.6792306723603
 20
-361.6029355023791
 30
0.0
 10
945.7160455460598
 20
-361.6029682681914
 30
0.0
 10
945.7722660577947
 20
-361.6120763705994
 30
0.0
 10
945.844328965825
 20
-361.6403219974917
 30
0.0
 10
945.8997903861413
 20
-361.6697265479966
 30
0.0
 10
945.9548290097379
 20
-361.7086983668729
 30
0.0
 10
946.032651084646
 20
-361.7726930174689
 30
0.0
 10
946.0861200822891
 20
-361.8306372451957
 30
0.0
 10
946.1209374031296
 20
-361.8721662716098
 30
0.0
  0
SPLINE
  5
121
330
1F
100
AcDbEntity
  8
0
  6
Continuous
 62
     7
370
    25
100
AcDbSpline
210
0.0
220
0.0
230
1.0
 70
     8
 71
     3
 72
    13
 73
     9
 74
     0
 42
0.00000001
 43
0.00000001
 40
0.0
 40
0.0
 40
0.0
 40
0.0
 40
0.2972877955187608
 40
0.4309389201448507
 40
0.5555483284431766
 40
0.6738732699264969
 40
0.7865883873610569
 40
1.0
 40
1.0
 40
1.0
 40
1.0
 10
946.3340784287703
 20
-361.6527151498149
 30
0.0
 10
946.2834703719619
 20
-361.5954205816527
 30
0.0
 10
946.2035277272774
 20
-361.5182053641231
 30
0.0
 10
946.0900210400139
 20
-361.4313276607077
 30
0.0
 10
946.0082325893775
 20
-361.3792258841777
 30
0.0
 10
945.925903833875
 20
-361.3390479611191
 30
0.0
 10
945.8180087241099
 20
-361.3005773950669
 30
0.0
 10
945.7341259644124
 20
-361.2888861268016
 30
0.0
 10
945.6792306723603
 20
-361.2888329382765
 30
0.0
  0
SPLINE
  5
122
330
1F
100
AcDbEntity
  8
0
  6
Continuous
 62
     7
370
    25
100
AcDbSpline
210
0.0
220
0.0
230
1.0
 70
     8
 71
     3
 72
    21
 73
    17
 74
     0
 42
0.00000001
 43
0.00000001
 40
0.0
 40
0.0
 40
0.0
 40
0.0
 40
0.1291156642467569
 40
0.1906142170369302
 40
0.251234994110157
 40
0.3110899094595574
 40
0.3711861458444771
 40
0.4321194799413862
 40
0.4949206964951424
 40
0.5573643976838191
 40
0.6191271459504004
 40
0.6802716623934637
 40
0.7413865832314319
 40
0.8034925619465925
 40
0.8669564647561061
 40
1.0
 40
1.0
 40
1.0
 40
1.0
 10
943.7946152877448
 20
-361.2888329382764
 30
0.0
 10
943.7497022261308
 20
-361.2882983749399
 30
0.0
 10
943.6834567436583
 20
-361.2945275461758
 30
0.0
 10
943.5982797393689
 20
-361.3142706680681
 30
0.0
 10
943.5384590385388
 20
-361.3352453789786
 30
0.0
 10
943.4820506793624
 20
-361.3630175695323
 30
0.0
 10
943.4285124053551
 20
-361.3961220364974
 30
0.0
 10
943.3776176450159
 20
-361.4349211805378
 30
0.0
 10
943.330510979383
 20
-361.4794303663325
 30
0.0
 10
943.2876677601798
 20
-361.528433527445
 30
0.0
 10
943.2504800730804
 20
-361.5811694698093
 30
0.0
 10
943.2188351342606
 20
-361.6368268163017
 30
0.0
 10
943.1923485130167
 20
-361.695329385791
 30
0.0
 10
943.1733074009712
 20
-361.7574544307662
 30
0.0
 10
943.1526262321354
 20
-361.8450293159374
 30
0.0
 10
943.1484977817416
 20
-361.9136641829709
 30
0.0
 10
943.1481809928731
 20
-361.9598064959687
 30
0.0
  0
SPLINE
  5
123
330
1F
100
AcDbEntity
  8
0
  6
Continuous
 62
     7
370
    25
100
AcDbSpline
210
0.0
220
0.0
230
1.0
 70
     8
 71
     3
 72
     9
 73
     5
 74
     0
 42
0.00000001
 43
0.00000001
 40
0.0
 40
0.0
 40
0.0
 40
0.0
 40
0.5074092035235759
 40
1.0
 40
1.0
 40
1.0
 40
1.0
 10
943.148180992873
 20
-361.9598064959687
 30
0.0
 10
943.1469092194624
 20
-362.0305255708931
 30
0.0
 10
943.1676256984082
 20
-362.1695436630376
 30
0.0
 10
943.2259995619708
 20
-362.2974421510298
 30
0.0
 10
943.2652683326168
 20
-362.3538369446866
 30
0.0
  0
SPLINE
  5
124
330
1F
100
AcDbEntity
  8
0
  6
Continuous
 62
     7
370
    25
100
AcDbSpline
210
0.0
220
0.0
230
1.0
 70
     8
 71
     3
 72
    13
 73
     9
 74
     0
 42
0.00000001
 43
0.00000001
 40
0.0
 40
0.0
 40
0.0
 40
0.0
 40
0.1977042930090828
 40
0.3078458435567989
 40
0.4271756375984608
 40
0.5562245009992408
 40
0.69404978679158
 40
1.0
 40
1.0
 40
1.0
 40
1.0
 10
943.2652683326166
 20
-362.3538369446866
 30
0.0
 10
943.2862074122758
 20
-362.3849042038482
 30
0.0
 10
943.3244665245104
 20
-362.4289610638899
 30
0.0
 10
943.3823802514579
 20
-362.4853264477653
 30
0.0
 10
943.4345124885436
 20
-362.528770007725
 30
0.0
 10
943.4936229360148
 20
-362.5716725957276
 30
0.0
 10
943.5826930848694
 20
-362.6333414705841
 30
0.0
 10
943.6556797250153
 20
-362.6750285177006
 30
0.0
 10
943.706273941591
 20
-362.7029955985328
 30
0.0
  0
SPLINE
  5
125
330
1F
100
AcDbEntity
  8
0
  6
Continuous
 62
     7
370
    25
100
AcDbSpline
210
0.0
220
0.0
230
1.0
 70
     8
 71
     3
 72
    13
 73
     9
 74
     0
 42
0.00000001
 43
0.00000001
 40
0.0
 40
0.0
 40
0.0
 40
0.0
 40
0.3337367066248789
 40
0.4791986316519923
 40
0.6104491594873758
 40
0.7277299767534718
 40
0.8325383242742073
 40
1.0
 40
1.0
 40
1.0
 40
1.0
 10
943.706273941591
 20
-362.7029955985328
 30
0.0
 10
943.7526438340716
 20
-362.7274526010863
 30
0.0
 10
943.8182692525434
 20
-362.7643073866734
 30
0.0
 10
943.9009254326382
 20
-362.8129122767408
 30
0.0
 10
943.9529248813761
 20
-362.8464989933104
 30
0.0
 10
943.9980420147845
 20
-362.8788525989106
 30
0.0
 10
944.0459478524223
 20
-362.9169420146005
 30
0.0
 10
944.0771472968432
 20
-362.9463501640924
 30
0.0
 10
944.0939942941552
 20
-362.9666173934046
 30
0.0
  0
SPLINE
  5
126
330
1F
100
AcDbEntity
  8
0
  6
Continuous
 62
     7
370
    25
100
AcDbSpline
210
0.0
220
0.0
230
1.0
 70
     8
 71
     3
 72
     9
 73
     5
 74
     0
 42
0.00000001
 43
0.00000001
 40
0.0
 40
0.0
 40
0.0
 40
0.0
 40
0.4995466848971551
 40
1.0
 40
1.0
 40
1.0
 40
1.0
 10
944.0939942941552
 20
-362.9666173934046
 30
0.0
 10
944.1218838160036
 20
-363.0005681026162
 30
0.0
 10
944.1660733897075
 20
-363.0783479206224
 30
0.0
 10
944.1800649240367
 20
-363.1666381596345
 30
0.0
 10
944.1802322749244
 20
-363.21060777802
 30
0.0
  0
SPLINE
  5
127
330
1F
100
AcDbEntity
  8
0
  6
Continuous
 62
     7
370
    25
100
AcDbSpline
210
0.0
220
0.0
230
1.0
 70
     8
 71
     3
 72
    13
 73
     9
 74
     0
 42
0.00000001
 43
0.00000001
 40
0.0
 40
0.0
 40
0.0
 40
0.0
 40
0.2352817369432144
 40
0.3554913463217793
 40
0.4823137941791487
 40
0.6121639553088698
 40
0.7381043263491788
 40
1.0
 40
1.0
 40
1.0
 40
1.0
 10
944.1802322749244
 20
-363.21060777802
 30
0.0
 10
944.1805635299071
 20
-363.2638263390581
 30
0.0
 10
944.1634467559005
 20
-363.3443053076563
 30
0.0
 10
944.1073100655208
 20
-363.4386266145926
 30
0.0
 10
944.0494869068065
 20
-363.5015988723047
 30
0.0
 10
943.9814421940274
 20
-363.5556187191061
 30
0.0
 10
943.8757376946133
 20
-363.6073914742198
 30
0.0
 10
943.7879180468109
 20
-363.6226787015397
 30
0.0
 10
943.7287098390269
 20
-363.6221662716098
 30
0.0
  0
SPLINE
  5
128
330
1F
100
AcDbEntity
  8
0
  6
Continuous
 62
     7
370
    25
100
AcDbSpline
210
0.0
220
0.0
230
1.0
 70
     8
 71
     3
 72
    13
 73
     9
 74
     0
 42
0.00000001
 43
0.00000001
 40
0.0
 40
0.0
 40
0.0
 40
0.0
 40
0.2249939016840057
 40
0.3407622816196475
 40
0.4594992564134007
 40
0.5828283517555468
 40
0.7140958284555354
 40
1.0
 40
1.0
 40
1.0
 40
1.0
 10
943.728709839027
 20
-363.6221662716098
 30
0.0
 10
943.6842536567403
 20
-363.6223814585947
 30
0.0
 10
943.6171013402276
 20
-363.6133190158458
 30
0.0
 10
943.5306396050158
 20
-363.5854017390162
 30
0.0
 10
943.4664158300337
 20
-363.555669423226
 30
0.0
 10
943.4035929036082
 20
-363.5170059848445
 30
0.0
 10
943.3177420462497
 20
-363.4535200883743
 30
0.0
 10
943.2594487021219
 20
-363.3948305970367
 30
0.0
 10
943.2217987813347
 20
-363.352935502379
 30
0.0
  0
SPLINE
  5
12A
330
1F
100
AcDbEntity
  8
0
  6
Continuous
 62
     7
370
    25
100
AcDbSpline
210
0.0
220
0.0
230
1.0
 70
     8
 71
     3
 72
    13
 73
     9
 74
     0
 42
0.00000001
 43
0.00000001
 40
0.0
 40
0.0
 40
0.0
 40
0.0
 40
0.2445989327970548
 40
0.3685417614065795
 40
0.4953064507483655
 40
0.6227813119738135
 40
0.748276038750417
 40
1.0
 40
1.0
 40
1.0
 40
1.0
 10
943.0135656082576
 20
-363.5899146690456
 30
0.0
 10
943.0558333993258
 20
-363.6435135711645
 30
0.0
 10
943.1291767826713
 20
-363.7165159469271
 30
0.0
 10
943.2424176444708
 20
-363.7961076045418
 30
0.0
 10
943.3354226686508
 20
-363.8463054883888
 30
0.0
 10
943.4338176643959
 20
-363.8859590766826
 30
0.0
 10
943.5693768016273
 20
-363.924676114351
 30
0.0
 10
943.674575630696
 20
-363.936801855072
 30
0.0
 10
943.744835640309
 20
-363.9362688357123
 30
0.0
  0
SPLINE
  5
12B
330
1F
100
AcDbEntity
  8
0
  6
Continuous
 62
     7
370
    25
100
AcDbSpline
210
0.0
220
0.0
230
1.0
 70
     8
 71
     3
 72
    21
 73
    17
 74
     0
 42
0.00000001
 43
0.00000001
 40
0.0
 40
0.0
 40
0.0
 40
0.0
 40
0.1313602991794574
 40
0.1945015164287709
 40
0.256431518067861
 40
0.3176028927083352
 40
0.3786284196027184
 40
0.4404806721564712
 40
0.5042957142746884
 40
0.5681107563929055
 40
0.6299630089466585
 40
0.6904753005359108
 40
0.751360484905979
 40
0.8114026619125944
 40
0.8728008672444879
 40
1.0
 40
1.0
 40
1.0
 40
1.0
 10
943.744835640309
 20
-363.9362688357123
 30
0.0
 10
943.796225126491
 20
-363.935918737159
 30
0.0
 10
943.8725196249056
 20
-363.9301793275738
 30
0.0
 10
943.9705118274287
 20
-363.9075278322953
 30
0.0
 10
944.0394747050478
 20
-363.8834794961593
 30
0.0
 10
944.1050017101219
 20
-363.8532089139052
 30
0.0
 10
944.167240488101
 20
-363.8166359743894
 30
0.0
 10
944.2257466342331
 20
-363.772611639344
 30
0.0
 10
944.280592151476
 20
-363.7225259958607
 30
0.0
 10
944.3306834263823
 20
-363.6676870144757
 30
0.0
 10
944.3745587038222
 20
-363.609311064879
 30
0.0
 10
944.4111051699483
 20
-363.547474909191
 30
0.0
 10
944.4422944955653
 20
-363.4835156158069
 30
0.0
 10
944.4653698485793
 20
-363.4158216472218
 30
0.0
 10
944.4883649153521
 20
-363.3210889418343
 30
0.0
 10
944.4938629367584
 20
-363.2470144067116
 30
0.0
 10
944.4943348390269
 20
-363.1972864639174
 30
0.0
  0
SPLINE
  5
12C
330
1F
100
AcDbEntity
  8
0
  6
Continuous
 62
     7
370
    25
100
AcDbSpline
210
0.0
220
0.0
230
1.0
 70
     8
 71
     3
 72
     9
 73
     5
 74
     0
 42
0.00000001
 43
0.00000001
 40
0.0
 40
0.0
 40
0.0
 40
0.0
 40
0.5047649745423438
 40
1.0
 40
1.0
 40
1.0
 40
1.0
 10
944.4943348390269
 20
-363.1972864639174
 30
0.0
 10
944.493333834175
 20
-363.1270425379411
 30
0.0
 10
944.4772752158717
 20
-362.9860391498938
 30
0.0
 10
944.4131983635729
 20
-362.8593880031618
 30
0.0
 10
944.3751441338987
 20
-362.8018537716097
 30
0.0
  0
SPLINE
  5
12D
330
1F
100
AcDbEntity
  8
0
  6
Continuous
 62
     7
370
    25
100
AcDbSpline
210
0.0
220
0.0
230
1.0
 70
     8
 71
     3
 72
    13
 73
     9
 74
     0
 42
0.00000001
 43
0.00000001
 40
0.0
 40
0.0
 40
0.0
 40
0.0
 40
0.1954188198467784
 40
0.3058478904170527
 40
0.4251239275883471
 40
0.5537868414038525
 40
0.6928854083944321
 40
1.0
 40
1.0
 40
1.0
 40
1.0
 10
944.3751441338987
 20
-362.8018537716097
 30
0.0
 10
944.3529795013186
 20
-362.7705574278328
 30
0.0
 10
944.3138436352766
 20
-362.7247486661098
 30
0.0
 10
944.2521481182171
 20
-362.6685463806601
 30
0.0
 10
944.1982295378946
 20
-362.623376130346
 30
0.0
 10
944.1367646123713
 20
-362.5787188434099
 30
0.0
 10
944.0430803263757
 20
-362.5158878308169
 30
0.0
 10
943.9672270433925
 20
-362.4720095616532
 30
0.0
 10
943.9145071146679
 20
-362.4428794126354
 30
0.0
  0
SPLINE
  5
12E
330
1F
100
AcDbEntity
  8
0
  6
Continuous
 62
     7
370
    25
100
AcDbSpline
210
0.0
220
0.0
230
1.0
 70
     8
 71
     3
 72
    13
 73
     9
 74
     0
 42
0.00000001
 43
0.00000001
 40
0.0
 40
0.0
 40
0.0
 40
0.0
 40
0.3238790058012996
 40
0.4664315196198964
 40
0.5977832531928814
 40
0.7160176400495766
 40
0.8224401785339891
 40
1.0
 40
1.0
 40
1.0
 40
1.0
 10
943.9145071146679
 20
-362.4428794126354
 30
0.0
 10
943.871085027141
 20
-362.4202682811448
 30
0.0
 10
943.8108924801022
 20
-362.3836808738677
 30
0.0
 10
943.734045762151
 20
-362.3362696462857
 30
0.0
 10
943.6852774497303
 20
-362.3026597431839
 30
0.0
 10
943.6419909004717
 20
-362.2706908305319
 30
0.0
 10
943.5964142172999
 20
-362.2305071268087
 30
0.0
 10
943.5652051697003
 20
-362.2009721063282
 30
0.0
 10
943.5492226595397
 20
-362.1792576177636
 30
0.0
  0
SPLINE
  5
12F
330
1F
100
AcDbEntity
  8
0
  6
Continuous
 62
     7
370
    25
100
AcDbSpline
210
0.0
220
0.0
230
1.0
 70
     8
 71
     3
 72
     9
 73
     5
 74
     0
 42
0.00000001
 43
0.00000001
 40
0.0
 40
0.0
 40
0.0
 40
0.0
 40
0.5205968063940666
 40
1.0
 40
1.0
 40
1.0
 40
1.0
 10
943.5492226595397
 20
-362.1792576177636
 30
0.0
 10
943.5225324706793
 20
-362.144728565809
 30
0.0
 10
943.4780452166352
 20
-362.0716956771569
 30
0.0
 10
943.4623590728199
 20
-361.9875518368086
 30
0.0
 10
943.4622835569756
 20
-361.947186303661
 30
0.0
  0
SPLINE
  5
130
330
1F
100
AcDbEntity
  8
0
  6
Continuous
 62
     7
370
    25
100
AcDbSpline
210
0.0
220
0.0
230
1.0
 70
     8
 71
     3
 72
    13
 73
     9
 74
     0
 42
0.00000001
 43
0.00000001
 40
0.0
 40
0.0
 40
0.0
 40
0.0
 40
0.2489716711489945
 40
0.3714961336333642
 40
0.501489158822711
 40
0.6308339704139467
 40
0.7540993713936658
 40
1.0
 40
1.0
 40
1.0
 40
1.0
 10
943.4622835569756
 20
-361.947186303661
 30
0.0
 10
943.4624070491606
 20
-361.9032416515133
 30
0.0
 10
943.4742394641032
 20
-361.8372366315393
 30
0.0
 10
943.5159270295334
 20
-361.758382771812
 30
0.0
 10
943.5583641342582
 20
-361.7056022278493
 30
0.0
 10
943.6085364415407
 20
-361.6597002796113
 30
0.0
 10
943.6858590896777
 20
-361.6161337613078
 30
0.0
 10
943.750965509849
 20
-361.6020407591988
 30
0.0
 10
943.7946152877449
 20
-361.602935502379
 30
0.0
  0
SPLINE
  5
131
330
1F
100
AcDbEntity
  8
0
  6
Continuous
 62
     7
370
    25
100
AcDbSpline
210
0.0
220
0.0
230
1.0
 70
     8
 71
     3
 72
    13
 73
     9
 74
     0
 42
0.00000001
 43
0.00000001
 40
0.0
 40
0.0
 40
0.0
 40
0.0
 40
0.2066658703703809
 40
0.3164748855849824
 40
0.4340367728953255
 40
0.5586910361120172
 40
0.6949644946417091
 40
1.0
 40
1.0
 40
1.0
 40
1.0
 10
943.7946152877449
 20
-361.602935502379
 30
0.0
 10
943.8314301614442
 20
-361.6029682681913
 30
0.0
 10
943.8876506731795
 20
-361.6120763705993
 30
0.0
 10
943.9597135812094
 20
-361.6403219974917
 30
0.0
 10
944.0151750015259
 20
-361.6697265479965
 30
0.0
 10
944.0702136251224
 20
-361.7086983668728
 30
0.0
 10
944.1480357000306
 20
-361.7726930174689
 30
0.0
 10
944.2015046976736
 20
-361.8306372451956
 30
0.0
 10
944.2363220185141
 20
-361.8721662716097
 30
0.0
  0
SPLINE
  5
133
330
1F
100
AcDbEntity
  8
0
  6
Continuous
 62
     7
370
    25
100
AcDbSpline
210
0.0
220
0.0
230
1.0
 70
     8
 71
     3
 72
    13
 73
     9
 74
     0
 42
0.00000001
 43
0.00000001
 40
0.0
 40
0.0
 40
0.0
 40
0.0
 40
0.2972877955187608
 40
0.4309389201448507
 40
0.5555483284431766
 40
0.6738732699264969
 40
0.7865883873610569
 40
1.0
 40
1.0
 40
1.0
 40
1.0
 10
944.449463044155
 20
-361.6527151498149
 30
0.0
 10
944.3988549873468
 20
-361.5954205816525
 30
0.0
 10
944.3189123426621
 20
-361.518205364123
 30
0.0
 10
944.2054056553983
 20
-361.4313276607077
 30
0.0
 10
944.1236172047622
 20
-361.3792258841776
 30
0.0
 10
944.0412884492596
 20
-361.3390479611191
 30
0.0
 10
943.9333933394944
 20
-361.3005773950669
 30
0.0
 10
943.849510579797
 20
-361.2888861268016
 30
0.0
 10
943.7946152877449
 20
-361.2888329382764
 30
0.0
  0
SPLINE
  5
134
330
1F
100
AcDbEntity
  8
0
  6
Continuous
 62
     7
370
    25
100
AcDbSpline
210
0.0
220
0.0
230
1.0
 70
     8
 71
     3
 72
    21
 73
    17
 74
     0
 42
0.00000001
 43
0.00000001
 40
0.0
 40
0.0
 40
0.0
 40
0.0
 40
0.1276691474530446
 40
0.1889505232706495
 40
0.2490548673082986
 40
0.3090713134763228
 40
0.3692223593686811
 40
0.4301747620269755
 40
0.4926019887960028
 40
0.5553468768935761
 40
0.61696276152048
 40
0.6781707771923325
 40
0.7392465225515077
 40
0.8016089422160173
 40
0.8655244124565199
 40
1.0
 40
1.0
 40
1.0
 40
1.0
 10
941.2544510249243
 20
-363.6221662716098
 30
0.0
 10
941.1914398705401
 20
-363.6225159559129
 30
0.0
 10
941.0983116196476
 20
-363.6137969912513
 30
0.0
 10
940.978329554575
 20
-363.5867305312706
 30
0.0
 10
940.8935572795151
 20
-363.5576594601935
 30
0.0
 10
940.8126593268419
 20
-363.5204701980022
 30
0.0
 10
940.7357657246191
 20
-363.4746671232626
 30
0.0
 10
940.6634829953055
 20
-363.4200146587468
 30
0.0
 10
940.5947758653326
 20
-363.3589540867758
 30
0.0
 10
940.5330502865264
 20
-363.2903869002324
 30
0.0
 10
940.477710293409
 20
-363.2173489749866
 30
0.0
 10
940.4313261969716
 20
-363.1391869666081
 30
0.0
 10
940.3934532824637
 20
-363.0562567195684
 30
0.0
 10
940.362207517512
 20
-362.9691741398208
 30
0.0
 10
940.3319269868393
 20
-362.8439608485724
 30
0.0
 10
940.3230466404194
 20
-362.7461045903111
 30
0.0
 10
940.3212579159499
 20
-362.679858579302
 30
0.0
  0
SPLINE
  5
136
330
1F
100
AcDbEntity
  8
0
  6
Continuous
 62
     7
370
    25
100
AcDbSpline
210
0.0
220
0.0
230
1.0
 70
     8
 71
     3
 72
    13
 73
     9
 74
     0
 42
0.00000001
 43
0.00000001
 40
0.0
 40
0.0
 40
0.0
 40
0.0
 40
0.2703816178319514
 40
0.3984601291783173
 40
0.5227503451014307
 40
0.6438255660090922
 40
0.7637452368382738
 40
1.0
 40
1.0
 40
1.0
 40
1.0
 10
942.6097194544116
 20
-362.679858579302
 30
0.0
 10
942.6081299897573
 20
-362.5945989378187
 30
0.0
 10
942.6007689562549
 20
-362.4686165984597
 30
0.0
 10
942.5701674728303
 20
-362.3062604800095
 30
0.0
 10
942.5391573397698
 20
-362.1924341293746
 30
0.0
 10
942.5007805621007
 20
-362.0835523955816
 30
0.0
 10
942.4371697941064
 20
-361.9467663736909
 30
0.0
 10
942.3772607537203
 20
-361.8511272103438
 30
0.0
 10
942.3313741018474
 20
-361.7922383869944
 30
0.0
  0
SPLINE
  5
137
330
1F
100
AcDbEntity
  8
0
  6
Continuous
 62
     7
370
    25
100
AcDbSpline
210
0.0
220
0.0
230
1.0
 70
     8
 71
     3
 72
    13
 73
     9
 74
     0
 42
0.00000001
 43
0.00000001
 40
0.0
 40
0.0
 40
0.0
 40
0.0
 40
0.2552573681410196
 40
0.3772478104725422
 40
0.4977415562850509
 40
0.6181201760750474
 40
0.7409671592206343
 40
1.0
 40
1.0
 40
1.0
 40
1.0
 10
942.3313741018474
 20
-361.7922383869944
 30
0.0
 10
942.2699869581544
 20
-361.7115782743951
 30
0.0
 10
942.1665440440157
 20
-361.6019385839733
 30
0.0
 10
942.0082688682236
 20
-361.482867798672
 30
0.0
 10
941.8825993566479
 20
-361.4116560519644
 30
0.0
 10
941.748755011141
 20
-361.3565704204749
 30
0.0
 10
941.5561619479888
 20
-361.3032811703157
 30
0.0
 10
941.404253687261
 20
-361.2884009646949
 30
0.0
 10
941.3014261851806
 20
-361.2888329382765
 30
0.0
  0
SPLINE
  5
138
330
1F
100
AcDbEntity
  8
0
  6
Continuous
 62
     7
370
    25
100
AcDbSpline
210
0.0
220
0.0
230
1.0
 70
     8
 71
     3
 72
    13
 73
     9
 74
     0
 42
0.00000001
 43
0.00000001
 40
0.0
 40
0.0
 40
0.0
 40
0.0
 40
0.2602406645595107
 40
0.3836752253642228
 40
0.504659957762295
 40
0.6253567426858619
 40
0.74641066501358
 40
1.0
 40
1.0
 40
1.0
 40
1.0
 10
941.3014261851806
 20
-361.2888329382765
 30
0.0
 10
941.2019699740641
 20
-361.2900315184627
 30
0.0
 10
941.0540941770884
 20
-361.3010603693223
 30
0.0
 10
940.8675481511171
 20
-361.3535547722104
 30
0.0
 10
940.7372067163935
 20
-361.4051873019268
 30
0.0
 10
940.6156296933622
 20
-361.4732268472914
 30
0.0
 10
940.4609675413825
 20
-361.5839893742666
 30
0.0
 10
940.3621995659765
 20
-361.6898712096364
 30
0.0
 10
940.3016265056934
 20
-361.7655957587892
 30
0.0
  0
SPLINE
  5
139
330
1F
100
AcDbEntity
  8
0
  6
Continuous
 62
     7
370
    25
100
AcDbSpline
210
0.0
220
0.0
230
1.0
 70
     8
 71
     3
 72
    13
 73
     9
 74
     0
 42
0.00000001
 43
0.00000001
 40
0.0
 40
0.0
 40
0.0
 40
0.0
 40
0.2534216680665436
 40
0.3767041167575583
 40
0.4994491585175254
 40
0.6225715734187249
 40
0.7462320999755404
 40
1.0
 40
1.0
 40
1.0
 40
1.0
 10
940.3016265056934
 20
-361.7655957587892
 30
0.0
 10
940.2540752431988
 20
-361.8270875826145
 30
0.0
 10
940.1889114104703
 20
-361.9231568538951
 30
0.0
 10
940.1207386341138
 20
-362.0606678901268
 30
0.0
 10
940.0791595323925
 20
-362.1662081398447
 30
0.0
 10
940.0470120996662
 20
-362.2750958316602
 30
0.0
 10
940.0153847201086
 20
-362.4256395426193
 30
0.0
 10
940.0081086400522
 20
-362.541768402784
 30
0.0
 10
940.0071553518474
 20
-362.6195621049431
 30
0.0
  0
SPLINE
  5
13A
330
1F
100
AcDbEntity
  8
0
  6
Continuous
 62
     7
370
    25
100
AcDbSpline
210
0.0
220
0.0
230
1.0
 70
     8
 71
     3
 72
    21
 73
    17
 74
     0
 42
0.00000001
 43
0.00000001
 40
0.0
 40
0.0
 40
0.0
 40
0.0
 40
0.121080424500603
 40
0.1800682782218682
 40
0.2391896643238645
 40
0.2987059533012385
 40
0.358881078507222
 40
0.4203687292950734
 40
0.4834483096802268
 40
0.5465664849029388
 40
0.6086986022254219
 40
0.6701862530132509
 40
0.7318650366033101
 40
0.7952033026033143
 40
0.860370775307141
 40
1.0
 40
1.0
 40
1.0
 40
1.0
 10
940.0071553518474
 20
-362.6195621049431
 30
0.0
 10
940.0080700790847
 20
-362.7025847452931
 30
0.0
 10
940.016849703384
 20
-362.8264365522811
 30
0.0
 10
940.0529309876567
 20
-362.9868836965105
 30
0.0
 10
940.0913063845707
 20
-363.1027460719947
 30
0.0
 10
940.1388669644176
 20
-363.2160170057062
 30
0.0
 10
940.1973222231168
 20
-363.3259801219068
 30
0.0
 10
940.2672486423044
 20
-363.4319360231863
 30
0.0
 10
940.3464923613191
 20
-363.5336180261588
 30
0.0
 10
940.4345166068434
 20
-363.6286342694817
 30
0.0
 10
940.5333361516498
 20
-363.7107672651418
 30
0.0
 10
940.6398368963461
 20
-363.7807240135912
 30
0.0
 10
940.7545795748489
 20
-363.8381616406795
 30
0.0
 10
940.877789627073
 20
-363.882087314466
 30
0.0
 10
941.0570214701041
 20
-363.9252336697695
 30
0.0
 10
941.1979431654428
 20
-363.936229952811
 30
0.0
 10
941.2937138454371
 20
-363.9362688357123
 30
0.0
  0
SPLINE
  5
13B
330
1F
100
AcDbEntity
  8
0
  6
Continuous
 62
     7
370
    25
100
AcDbSpline
210
0.0
220
0.0
230
1.0
 70
     8
 71
     3
 72
    17
 73
    13
 74
     0
 42
0.00000001
 43
0.00000001
 40
0.0
 40
0.0
 40
0.0
 40
0.0
 40
0.1781058515637836
 40
0.2613277635121473
 40
0.3415565694705516
 40
0.4200079090126556
 40
0.4980968161626211
 40
0.5754001382821353
 40
0.6536452159657022
 40
0.7341257729573951
 40
0.8183392339289856
 40
1.0
 40
1.0
 40
1.0
 40
1.0
 10
941.2937138454371
 20
-363.9362688357123
 30
0.0
 10
941.3800076371948
 20
-363.9362576755379
 30
0.0
 10
941.5068841189648
 20
-363.9276034545062
 30
0.0
 10
941.6692673915409
 20
-363.8942777563789
 30
0.0
 10
941.7815660410828
 20
-363.8598995216016
 30
0.0
 10
941.8874158575096
 20
-363.8151388299042
 30
0.0
 10
941.987705173025
 20
-363.7620227478785
 30
0.0
 10
942.0824357600364
 20
-363.6996832309032
 30
0.0
 10
942.1721133660649
 20
-363.6284362814281
 30
0.0
 10
942.2571863588067
 20
-363.5466898632463
 30
0.0
 10
942.364132242915
 20
-363.4169277085257
 30
0.0
 10
942.4336032336747
 20
-363.3079318228025
 30
0.0
 10
942.475104069796
 20
-363.2302391882765
 30
0.0
  0
SPLINE
  5
13D
330
1F
100
AcDbEntity
  8
0
  6
Continuous
 62
     7
370
    25
100
AcDbSpline
210
0.0
220
0.0
230
1.0
 70
     8
 71
     3
 72
    17
 73
    13
 74
     0
 42
0.00000001
 43
0.00000001
 40
0.0
 40
0.0
 40
0.0
 40
0.0
 40
0.2079350339033377
 40
0.2946939715679042
 40
0.3697315241424105
 40
0.4408309438027129
 40
0.5142509140460615
 40
0.591390039089651
 40
0.6722743046458488
 40
0.7543412603705324
 40
0.8361211059014737
 40
1.0
 40
1.0
 40
1.0
 40
1.0
 10
942.196057595437
 20
-363.0837047331483
 30
0.0
 10
942.1535328694342
 20
-363.1502522170513
 30
0.0
 10
942.0864170997637
 20
-363.2398826825028
 30
0.0
 10
941.9929193107636
 20
-363.3447016141319
 30
0.0
 10
941.9268674709296
 20
-363.4037229392649
 30
0.0
 10
941.8587458520417
 20
-363.4519292970339
 30
0.0
 10
941.7858669080562
 20
-363.4940804390965
 30
0.0
 10
941.7066210097253
 20
-363.5321809515818
 30
0.0
 10
941.6210501979741
 20
-363.5637661822684
 30
0.0
 10
941.5317894547105
 20
-363.5896244590589
 30
0.0
 10
941.4099411612381
 20
-363.6151440410853
 30
0.0
 10
941.3166449288643
 20
-363.6224671023589
 30
0.0
 10
941.2544510249243
 20
-363.6221662716098
 30
0.0
  0
SPLINE
  5
140
330
1F
100
AcDbEntity
  8
0
  6
Continuous
 62
     7
370
    25
100
AcDbSpline
210
0.0
220
0.0
230
1.0
 70
     8
 71
     3
 72
    13
 73
     9
 74
     0
 42
0.00000001
 43
0.00000001
 40
0.0
 40
0.0
 40
0.0
 40
0.0
 40
0.3437621914217489
 40
0.4918338323010921
 40
0.6241090704108261
 40
0.7413996050399378
 40
0.8430618504426804
 40
1.0
 40
1.0
 40
1.0
 40
1.0
 10
938.8853604800527
 20
-363.0318217203277
 30
0.0
 10
938.8848140228744
 20
-362.9308410588683
 30
0.0
 10
938.8870370942844
 20
-362.7863944487585
 30
0.0
 10
938.8923113731735
 20
-362.6031388713377
 30
0.0
 10
938.898864524316
 20
-362.4865231354948
 30
0.0
 10
938.9060126905416
 20
-362.3835865114712
 30
0.0
 10
938.9182364507126
 20
-362.2738471291904
 30
0.0
 10
938.9297004044275
 20
-362.1986750667032
 30
0.0
 10
938.9414502236423
 20
-362.1540172331483
 30
0.0
  0
SPLINE
  5
141
330
1F
100
AcDbEntity
  8
0
  6
Continuous
 62
     7
370
    25
100
AcDbSpline
210
0.0
220
0.0
230
1.0
 70
     8
 71
     3
 72
    17
 73
    13
 74
     0
 42
0.00000001
 43
0.00000001
 40
0.0
 40
0.0
 40
0.0
 40
0.0
 40
0.1717166158284705
 40
0.2506679767740999
 40
0.3258823275094181
 40
0.3968812716964643
 40
0.463574840653608
 40
0.528069748948789
 40
0.5896876632767543
 40
0.7048093833749057
 40
0.8086618718637408
 40
1.0
 40
1.0
 40
1.0
 40
1.0
 10
938.9414502236423
 20
-362.1540172331483
 30
0.0
 10
938.9533733710009
 20
-362.1095458189429
 30
0.0
 10
938.9728947583441
 20
-362.0450679391423
 30
0.0
 10
939.0057461981685
 20
-361.9640130939748
 30
0.0
 10
939.0314051307323
 20
-361.9092816486511
 30
0.0
 10
939.0595771699576
 20
-361.8595525731942
 30
0.0
 10
939.0890594466584
 20
-361.8139730546273
 30
0.0
 10
939.1211998734501
 20
-361.773327466996
 30
0.0
 10
939.1662416823933
 20
-361.7267669340837
 30
0.0
 10
939.2244161374906
 20
-361.6785819751679
 30
0.0
 10
939.3193592495119
 20
-361.6217466618901
 30
0.0
 10
939.3982385000348
 20
-361.6028689795058
 30
0.0
 10
939.4497635249243
 20
-361.6029355023791
 30
0.0
  0
SPLINE
  5
142
330
1F
100
AcDbEntity
  8
0
  6
Continuous
 62
     7
370
    25
100
AcDbSpline
210
0.0
220
0.0
230
1.0
 70
     8
 71
     3
 72
     9
 73
     5
 74
     0
 42
0.00000001
 43
0.00000001
 40
0.0
 40
0.0
 40
0.0
 40
0.0
 40
0.4397700551122201
 40
1.0
 40
1.0
 40
1.0
 40
1.0
 10
939.4497635249243
 20
-361.6029355023791
 30
0.0
 10
939.474447564749
 20
-361.603257891083
 30
0.0
 10
939.5302347199598
 20
-361.6125824465671
 30
0.0
 10
939.5817073781773
 20
-361.6358380851851
 30
0.0
 10
939.6103204159499
 20
-361.6485084190456
 30
0.0
  0
SPLINE
  5
144
330
1F
100
AcDbEntity
  8
0
  6
Continuous
 62
     7
370
    25
100
AcDbSpline
210
0.0
220
0.0
230
1.0
 70
     8
 71
     3
 72
     9
 73
     5
 74
     0
 42
0.00000001
 43
0.00000001
 40
0.0
 40
0.0
 40
0.0
 40
0.0
 40
0.5364768048236828
 40
1.0
 40
1.0
 40
1.0
 40
1.0
 10
939.7827963774882
 20
-361.3764731626354
 30
0.0
 10
939.7384552724294
 20
-361.349613271859
 30
0.0
 10
939.6508021607128
 20
-361.3060753603799
 30
0.0
 10
939.5543353304087
 20
-361.2891823591636
 30
0.0
 10
939.5093588774885
 20
-361.2888329382765
 30
0.0
  0
SPLINE
  5
145
330
1F
100
AcDbEntity
  8
0
  6
Continuous
 62
     7
370
    25
100
AcDbSpline
210
0.0
220
0.0
230
1.0
 70
     8
 71
     3
 72
    13
 73
     9
 74
     0
 42
0.00000001
 43
0.00000001
 40
0.0
 40
0.0
 40
0.0
 40
0.0
 40
0.2138863655718711
 40
0.3246827750472978
 40
0.4394585447448387
 40
0.5616334858697982
 40
0.6938876172598847
 40
1.0
 40
1.0
 40
1.0
 40
1.0
 10
939.5093588774884
 20
-361.2888329382764
 30
0.0
 10
939.4532784847186
 20
-361.2892219548489
 30
0.0
 10
939.3677198898247
 20
-361.3010686053403
 30
0.0
 10
939.26014659747
 20
-361.3437458140771
 30
0.0
 10
939.1797655668631
 20
-361.3875061533766
 30
0.0
 10
939.1021297039138
 20
-361.446034432742
 30
0.0
 10
938.9963328104923
 20
-361.5487254937325
 30
0.0
 10
938.9283806081586
 20
-361.6424931782815
 30
0.0
 10
938.8853604800526
 20
-361.7102071369944
 30
0.0
  0
SPLINE
  5
14B
330
1F
100
AcDbEntity
  8
0
  6
Continuous
 62
     7
370
    25
100
AcDbSpline
210
0.0
220
0.0
230
1.0
 70
     8
 71
     3
 72
    13
 73
     9
 74
     0
 42
0.00000001
 43
0.00000001
 40
0.0
 40
0.0
 40
0.0
 40
0.0
 40
0.2620026798763579
 40
0.386599012001377
 40
0.5078842295733232
 40
0.6287697964346934
 40
0.7494522178423584
 40
1.0
 40
1.0
 40
1.0
 40
1.0
 10
935.6545912492836
 20
-363.4279555344303
 30
0.0
 10
935.7221325785915
 20
-363.5080948105526
 30
0.0
 10
935.8311651862837
 20
-363.6192801770504
 30
0.0
 10
935.9962282452751
 20
-363.7387802837713
 30
0.0
 10
936.1243605767877
 20
-363.8110822738835
 30
0.0
 10
936.2585620980212
 20
-363.8677002425576
 30
0.0
 10
936.4488864774655
 20
-363.9202655553449
 30
0.0
 10
936.5973902719345
 20
-363.9374287485919
 30
0.0
 10
936.6978604800529
 20
-363.9362688357124
 30
0.0
  0
SPLINE
  5
14C
330
1F
100
AcDbEntity
  8
0
  6
Continuous
 62
     7
370
    25
100
AcDbSpline
210
0.0
220
0.0
230
1.0
 70
     8
 71
     3
 72
    21
 73
    17
 74
     0
 42
0.00000001
 43
0.00000001
 40
0.0
 40
0.0
 40
0.0
 40
0.0
 40
0.127700239069873
 40
0.1892398000966456
 40
0.2501349882872953
 40
0.3108427100868577
 40
0.3724720907317004
 40
0.4350506334534658
 40
0.4996544386258829
 40
0.5642374836643689
 40
0.6267499200713575
 40
0.6882667786363552
 40
0.7494201652676045
 40
0.8104262745821174
 40
0.8719658356088775
 40
1.0
 40
1.0
 40
1.0
 40
1.0
 10
936.6978604800529
 20
-363.9362688357124
 30
0.0
 10
936.7871080909296
 20
-363.9359461189047
 30
0.0
 10
936.9196368975666
 20
-363.924641926634
 30
0.0
 10
937.0899240244352
 20
-363.8836911416616
 30
0.0
 10
937.2111986121919
 20
-363.8418407598802
 30
0.0
 10
937.3268710588276
 20
-363.7862466385443
 30
0.0
 10
937.4379299122829
 20
-363.7197083036816
 30
0.0
 10
937.5438074060655
 20
-363.6404693976741
 30
0.0
 10
937.6428604009428
 20
-363.5498703162602
 30
0.0
 10
937.7341612900175
 20
-363.4515173569942
 30
0.0
 10
937.8140486206046
 20
-363.3463236580502
 30
0.0
 10
937.8817500348763
 20
-363.2357173013555
 30
0.0
 10
937.9374031524424
 20
-363.119733490135
 30
0.0
 10
937.98041795646
 20
-362.9984568269853
 30
0.0
 10
938.0210723253933
 20
-362.8277361235699
 30
0.0
 10
938.0325931381635
 20
-362.6950489192694
 30
0.0
 10
938.0327963774887
 20
-362.6055396690458
 30
0.0
  0
SPLINE
  5
14D
330
1F
100
AcDbEntity
  8
0
  6
Continuous
 62
     7
370
    25
100
AcDbSpline
210
0.0
220
0.0
230
1.0
 70
     8
 71
     3
 72
    21
 73
    17
 74
     0
 42
0.00000001
 43
0.00000001
 40
0.0
 40
0.0
 40
0.0
 40
0.0
 40
0.1260146004816602
 40
0.1868089060952302
 40
0.2474478502843959
 40
0.307846495991709
 40
0.3691210183050231
 40
0.4319903131536051
 40
0.4967149000659632
 40
0.5615019172671285
 40
0.624772720766594
 40
0.686553724353621
 40
0.7478749627319001
 40
0.8093470980883305
 40
0.8713639494369305
 40
1.0
 40
1.0
 40
1.0
 40
1.0
 10
938.0327963774887
 20
-362.6055396690458
 30
0.0
 10
938.0322833027755
 20
-362.5177190509894
 30
0.0
 10
938.0215384087354
 20
-362.3871128651626
 30
0.0
 10
937.9795641746744
 20
-362.2193673862953
 30
0.0
 10
937.9359947856808
 20
-362.1000497853505
 30
0.0
 10
937.8803140704184
 20
-361.9854572583077
 30
0.0
 10
937.811445007781
 20
-361.8764947874387
 30
0.0
 10
937.731598038125
 20
-361.7714724631223
 30
0.0
 10
937.639276887493
 20
-361.6738441564008
 30
0.0
 10
937.539360648617
 20
-361.5836121875518
 30
0.0
 10
937.4324470745229
 20
-361.5052053298813
 30
0.0
 10
937.321225093335
 20
-361.4374907104474
 30
0.0
 10
937.2039615766045
 20
-361.3838263236051
 30
0.0
 10
937.0823952182283
 20
-361.3404588198864
 30
0.0
 10
936.9109611242208
 20
-361.2996907992896
 30
0.0
 10
936.7776775056013
 20
-361.2897310605099
 30
0.0
 10
936.6880447749246
 20
-361.2888329382765
 30
0.0
  0
SPLINE
  5
14E
330
1F
100
AcDbEntity
  8
0
  6
Continuous
 62
     7
370
    25
100
AcDbSpline
210
0.0
220
0.0
230
1.0
 70
     8
 71
     3
 72
    13
 73
     9
 74
     0
 42
0.00000001
 43
0.00000001
 40
0.0
 40
0.0
 40
0.0
 40
0.0
 40
0.2538522779533861
 40
0.3748219688612678
 40
0.4942293474545266
 40
0.6139389177356287
 40
0.7369553172388554
 40
1.0
 40
1.0
 40
1.0
 40
1.0
 10
936.6880447749246
 20
-361.2888329382765
 30
0.0
 10
936.5863241113786
 20
-361.2891543852546
 30
0.0
 10
936.4352463927378
 20
-361.3022051541711
 30
0.0
 10
936.2440112326682
 20
-361.3563543556735
 30
0.0
 10
936.1095780257082
 20
-361.4101181127971
 30
0.0
 10
935.9824622553626
 20
-361.481547677297
 30
0.0
 10
935.8211841767403
 20
-361.6057189180771
 30
0.0
 10
935.7167564846264
 20
-361.72165249693
 30
0.0
 10
935.6545912492836
 20
-361.8069619446867
 30
0.0
  0
SPLINE
  5
154
330
1F
100
AcDbEntity
  8
0
  6
Continuous
 62
     7
370
    25
100
AcDbSpline
210
0.0
220
0.0
230
1.0
 70
     8
 71
     3
 72
    21
 73
    17
 74
     0
 42
0.00000001
 43
0.00000001
 40
0.0
 40
0.0
 40
0.0
 40
0.0
 40
0.13451499429769
 40
0.1951193525407181
 40
0.2509143402908904
 40
0.3026968495153343
 40
0.3502960464810172
 40
0.3933858467586757
 40
0.4329734110072907
 40
0.5070892430766365
 40
0.5787491638444588
 40
0.65022802244512
 40
0.7224618180302953
 40
0.7938856428546814
 40
0.8631290414909325
 40
1.0
 40
1.0
 40
1.0
 40
1.0
 10
931.122539967232
 20
-362.8151750857124
 30
0.0
 10
931.1215441119441
 20
-362.7407613047064
 30
0.0
 10
931.126278801347
 20
-362.633022061258
 30
0.0
 10
931.134471840726
 20
-362.4944950132898
 30
0.0
 10
931.1465320589635
 20
-362.4022732620855
 30
0.0
 10
931.1590508938309
 20
-362.3173863087685
 30
0.0
 10
931.1758893838927
 20
-362.2403860193709
 30
0.0
 10
931.1954849810007
 20
-362.1710350938191
 30
0.0
 10
931.2249833803489
 20
-362.089461757813
 30
0.0
 10
931.2707152334525
 20
-361.9972976489071
 30
0.0
 10
931.3396577297923
 20
-361.898446995247
 30
0.0
 10
931.4216660695332
 20
-361.8115380757741
 30
0.0
 10
931.5153399553845
 20
-361.7376165637532
 30
0.0
 10
931.6172956128624
 20
-361.6780389021887
 30
0.0
 10
931.7601198290929
 20
-361.6205018743707
 30
0.0
 10
931.8740557619898
 20
-361.6023029892101
 30
0.0
 10
931.9498636851807
 20
-361.6029355023791
 30
0.0
  0
SPLINE
  5
155
330
1F
100
AcDbEntity
  8
0
  6
Continuous
 62
     7
370
    25
100
AcDbSpline
210
0.0
220
0.0
230
1.0
 70
     8
 71
     3
 72
    21
 73
    17
 74
     0
 42
0.00000001
 43
0.00000001
 40
0.0
 40
0.0
 40
0.0
 40
0.0
 40
0.1413526962021414
 40
0.2082288969497967
 40
0.2736894576468337
 40
0.338051765975512
 40
0.400922098274529
 40
0.4636163844951686
 40
0.5278777255385176
 40
0.5636262148099223
 40
0.6061036626598908
 40
0.6545011613018769
 40
0.7100543472033432
 40
0.7722619378848266
 40
0.8412211450824335
 40
1.0
 40
1.0
 40
1.0
 40
1.0
 10
931.9498636851807
 20
-361.6029355023791
 30
0.0
 10
932.0125328027468
 20
-361.6034626691612
 30
0.0
 10
932.1058909527553
 20
-361.6133139210853
 30
0.0
 10
932.2202694521814
 20
-361.6566027952474
 30
0.0
 10
932.2962712397245
 20
-361.7005102694842
 30
0.0
 10
932.3638431298667
 20
-361.7536778749712
 30
0.0
 10
932.4214504464848
 20
-361.815943666896
 30
0.0
 10
932.4676387781196
 20
-361.8870853055481
 30
0.0
 10
932.49635323227
 20
-361.9538060747309
 30
0.0
 10
932.5151431113836
 20
-362.0143694825437
 30
0.0
 10
932.5264917539239
 20
-362.0695862297127
 30
0.0
 10
932.5361013650329
 20
-362.1339809795838
 30
0.0
 10
932.5445622322337
 20
-362.2073923538933
 30
0.0
 10
932.5504397278186
 20
-362.290213613138
 30
0.0
 10
932.5575689164247
 20
-362.4189345151668
 30
0.0
 10
932.5584936191431
 20
-362.520235877194
 30
0.0
 10
932.5584374031295
 20
-362.5908161113534
 30
0.0
  0
SPLINE
  5
159
330
1F
100
AcDbEntity
  8
0
  6
Continuous
 62
     7
370
    25
100
AcDbSpline
210
0.0
220
0.0
230
1.0
 70
     8
 71
     3
 72
    21
 73
    17
 74
     0
 42
0.00000001
 43
0.00000001
 40
0.0
 40
0.0
 40
0.0
 40
0.0
 40
0.1456749912579717
 40
0.2101933844674917
 40
0.2691971886348717
 40
0.3228467966362032
 40
0.3711350468222088
 40
0.4143602045760985
 40
0.4526539356928919
 40
0.5231868047418489
 40
0.5919172609462584
 40
0.6599757056394996
 40
0.7292117337225017
 40
0.7981350023963578
 40
0.8652933977975924
 40
1.0
 40
1.0
 40
1.0
 40
1.0
 10
932.8725399672321
 20
-362.8965052139175
 30
0.0
 10
932.8730197914714
 20
-362.8119144510091
 30
0.0
 10
932.873976683061
 20
-362.689685091994
 30
0.0
 10
932.8853418333763
 20
-362.533697302813
 30
0.0
 10
932.8943287233948
 20
-362.4311276729782
 30
0.0
 10
932.9080994471453
 20
-362.3386200557687
 30
0.0
 10
932.9227827939168
 20
-362.2555385122913
 30
0.0
 10
932.9416597201964
 20
-362.1824411492822
 30
0.0
 10
932.9702490166642
 20
-362.098771643012
 30
0.0
 10
933.0155030079018
 20
-362.0056253753004
 30
0.0
 10
933.0823351368183
 20
-361.9049937082186
 30
0.0
 10
933.1632349220793
 20
-361.8160505141839
 30
0.0
 10
933.2572619286581
 20
-361.7412179478197
 30
0.0
 10
933.359479960485
 20
-361.6788749799308
 30
0.0
 10
933.5064276590756
 20
-361.6208704081683
 30
0.0
 10
933.6234298693204
 20
-361.6015894349487
 30
0.0
 10
933.7019670505654
 20
-361.6029355023791
 30
0.0
  0
SPLINE
  5
15A
330
1F
100
AcDbEntity
  8
0
  6
Continuous
 62
     7
370
    25
100
AcDbSpline
210
0.0
220
0.0
230
1.0
 70
     8
 71
     3
 72
    21
 73
    17
 74
     0
 42
0.00000001
 43
0.00000001
 40
0.0
 40
0.0
 40
0.0
 40
0.0
 40
0.1497817737882746
 40
0.2198699552839211
 40
0.2879755066202279
 40
0.3546781060271919
 40
0.4187834319376725
 40
0.4827347082469756
 40
0.5473072519464102
 40
0.5826981022599524
 40
0.6240955651677629
 40
0.6712929496345239
 40
0.7243202075485919
 40
0.7838489433400261
 40
0.8494366971205914
 40
1.0
 40
1.0
 40
1.0
 40
1.0
 10
933.7019670505654
 20
-361.6029355023791
 30
0.0
 10
933.7644730854229
 20
-361.6025349911714
 30
0.0
 10
933.8568055388175
 20
-361.6128638432429
 30
0.0
 10
933.9706604496777
 20
-361.6531049171487
 30
0.0
 10
934.0462067737278
 20
-361.6940584796869
 30
0.0
 10
934.1125674772792
 20
-361.7444871358289
 30
0.0
 10
934.170037443869
 20
-361.8025652898822
 30
0.0
 10
934.2156549598348
 20
-361.8692895685442
 30
0.0
 10
934.2456028463487
 20
-361.9311596065869
 30
0.0
 10
934.2643388295606
 20
-361.9872456792878
 30
0.0
 10
934.2756165452604
 20
-362.0378394864599
 30
0.0
 10
934.2862623116488
 20
-362.0960318964246
 30
0.0
 10
934.2945068595361
 20
-362.1622807321688
 30
0.0
 10
934.3004382362092
 20
-362.2364526088227
 30
0.0
 10
934.3075482109724
 20
-362.3513828994963
 30
0.0
 10
934.3085087395064
 20
-362.4417085073281
 30
0.0
 10
934.3084374031295
 20
-362.5045781305841
 30
0.0
  0
SPLINE
  5
15E
330
1F
100
AcDbEntity
  8
0
  6
Continuous
 62
     7
370
    25
100
AcDbSpline
210
0.0
220
0.0
230
1.0
 70
     8
 71
     3
 72
    21
 73
    17
 74
     0
 42
0.00000001
 43
0.00000001
 40
0.0
 40
0.0
 40
0.0
 40
0.0
 40
0.1311670463014748
 40
0.1902933887105355
 40
0.245061015183207
 40
0.2960272302790868
 40
0.3428447301739141
 40
0.3860527037713574
 40
0.4255709801320603
 40
0.499503480151422
 40
0.5702922612469719
 40
0.6402757819124958
 40
0.7105295546786095
 40
0.7812030014763003
 40
0.8520349845172268
 40
1.0
 40
1.0
 40
1.0
 40
1.0
 10
934.622539967232
 20
-362.5059803741739
 30
0.0
 10
934.6229298816949
 20
-362.4316173769218
 30
0.0
 10
934.6198120617842
 20
-362.3237214129051
 30
0.0
 10
934.6092866982515
 20
-362.1851766214575
 30
0.0
 10
934.5990802547535
 20
-362.0922460532304
 30
0.0
 10
934.5850961108271
 20
-362.0068557828384
 30
0.0
 10
934.5682571021312
 20
-361.9287042296942
 30
0.0
 10
934.5491957071955
 20
-361.8576979461278
 30
0.0
 10
934.518280485038
 20
-361.7743625776993
 30
0.0
 10
934.472701849792
 20
-361.6799708350595
 30
0.0
 10
934.4029313942452
 20
-361.5796272429013
 30
0.0
 10
934.3202154420059
 20
-361.4925619347969
 30
0.0
 10
934.2250542863471
 20
-361.4193695352834
 30
0.0
 10
934.1195822583894
 20
-361.3611855895377
 30
0.0
 10
933.9653348369484
 20
-361.3031671932156
 30
0.0
 10
933.8403192265938
 20
-361.2894534545332
 30
0.0
 10
933.7566545505654
 20
-361.2888329382765
 30
0.0
  0
SPLINE
  5
15F
330
1F
100
AcDbEntity
  8
0
  6
Continuous
 62
     7
370
    25
100
AcDbSpline
210
0.0
220
0.0
230
1.0
 70
     8
 71
     3
 72
    17
 73
    13
 74
     0
 42
0.00000001
 43
0.00000001
 40
0.0
 40
0.0
 40
0.0
 40
0.0
 40
0.2344384882140258
 40
0.3525851839391688
 40
0.4731673593536121
 40
0.5350581108286239
 40
0.5975237332645689
 40
0.6605170696247955
 40
0.7251603465314684
 40
0.7908841475024858
 40
0.8587744642336138
 40
1.0
 40
1.0
 40
1.0
 40
1.0
 10
933.7566545505654
 20
-361.2888329382765
 30
0.0
 10
933.6642918392689
 20
-361.288610719132
 30
0.0
 10
933.5250983472297
 20
-361.3081765706715
 30
0.0
 10
933.3505292458924
 20
-361.3753085840477
 30
0.0
 10
933.2467176839548
 20
-361.4329334234113
 30
0.0
 10
933.1669253876107
 20
-361.4872670259104
 30
0.0
 10
933.1095403497658
 20
-361.5337649464421
 30
0.0
 10
933.0544800386942
 20
-361.5845620169185
 30
0.0
 10
933.0020512216818
 20
-361.6398693269371
 30
0.0
 10
932.9520330422911
 20
-361.6998845043983
 30
0.0
 10
932.887704188016
 20
-361.7870067027685
 30
0.0
 10
932.8446759934034
 20
-361.8574083015071
 30
0.0
 10
932.8185535890269
 20
-361.9065212395585
 30
0.0
  0
SPLINE
  5
160
330
1F
100
AcDbEntity
  8
0
  6
Continuous
 62
     7
370
    25
100
AcDbSpline
210
0.0
220
0.0
230
1.0
 70
     8
 71
     3
 72
    17
 73
    13
 74
     0
 42
0.00000001
 43
0.00000001
 40
0.0
 40
0.0
 40
0.0
 40
0.0
 40
0.1978560952898856
 40
0.2832345117281707
 40
0.3600126653135575
 40
0.433844208018044
 40
0.5095057223304705
 40
0.5870428909784063
 40
0.6687538545127736
 40
0.7511636688534571
 40
0.8334676797015858
 40
1.0
 40
1.0
 40
1.0
 40
1.0
 10
932.8185535890269
 20
-361.9065212395585
 30
0.0
 10
932.7950050315393
 20
-361.8379079472776
 30
0.0
 10
932.7562015037773
 20
-361.7408583621857
 30
0.0
 10
932.6884531666582
 20
-361.6270922173942
 30
0.0
 10
932.6361996824187
 20
-361.5577520104421
 30
0.0
 10
932.578069756076
 20
-361.4980740881116
 30
0.0
 10
932.5124465775772
 20
-361.4463763193277
 30
0.0
 10
932.439357188012
 20
-361.4003284415086
 30
0.0
 10
932.3596361828007
 20
-361.3610747614184
 30
0.0
 10
932.2750236886508
 20
-361.3286939481581
 30
0.0
 10
932.15723557313
 20
-361.2973714353095
 30
0.0
 10
932.0656113811714
 20
-361.2896192917273
 30
0.0
 10
932.0045511851807
 20
-361.2888329382765
 30
0.0
  0
SPLINE
  5
161
330
1F
100
AcDbEntity
  8
0
  6
Continuous
 62
     7
370
    25
100
AcDbSpline
210
0.0
220
0.0
230
1.0
 70
     8
 71
     3
 72
     9
 73
     5
 74
     0
 42
0.00000001
 43
0.00000001
 40
0.0
 40
0.0
 40
0.0
 40
0.0
 40
0.4969648798680919
 40
1.0
 40
1.0
 40
1.0
 40
1.0
 10
932.0045511851807
 20
-361.2888329382765
 30
0.0
 10
931.9138459022348
 20
-361.2895285748641
 30
0.0
 10
931.7307123930025
 20
-361.3097259160025
 30
0.0
 10
931.558896818905
 20
-361.3764108359259
 30
0.0
 10
931.4773075954371
 20
-361.4185404703277
 30
0.0
  0
SPLINE
  5
162
330
1F
100
AcDbEntity
  8
0
  6
Continuous
 62
     7
370
    25
100
AcDbSpline
210
0.0
220
0.0
230
1.0
 70
     8
 71
     3
 72
     9
 73
     5
 74
     0
 42
0.00000001
 43
0.00000001
 40
0.0
 40
0.0
 40
0.0
 40
0.0
 40
0.4566051594239385
 40
1.0
 40
1.0
 40
1.0
 40
1.0
 10
931.4773075954372
 20
-361.4185404703278
 30
0.0
 10
931.4116211786859
 20
-361.4597607901117
 30
0.0
 10
931.2816118584076
 20
-361.5698903375872
 30
0.0
 10
931.1752254021426
 20
-361.7027679089341
 30
0.0
 10
931.122539967232
 20
-361.778215951097
 30
0.0
  0
SPLINE
  5
166
330
1F
100
AcDbEntity
  8
0
  6
Continuous
 62
     7
370
    25
100
AcDbSpline
210
0.0
220
0.0
230
1.0
 70
     8
 71
     3
 72
    13
 73
     9
 74
     0
 42
0.00000001
 43
0.00000001
 40
0.0
 40
0.0
 40
0.0
 40
0.0
 40
0.2537592050616003
 40
0.3772863205702178
 40
0.4989121128148973
 40
0.6213214040214754
 40
0.7447622750750883
 40
1.0
 40
1.0
 40
1.0
 40
1.0
 10
927.8833572749246
 20
-361.712310502379
 30
0.0
 10
927.8269439750397
 20
-361.7748214005739
 30
0.0
 10
927.7492454870976
 20
-361.8739367368211
 30
0.0
 10
927.6680902125688
 20
-362.01868968377
 30
0.0
 10
927.6185418613333
 20
-362.1304214089254
 30
0.0
 10
927.5798511455058
 20
-362.2463521051862
 30
0.0
 10
927.5428382598814
 20
-362.4088629937484
 30
0.0
 10
927.533290644238
 20
-362.5348553076098
 30
0.0
 10
927.5327963774888
 20
-362.6195621049431
 30
0.0
  0
SPLINE
  5
167
330
1F
100
AcDbEntity
  8
0
  6
Continuous
 62
     7
370
    25
100
AcDbSpline
210
0.0
220
0.0
230
1.0
 70
     8
 71
     3
 72
    21
 73
    17
 74
     0
 42
0.00000001
 43
0.00000001
 40
0.0
 40
0.0
 40
0.0
 40
0.0
 40
0.12318164834279
 40
0.1830343363247392
 40
0.2428661924761389
 40
0.302516884705936
 40
0.3633154622039154
 40
0.4250692989986414
 40
0.489042367485183
 40
0.5530871422752266
 40
0.6154454653923815
 40
0.6772864118409496
 40
0.7391749874395637
 40
0.8016758129328305
 40
0.8653648077757391
 40
1.0
 40
1.0
 40
1.0
 40
1.0
 10
927.5327963774887
 20
-362.619562104943
 30
0.0
 10
927.5322894701027
 20
-362.7051295220701
 30
0.0
 10
927.5439988171255
 20
-362.8322504150031
 30
0.0
 10
927.5826304148242
 20
-362.9966392051493
 30
0.0
 10
927.6234130443958
 20
-363.1144980273475
 30
0.0
 10
927.6757844374565
 20
-363.2283806871899
 30
0.0
 10
927.7396711569397
 20
-363.3377907907519
 30
0.0
 10
927.8155451594859
 20
-363.4429408138989
 30
0.0
 10
927.9015434897632
 20
-363.5429508231418
 30
0.0
 10
927.9966155405695
 20
-363.6350865645936
 30
0.0
 10
928.0998154672493
 20
-363.7156474287956
 30
0.0
 10
928.2096018563731
 20
-363.7842565080861
 30
0.0
 10
928.3267471246156
 20
-363.8395608181713
 30
0.0
 10
928.4499741204648
 20
-363.8833912700529
 30
0.0
 10
928.6264925984702
 20
-363.9253506504405
 30
0.0
 10
928.7645109534617
 20
-363.9358467431131
 30
0.0
 10
928.8579165697964
 20
-363.9362688357123
 30
0.0
  0
SPLINE
  5
168
330
1F
100
AcDbEntity
  8
0
  6
Continuous
 62
     7
370
    25
100
AcDbSpline
210
0.0
220
0.0
230
1.0
 70
     8
 71
     3
 72
    21
 73
    17
 74
     0
 42
0.00000001
 43
0.00000001
 40
0.0
 40
0.0
 40
0.0
 40
0.0
 40
0.1341341587220413
 40
0.1979034644236284
 40
0.2604831025120555
 40
0.322145528691675
 40
0.3837784671889301
 40
0.4462154232078634
 40
0.5103409574898055
 40
0.5743946950476084
 40
0.6362264024960808
 40
0.6971016460802575
 40
0.756827556930299
 40
0.8167348601468895
 40
0.8766630214626822
 40
1.0
 40
1.0
 40
1.0
 40
1.0
 10
928.8579165697965
 20
-363.9362688357124
 30
0.0
 10
928.950866619183
 20
-363.9359048701583
 30
0.0
 10
929.0883939160009
 20
-363.9252279859502
 30
0.0
 10
929.264449077701
 20
-363.8833761468806
 30
0.0
 10
929.3875151041685
 20
-363.8397046744012
 30
0.0
 10
929.5041588393874
 20
-363.7842582273971
 30
0.0
 10
929.6133127758425
 20
-363.7154393831013
 30
0.0
 10
929.7164289326033
 20
-363.6351103822933
 30
0.0
 10
929.811480875892
 20
-363.5429443695505
 30
0.0
 10
929.8974845974012
 20
-363.4429424766523
 30
0.0
 10
929.9733572088002
 20
-363.3377903591734
 30
0.0
 10
930.0372442896512
 20
-363.2283807996398
 30
0.0
 10
930.0896155881055
 20
-363.1144979973706
 30
0.0
 10
930.1303982429042
 20
-362.9966392131511
 30
0.0
 10
930.169029831634
 20
-362.8322504095019
 30
0.0
 10
930.1807391841974
 20
-362.7051295249115
 30
0.0
 10
930.1802322749246
 20
-362.6195621049431
 30
0.0
  0
SPLINE
  5
169
330
1F
100
AcDbEntity
  8
0
  6
Continuous
 62
     7
370
    25
100
AcDbSpline
210
0.0
220
0.0
230
1.0
 70
     8
 71
     3
 72
    13
 73
     9
 74
     0
 42
0.00000001
 43
0.00000001
 40
0.0
 40
0.0
 40
0.0
 40
0.0
 40
0.2554352550956323
 40
0.3786322712675269
 40
0.5014663143321091
 40
0.6234943774777799
 40
0.7461656372032968
 40
1.0
 40
1.0
 40
1.0
 40
1.0
 10
930.1802322749246
 20
-362.6195621049431
 30
0.0
 10
930.1797578861303
 20
-362.5346252583583
 30
0.0
 10
930.1702740774053
 20
-362.4083832954293
 30
0.0
 10
930.1330820948247
 20
-362.2454439957102
 30
0.0
 10
930.094439925375
 20
-362.1290627942869
 30
0.0
 10
930.0453358505321
 20
-362.016844288309
 30
0.0
 10
929.9630964505441
 20
-361.8724834975631
 30
0.0
 10
929.8867023872247
 20
-361.7725450573715
 30
0.0
 10
929.8296713774887
 20
-361.7102071369944
 30
0.0
  0
SPLINE
  5
16A
330
1F
100
AcDbEntity
  8
0
  6
Continuous
 62
     7
370
    25
100
AcDbSpline
210
0.0
220
0.0
230
1.0
 70
     8
 71
     3
 72
    13
 73
     9
 74
     0
 42
0.00000001
 43
0.00000001
 40
0.0
 40
0.0
 40
0.0
 40
0.0
 40
0.2531294102724517
 40
0.3753070134590729
 40
0.496195608399895
 40
0.6178660239074376
 40
0.741667649485817
 40
1.0
 40
1.0
 40
1.0
 40
1.0
 10
929.8296713774887
 20
-361.7102071369944
 30
0.0
 10
929.7675128934982
 20
-361.642270531843
 30
0.0
 10
929.665897587558
 20
-361.5495484067615
 30
0.0
 10
929.5135335899033
 20
-361.4520020757529
 30
0.0
 10
929.3951539457742
 20
-361.3912738628616
 30
0.0
 10
929.2693580321809
 20
-361.3460679506626
 30
0.0
 10
929.0912329037267
 20
-361.3014239795284
 30
0.0
 10
928.9520067311055
 20
-361.287858297679
 30
0.0
 10
928.8579165697964
 20
-361.2888329382765
 30
0.0
  0
SPLINE
  5
16B
330
1F
100
AcDbEntity
  8
0
  6
Continuous
 62
     7
370
    25
100
AcDbSpline
210
0.0
220
0.0
230
1.0
 70
     8
 71
     3
 72
    13
 73
     9
 74
     0
 42
0.00000001
 43
0.00000001
 40
0.0
 40
0.0
 40
0.0
 40
0.0
 40
0.2587123826906882
 40
0.3820894432542197
 40
0.503563573627258
 40
0.6251808674329633
 40
0.7472870144846055
 40
1.0
 40
1.0
 40
1.0
 40
1.0
 10
928.8579165697964
 20
-361.2888329382765
 30
0.0
 10
928.7633492625727
 20
-361.2879695825567
 30
0.0
 10
928.6237232988098
 20
-361.3014550039408
 30
0.0
 10
928.4448746778985
 20
-361.3458011328809
 30
0.0
 10
928.3191799968146
 20
-361.3925727833172
 30
0.0
 10
928.1994986586816
 20
-361.4521041579141
 30
0.0
 10
928.0474964320434
 20
-361.551624570282
 30
0.0
 10
927.9449759638528
 20
-361.6434656846944
 30
0.0
 10
927.8833572749246
 20
-361.712310502379
 30
0.0
  0
SPLINE
  5
16C
330
1F
100
AcDbEntity
  8
0
  6
Continuous
 62
     7
370
    25
100
AcDbSpline
210
0.0
220
0.0
230
1.0
 70
     8
 71
     3
 72
    21
 73
    17
 74
     0
 42
0.00000001
 43
0.00000001
 40
0.0
 40
0.0
 40
0.0
 40
0.0
 40
0.1331845384559964
 40
0.1965847352942921
 40
0.2587544543793653
 40
0.3203445244124393
 40
0.3817832144568587
 40
0.4437422312938935
 40
0.5072565632534002
 40
0.5705301560573304
 40
0.6317654853025101
 40
0.6922523181511648
 40
0.7519860872103633
 40
0.8120451897979074
 40
0.8729864684502309
 40
1.0
 40
1.0
 40
1.0
 40
1.0
 10
925.4672915697962
 20
-360.301653451097
 30
0.0
 10
925.3374882887846
 20
-360.3019056407161
 30
0.0
 10
925.1455960637034
 20
-360.3170221212013
 30
0.0
 10
924.8990222631322
 20
-360.371956296907
 30
0.0
 10
924.7255377054692
 20
-360.4295451926983
 30
0.0
 10
924.5610195590484
 20
-360.5045560040369
 30
0.0
 10
924.4042376849858
 20
-360.5942696105157
 30
0.0
 10
924.256918873137
 20
-360.7020768747425
 30
0.0
 10
924.1193514538329
 20
-360.8246159372397
 30
0.0
 10
923.9939042169761
 20
-360.9586307603138
 30
0.0
 10
923.8842358792157
 20
-361.1021475622899
 30
0.0
 10
923.7912136271464
 20
-361.2529886903495
 30
0.0
 10
923.7158922009434
 20
-361.4121192715983
 30
0.0
 10
923.65655576571
 20
-361.5783218792891
 30
0.0
 10
923.599708701158
 20
-361.8137627040463
 30
0.0
 10
923.5840155041815
 20
-361.9972623290736
 30
0.0
 10
923.5840784287707
 20
-362.1210645087893
 30
0.0
  0
SPLINE
  5
16D
330
1F
100
AcDbEntity
  8
0
  6
Continuous
 62
     7
370
    25
100
AcDbSpline
210
0.0
220
0.0
230
1.0
 70
     8
 71
     3
 72
    13
 73
     9
 74
     0
 42
0.00000001
 43
0.00000001
 40
0.0
 40
0.0
 40
0.0
 40
0.0
 40
0.2610424242777925
 40
0.3863862281521431
 40
0.5092661375983791
 40
0.6312202507086437
 40
0.7528439836387872
 40
1.0
 40
1.0
 40
1.0
 40
1.0
 10
923.5840784287706
 20
-362.1210645087892
 30
0.0
 10
923.5837302080309
 20
-362.2389066369214
 30
0.0
 10
923.5976690585258
 20
-362.4133050658961
 30
0.0
 10
923.6436436041658
 20
-362.6387596205554
 30
0.0
 10
923.6923395729165
 20
-362.7987973028851
 30
0.0
 10
923.7547732266256
 20
-362.9521796304031
 30
0.0
 10
923.8578774956999
 20
-363.1485350529244
 30
0.0
 10
923.955354663667
 20
-363.2843228988049
 30
0.0
 10
924.0278885249245
 20
-363.3690613036611
 30
0.0
  0
SPLINE
  5
16E
330
1F
100
AcDbEntity
  8
0
  6
Continuous
 62
     7
370
    25
100
AcDbSpline
210
0.0
220
0.0
230
1.0
 70
     8
 71
     3
 72
    21
 73
    17
 74
     0
 42
0.00000001
 43
0.00000001
 40
0.0
 40
0.0
 40
0.0
 40
0.0
 40
0.1230520034021403
 40
0.1834460947273709
 40
0.2432438057744515
 40
0.3030008157385095
 40
0.3628016564907171
 40
0.4226040620340441
 40
0.4830043508032872
 40
0.543819968340829
 40
0.6052464595528659
 40
0.6675862935227785
 40
0.7312201376706459
 40
0.7960832564821797
 40
0.862250437741735
 40
1.0
 40
1.0
 40
1.0
 40
1.0
 10
924.0278885249245
 20
-363.3690613036611
 30
0.0
 10
924.0709690241775
 20
-363.4197120508241
 30
0.0
 10
924.1399337001582
 20
-363.4911312093128
 30
0.0
 10
924.2388056747722
 20
-363.5777741477909
 30
0.0
 10
924.3153845779888
 20
-363.6377675720312
 30
0.0
 10
924.3955949851259
 20
-363.6922182783958
 30
0.0
 10
924.478222080882
 20
-363.7429012990436
 30
0.0
 10
924.5640862513966
 20
-363.7886925390127
 30
0.0
 10
924.6531458532459
 20
-363.8292088399621
 30
0.0
 10
924.7451142229685
 20
-363.8651136736874
 30
0.0
 10
924.8400694160731
 20
-363.8956633404466
 30
0.0
 10
924.937630041042
 20
-363.9229327085172
 30
0.0
 10
925.0387558675319
 20
-363.9432843004485
 30
0.0
 10
925.1425310623997
 20
-363.9604965627603
 30
0.0
 10
925.2869488987516
 20
-363.9760971524325
 30
0.0
 10
925.3970330901345
 20
-363.9820688039675
 30
0.0
 10
925.4714983005655
 20
-363.9811406305841
 30
0.0
  0
SPLINE
  5
16F
330
1F
100
AcDbEntity
  8
0
  6
Continuous
 62
     7
370
    25
100
AcDbSpline
210
0.0
220
0.0
230
1.0
 70
     8
 71
     3
 72
    21
 73
    17
 74
     0
 42
0.00000001
 43
0.00000001
 40
0.0
 40
0.0
 40
0.0
 40
0.0
 40
0.1339874043583605
 40
0.1992147171271494
 40
0.2630385433427136
 40
0.3264714696898128
 40
0.3888564113073933
 40
0.4507796159244927
 40
0.5126087700345865
 40
0.5740537960313568
 40
0.6351370790392972
 40
0.6957210834877476
 40
0.756273499489404
 40
0.8165249992682843
 40
0.8769469383651851
 40
1.0
 40
1.0
 40
1.0
 40
1.0
 10
925.4714983005654
 20
-363.9811406305841
 30
0.0
 10
925.5499601053533
 20
-363.9817107688878
 30
0.0
 10
925.6665146362727
 20
-363.9751339710517
 30
0.0
 10
925.8193306086979
 20
-363.9558184960611
 30
0.0
 10
925.9300467662064
 20
-363.9345760638192
 30
0.0
 10
926.0377081685797
 20
-363.907316576286
 30
0.0
 10
926.1425387735828
 20
-363.8741936716683
 30
0.0
 10
926.2445431946638
 20
-363.835739374472
 30
0.0
 10
926.3432818336572
 20
-363.7908222850591
 30
0.0
 10
926.4386362223238
 20
-363.7401952575945
 30
0.0
 10
926.5305055865651
 20
-363.6849046262592
 30
0.0
 10
926.6185766727749
 20
-363.6246018935745
 30
0.0
 10
926.7016990227537
 20
-363.5584507701865
 30
0.0
 10
926.7813377869925
 20
-363.4883107266853
 30
0.0
 10
926.8822021969685
 20
-363.3872905251318
 30
0.0
 10
926.9510315929077
 20
-363.3046125710526
 30
0.0
 10
926.994334839027
 20
-363.2470661113534
 30
0.0
  0
SPLINE
  5
171
330
1F
100
AcDbEntity
  8
0
  6
Continuous
 62
     7
370
    25
100
AcDbSpline
210
0.0
220
0.0
230
1.0
 70
     8
 71
     3
 72
    13
 73
     9
 74
     0
 42
0.00000001
 43
0.00000001
 40
0.0
 40
0.0
 40
0.0
 40
0.0
 40
0.2590905307218976
 40
0.3828193585701312
 40
0.5040602461329281
 40
0.6252452659939973
 40
0.7470513636473199
 40
1.0
 40
1.0
 40
1.0
 40
1.0
 10
926.7194950954373
 20
-363.0388329382764
 30
0.0
 10
926.6387846961662
 20
-363.1316642559916
 30
0.0
 10
926.5081555311033
 20
-363.2600303811778
 30
0.0
 10
926.3105793668598
 20
-363.3963430062298
 30
0.0
 10
926.1572873858445
 20
-363.4794594333243
 30
0.0
 10
925.9959650950407
 20
-363.543282312686
 30
0.0
 10
925.768070241404
 20
-363.6052507578594
 30
0.0
 10
925.5895691409889
 20
-363.622199598536
 30
0.0
 10
925.4693949351808
 20
-363.6221662716098
 30
0.0
  0
SPLINE
  5
172
330
1F
100
AcDbEntity
  8
0
  6
Continuous
 62
     7
370
    25
100
AcDbSpline
210
0.0
220
0.0
230
1.0
 70
     8
 71
     3
 72
    21
 73
    17
 74
     0
 42
0.00000001
 43
0.00000001
 40
0.0
 40
0.0
 40
0.0
 40
0.0
 40
0.135497701876685
 40
0.19977095560546
 40
0.262666102900711
 40
0.324516234231588
 40
0.3860814035338428
 40
0.4482750281859521
 40
0.5111600935993471
 40
0.5736736910517422
 40
0.6345706143819341
 40
0.6944243573538614
 40
0.7538535676646536
 40
0.8132735307838773
 40
0.8737098962964336
 40
1.0
 40
1.0
 40
1.0
 40
1.0
 10
925.4693949351808
 20
-363.6221662716098
 30
0.0
 10
925.3604299965401
 20
-363.6230429047237
 30
0.0
 10
925.1997551578582
 20
-363.6096921462268
 30
0.0
 10
924.9930805403271
 20
-363.5652478122838
 30
0.0
 10
924.8480545099475
 20
-363.5190458660094
 30
0.0
 10
924.7106778593976
 20
-363.4588555976766
 30
0.0
 10
924.5798935715378
 20
-363.3865445219891
 30
0.0
 10
924.4571456807071
 20
-363.299792909262
 30
0.0
 10
924.3427397808473
 20
-363.2012794648118
 30
0.0
 10
924.2384656720832
 20
-363.0934364390176
 30
0.0
 10
924.1478480116558
 20
-362.9770199068519
 30
0.0
 10
924.0696114898307
 20
-362.8547810010455
 30
0.0
 10
924.0076773334505
 20
-362.7248728192374
 30
0.0
 10
923.9575183702472
 20
-362.5894923210182
 30
0.0
 10
923.9118669998039
 20
-362.39655580408
 30
0.0
 10
923.8977151110488
 20
-362.2465043161316
 30
0.0
 10
923.8981809928732
 20
-362.1449026498149
 30
0.0
  0
SPLINE
  5
173
330
1F
100
AcDbEntity
  8
0
  6
Continuous
 62
     7
370
    25
100
AcDbSpline
210
0.0
220
0.0
230
1.0
 70
     8
 71
     3
 72
    29
 73
    25
 74
     0
 42
0.00000001
 43
0.00000001
 40
0.0
 40
0.0
 40
0.0
 40
0.0
 40
0.0854570443736591
 40
0.1266809549827235
 40
0.16754108119625
 40
0.2082244231348137
 40
0.2483727419364273
 40
0.2886160561618301
 40
0.3291313739173717
 40
0.3695947699931651
 40
0.4100199770331305
 40
0.4501169689266491
 40
0.4905081998450318
 40
0.5311820495134263
 40
0.5723142725972119
 40
0.6140748367935621
 40
0.6568785104979169
 40
0.699847251042708
 40
0.7423501702567822
 40
0.7845969326204143
 40
0.8272479794334882
 40
0.8695373732685346
 40
0.9124981252023968
 40
1.0
 40
1.0
 40
1.0
 40
1.0
 10
923.8981809928732
 20
-362.1449026498149
 30
0.0
 10
923.8973276720341
 20
-362.0766636629237
 30
0.0
 10
923.9044961974478
 20
-361.975657992363
 30
0.0
 10
923.9250264217796
 20
-361.8434869765997
 30
0.0
 10
923.9469183179032
 20
-361.7479436253332
 30
0.0
 10
923.9746262148547
 20
-361.654792619818
 30
0.0
 10
924.0096290500348
 20
-361.5646884757429
 30
0.0
 10
924.0491595417932
 20
-361.4766134162946
 30
0.0
 10
924.096372109905
 20
-361.392075621693
 30
0.0
 10
924.1490891792839
 20
-361.3107622149344
 30
0.0
 10
924.2062745777115
 20
-361.2329100411882
 30
0.0
 10
924.2690618916687
 20
-361.1595456997168
 30
0.0
 10
924.3372338391498
 20
-361.0909037389962
 30
0.0
 10
924.4102964515334
 20
-361.0262526334903
 30
0.0
 10
924.4883244193144
 20
-360.9658835337545
 30
0.0
 10
924.5713794674051
 20
-360.909570194485
 30
0.0
 10
924.6591586772595
 20
-360.8579427013259
 30
0.0
 10
924.7507769197364
 20
-360.8122346229724
 30
0.0
 10
924.8439875038183
 20
-360.7708791134156
 30
0.0
 10
924.9400799642393
 20
-360.7374561863388
 30
0.0
 10
925.0376627038552
 20
-360.7094742376871
 30
0.0
 10
925.1373749863585
 20
-360.6873837010145
 30
0.0
 10
925.2737957418899
 20
-360.6672064168386
 30
0.0
 10
925.3777787093894
 20
-360.659707857763
 30
0.0
 10
925.4476601595399
 20
-360.6606278100713
 30
0.0
  0
SPLINE
  5
174
330
1F
100
AcDbEntity
  8
0
  6
Continuous
 62
     7
370
    25
100
AcDbSpline
210
0.0
220
0.0
230
1.0
 70
     8
 71
     3
 72
    17
 73
    13
 74
     0
 42
0.00000001
 43
0.00000001
 40
0.0
 40
0.0
 40
0.0
 40
0.0
 40
0.259156301532629
 40
0.3838520337081519
 40
0.5075440103271929
 40
0.5690266244526593
 40
0.6301499339328949
 40
0.6907051437448957
 40
0.751705653885729
 40
0.8128787801839727
 40
0.8745250589693442
 40
1.0
 40
1.0
 40
1.0
 40
1.0
 10
925.4476601595399
 20
-360.6606278100713
 30
0.0
 10
925.5728279600087
 20
-360.6600198700815
 30
0.0
 10
925.7583722300141
 20
-360.6781980459193
 30
0.0
 10
925.995844708406
 20
-360.7405866333752
 30
0.0
 10
926.1354920703773
 20
-360.79526560511
 30
0.0
 10
926.242243784754
 20
-360.8477373807892
 30
0.0
 10
926.3194420854068
 20
-360.8910031723286
 30
0.0
 10
926.3933018850739
 20
-360.939275531044
 30
0.0
 10
926.465064770112
 20
-360.9906891831901
 30
0.0
 10
926.5329697366345
 20
-361.0479423321672
 30
0.0
 10
926.620622753556
 20
-361.1297850092631
 30
0.0
 10
926.6812441669025
 20
-361.1969913437531
 30
0.0
 10
926.7194950954373
 20
-361.2439611434047
 30
0.0
  0
SPLINE
  5
176
330
1F
100
AcDbEntity
  8
0
  6
Continuous
 62
     7
370
    25
100
AcDbSpline
210
0.0
220
0.0
230
1.0
 70
     8
 71
     3
 72
    21
 73
    17
 74
     0
 42
0.00000001
 43
0.00000001
 40
0.0
 40
0.0
 40
0.0
 40
0.0
 40
0.1206452089537083
 40
0.1803716807250014
 40
0.2401937574033191
 40
0.2998084963336858
 40
0.360260136656489
 40
0.4212099647133793
 40
0.482873149935491
 40
0.5449302383478614
 40
0.6076045721556701
 40
0.6707331651827431
 40
0.7343177652452998
 40
0.7987850104736616
 40
0.8643170543769354
 40
1.0
 40
1.0
 40
1.0
 40
1.0
 10
926.994334839027
 20
-361.0336246049432
 30
0.0
 10
926.952141889297
 20
-360.9768972930934
 30
0.0
 10
926.8861661233601
 20
-360.8937523753303
 30
0.0
 10
926.7859145375664
 20
-360.794613568626
 30
0.0
 10
926.7078099849244
 20
-360.7242083006626
 30
0.0
 10
926.6243180125629
 20
-360.6595469233477
 30
0.0
 10
926.5368540026183
 20
-360.5992506274859
 30
0.0
 10
926.4447974533916
 20
-360.5438351441221
 30
0.0
 10
926.3488809655171
 20
-360.4933683387612
 30
0.0
 10
926.2491340423493
 20
-360.4484099876612
 30
0.0
 10
926.1460353523888
 20
-360.4093730564655
 30
0.0
 10
926.0402351393991
 20
-360.3752342582937
 30
0.0
 10
925.9311124133512
 20
-360.349021267471
 30
0.0
 10
925.8195018508706
 20
-360.327926788997
 30
0.0
 10
925.664994007656
 20
-360.3069072522369
 30
0.0
 10
925.546870585835
 20
-360.301502560388
 30
0.0
 10
925.4672915697962
 20
-360.301653451097
 30
0.0
  0
LINE
  5
177
330
1F
100
AcDbEntity
  8
0
  6
Continuous
 62
     7
370
    25
100
AcDbLine
 10
1000.0
 20
-410.0
 30
0.0
 11
1000.0
 21
-55.0
 31
0.0
  0
LINE
  5
178
330
1F
100
AcDbEntity
  8
0
  6
Continuous
 62
     7
370
    25
100
AcDbLine
 10
0.0
 20
-410.0
 30
0.0
 11
1000.0
 21
-410.0
 31
0.0
  0
LINE
  5
179
330
1F
100
AcDbEntity
  8
0
  6
Continuous
 62
     7
370
    25
100
AcDbLine
 10
0.0
 20
-55.0
 30
0.0
 11
0.0
 21
-410.0
 31
0.0
  0
LINE
  5
17A
330
1F
100
AcDbEntity
  8
0
  6
Continuous
 62
     7
370
    25
100
AcDbLine
 10
0.0
 20
-55.0
 30
0.0
 11
55.0
 21
-55.0
 31
0.0
  0
LINE
  5
17B
330
1F
100
AcDbEntity
  8
0
  6
Continuous
 62
     7
370
    25
100
AcDbLine
 10
55.0
 20
-55.0
 30
0.0
 11
55.0
 21
0.0
 31
0.0
  0
LINE
  5
17C
330
1F
100
AcDbEntity
  8
0
  6
Continuous
 62
     7
370
    25
100
AcDbLine
 10
945.0
 20
0.0
 30
0.0
 11
55.0
 21
0.0
 31
0.0
  0
LINE
  5
17D
330
1F
100
AcDbEntity
  8
0
  6
Continuous
 62
     7
370
    25
100
AcDbLine
 10
945.0
 20
0.0
 30
0.0
 11
945.0
 21
-55.0
 31
0.0
  0
LINE
  5
17E
330
1F
100
AcDbEntity
  8
0
  6
Continuous
 62
     7
370
    25
100
AcDbLine
 10
945.0
 20
-55.0
 30
0.0
 11
1000.0
 21
-55.0
 31
0.0
  0
LINE
  5
17F
330
1F
100
AcDbEntity
  8
0
  6
Continuous
 62
     7
370
    25
100
AcDbLine
 10
983.8020271467
 20
-363.8913970408
 30
0.0
 11
984.1161297108
 21
-363.8913970408
 31
0.0
  0
LINE
  5
180
330
1F
100
AcDbEntity
  8
0
  6
Continuous
 62
     7
370
    25
100
AcDbLine
 10
984.1161297108
 20
-363.8913970408
 30
0.0
 11
984.1161297108
 21
-363.0318217203
 31
0.0
  0
LINE
  5
181
330
1F
100
AcDbEntity
  8
0
  6
Continuous
 62
     7
370
    25
100
AcDbLine
 10
984.8410896467
 20
-361.648508419
 30
0.0
 11
985.0135656083
 21
-361.3764731626
 31
0.0
  0
LINE
  5
182
330
1F
100
AcDbEntity
  8
0
  6
Continuous
 62
     7
370
    25
100
AcDbLine
 10
984.1161297108
 20
-361.710207137
 30
0.0
 11
984.1161297108
 21
-361.3337047331
 31
0.0
  0
LINE
  5
183
330
1F
100
AcDbEntity
  8
0
  6
Continuous
 62
     7
370
    25
100
AcDbLine
 10
984.1161297108
 20
-361.3337047331
 30
0.0
 11
983.8020271467
 21
-361.3337047331
 31
0.0
  0
LINE
  5
184
330
1F
100
AcDbEntity
  8
0
  6
Continuous
 62
     7
370
    25
100
AcDbLine
 10
983.8020271467
 20
-361.3337047331
 30
0.0
 11
983.8020271467
 21
-363.8913970408
 31
0.0
  0
LINE
  5
185
330
1F
100
AcDbEntity
  8
0
  6
Continuous
 62
     7
370
    25
100
AcDbLine
 10
980.9751040698
 20
-362.6798585793
 30
0.0
 11
983.2635656083
 21
-362.6798585793
 31
0.0
  0
LINE
  5
186
330
1F
100
AcDbEntity
  8
0
  6
Continuous
 62
     7
370
    25
100
AcDbLine
 10
983.1289502236
 20
-363.2302391883
 30
0.0
 11
982.8499037493
 21
-363.0837047331
 31
0.0
  0
LINE
  5
187
330
1F
100
AcDbEntity
  8
0
  6
Continuous
 62
     7
370
    25
100
AcDbLine
 10
979.0007450954
 20
-363.8913970408
 30
0.0
 11
979.0456168903
 21
-363.8913970408
 31
0.0
  0
LINE
  5
188
330
1F
100
AcDbEntity
  8
0
  6
Continuous
 62
     7
370
    25
100
AcDbLine
 10
979.0456168903
 20
-363.8913970408
 30
0.0
 11
980.212283557
 21
-361.3337047331
 31
0.0
  0
LINE
  5
189
330
1F
100
AcDbEntity
  8
0
  6
Continuous
 62
     7
370
    25
100
AcDbLine
 10
980.212283557
 20
-361.3337047331
 30
0.0
 11
979.8722394865
 21
-361.3337047331
 31
0.0
  0
LINE
  5
18A
330
1F
100
AcDbEntity
  8
0
  6
Continuous
 62
     7
370
    25
100
AcDbLine
 10
979.8722394865
 20
-361.3337047331
 30
0.0
 11
979.0231809929
 21
-363.1958842203
 31
0.0
  0
LINE
  5
18B
330
1F
100
AcDbEntity
  8
0
  6
Continuous
 62
     7
370
    25
100
AcDbLine
 10
979.0231809929
 20
-363.1958842203
 30
0.0
 11
978.1741224993
 21
-361.3337047331
 31
0.0
  0
LINE
  5
18C
330
1F
100
AcDbEntity
  8
0
  6
Continuous
 62
     7
370
    25
100
AcDbLine
 10
978.1741224993
 20
-361.3337047331
 30
0.0
 11
977.8340784288
 21
-361.3337047331
 31
0.0
  0
LINE
  5
18D
330
1F
100
AcDbEntity
  8
0
  6
Continuous
 62
     7
370
    25
100
AcDbLine
 10
977.8340784288
 20
-361.3337047331
 30
0.0
 11
979.0007450954
 21
-363.8913970408
 31
0.0
  0
LINE
  5
18E
330
1F
100
AcDbEntity
  8
0
  6
Continuous
 62
     7
370
    25
100
AcDbLine
 10
974.2892066339
 20
-363.3459242844
 30
0.0
 11
974.0262859608
 21
-363.1734483229
 31
0.0
  0
LINE
  5
18F
330
1F
100
AcDbEntity
  8
0
  6
Continuous
 62
     7
370
    25
100
AcDbLine
 10
974.0262859608
 20
-362.0516534511
 30
0.0
 11
974.2892066339
 21
-361.8882920729
 31
0.0
  0
LINE
  5
190
330
1F
100
AcDbEntity
  8
0
  6
Continuous
 62
     7
370
    25
100
AcDbLine
 10
965.8981809929
 20
-363.8913970408
 30
0.0
 11
966.212283557
 21
-363.8913970408
 31
0.0
  0
LINE
  5
191
330
1F
100
AcDbEntity
  8
0
  6
Continuous
 62
     7
370
    25
100
AcDbLine
 10
966.212283557
 20
-363.8913970408
 30
0.0
 11
966.212283557
 21
-362.8151750857
 31
0.0
  0
LINE
  5
192
330
1F
100
AcDbEntity
  8
0
  6
Continuous
 62
     7
370
    25
100
AcDbLine
 10
967.6481809929
 20
-362.5908161114
 30
0.0
 11
967.6481809929
 21
-363.8913970408
 31
0.0
  0
LINE
  5
193
330
1F
100
AcDbEntity
  8
0
  6
Continuous
 62
     7
370
    25
100
AcDbLine
 10
967.6481809929
 20
-363.8913970408
 30
0.0
 11
967.962283557
 21
-363.8913970408
 31
0.0
  0
LINE
  5
194
330
1F
100
AcDbEntity
  8
0
  6
Continuous
 62
     7
370
    25
100
AcDbLine
 10
967.962283557
 20
-363.8913970408
 30
0.0
 11
967.962283557
 21
-362.8965052139
 31
0.0
  0
LINE
  5
195
330
1F
100
AcDbEntity
  8
0
  6
Continuous
 62
     7
370
    25
100
AcDbLine
 10
969.3981809929
 20
-362.5045781306
 30
0.0
 11
969.3981809929
 21
-363.8913970408
 31
0.0
  0
LINE
  5
196
330
1F
100
AcDbEntity
  8
0
  6
Continuous
 62
     7
370
    25
100
AcDbLine
 10
969.3981809929
 20
-363.8913970408
 30
0.0
 11
969.712283557
 21
-363.8913970408
 31
0.0
  0
LINE
  5
197
330
1F
100
AcDbEntity
  8
0
  6
Continuous
 62
     7
370
    25
100
AcDbLine
 10
969.712283557
 20
-363.8913970408
 30
0.0
 11
969.712283557
 21
-362.5059803742
 31
0.0
  0
LINE
  5
198
330
1F
100
AcDbEntity
  8
0
  6
Continuous
 62
     7
370
    25
100
AcDbLine
 10
966.212283557
 20
-361.7782159511
 30
0.0
 11
966.212283557
 21
-361.3337047331
 31
0.0
  0
LINE
  5
199
330
1F
100
AcDbEntity
  8
0
  6
Continuous
 62
     7
370
    25
100
AcDbLine
 10
966.212283557
 20
-361.3337047331
 30
0.0
 11
965.8981809929
 21
-361.3337047331
 31
0.0
  0
LINE
  5
19A
330
1F
100
AcDbEntity
  8
0
  6
Continuous
 62
     7
370
    25
100
AcDbLine
 10
965.8981809929
 20
-361.3337047331
 30
0.0
 11
965.8981809929
 21
-363.8913970408
 31
0.0
  0
LINE
  5
19B
330
1F
100
AcDbEntity
  8
0
  6
Continuous
 62
     7
370
    25
100
AcDbLine
 10
961.4110015057
 20
-361.3337047331
 30
0.0
 11
960.962283557
 21
-361.3337047331
 31
0.0
  0
LINE
  5
19C
330
1F
100
AcDbEntity
  8
0
  6
Continuous
 62
     7
370
    25
100
AcDbLine
 10
960.962283557
 20
-361.3337047331
 30
0.0
 11
960.962283557
 21
-361.6478072973
 31
0.0
  0
LINE
  5
19D
330
1F
100
AcDbEntity
  8
0
  6
Continuous
 62
     7
370
    25
100
AcDbLine
 10
960.962283557
 20
-361.6478072973
 30
0.0
 11
961.4110015057
 21
-361.6478072973
 31
0.0
  0
LINE
  5
19E
330
1F
100
AcDbEntity
  8
0
  6
Continuous
 62
     7
370
    25
100
AcDbLine
 10
961.4110015057
 20
-361.6478072973
 30
0.0
 11
961.4110015057
 21
-363.8913970408
 31
0.0
  0
LINE
  5
19F
330
1F
100
AcDbEntity
  8
0
  6
Continuous
 62
     7
370
    25
100
AcDbLine
 10
961.4110015057
 20
-363.8913970408
 30
0.0
 11
961.7251040698
 21
-363.8913970408
 31
0.0
  0
LINE
  5
1A0
330
1F
100
AcDbEntity
  8
0
  6
Continuous
 62
     7
370
    25
100
AcDbLine
 10
961.7251040698
 20
-363.8913970408
 30
0.0
 11
961.7251040698
 21
-361.6478072973
 31
0.0
  0
LINE
  5
1A1
330
1F
100
AcDbEntity
  8
0
  6
Continuous
 62
     7
370
    25
100
AcDbLine
 10
961.7251040698
 20
-361.6478072973
 30
0.0
 11
962.1738220185
 21
-361.6478072973
 31
0.0
  0
LINE
  5
1A2
330
1F
100
AcDbEntity
  8
0
  6
Continuous
 62
     7
370
    25
100
AcDbLine
 10
962.1738220185
 20
-361.6478072973
 30
0.0
 11
962.1738220185
 21
-361.3337047331
 31
0.0
  0
LINE
  5
1A3
330
1F
100
AcDbEntity
  8
0
  6
Continuous
 62
     7
370
    25
100
AcDbLine
 10
962.1738220185
 20
-361.3337047331
 30
0.0
 11
961.7251040698
 21
-361.3337047331
 31
0.0
  0
LINE
  5
1A4
330
1F
100
AcDbEntity
  8
0
  6
Continuous
 62
     7
370
    25
100
AcDbLine
 10
961.7251040698
 20
-361.3337047331
 30
0.0
 11
961.7251040698
 21
-360.3016534511
 31
0.0
  0
LINE
  5
1A5
330
1F
100
AcDbEntity
  8
0
  6
Continuous
 62
     7
370
    25
100
AcDbLine
 10
961.7251040698
 20
-360.3016534511
 30
0.0
 11
961.4110015057
 21
-360.3016534511
 31
0.0
  0
LINE
  5
1A6
330
1F
100
AcDbEntity
  8
0
  6
Continuous
 62
     7
370
    25
100
AcDbLine
 10
961.4110015057
 20
-360.3016534511
 30
0.0
 11
961.4110015057
 21
-361.3337047331
 31
0.0
  0
LINE
  5
1A7
330
1F
100
AcDbEntity
  8
0
  6
Continuous
 62
     7
370
    25
100
AcDbLine
 10
959.7956168903
 20
-361.3337047331
 30
0.0
 11
959.3468989416
 21
-361.3337047331
 31
0.0
  0
LINE
  5
1A8
330
1F
100
AcDbEntity
  8
0
  6
Continuous
 62
     7
370
    25
100
AcDbLine
 10
959.3468989416
 20
-361.3337047331
 30
0.0
 11
959.3468989416
 21
-361.6478072973
 31
0.0
  0
LINE
  5
1A9
330
1F
100
AcDbEntity
  8
0
  6
Continuous
 62
     7
370
    25
100
AcDbLine
 10
959.3468989416
 20
-361.6478072973
 30
0.0
 11
959.7956168903
 21
-361.6478072973
 31
0.0
  0
LINE
  5
1AA
330
1F
100
AcDbEntity
  8
0
  6
Continuous
 62
     7
370
    25
100
AcDbLine
 10
959.7956168903
 20
-361.6478072973
 30
0.0
 11
959.7956168903
 21
-363.8913970408
 31
0.0
  0
LINE
  5
1AB
330
1F
100
AcDbEntity
  8
0
  6
Continuous
 62
     7
370
    25
100
AcDbLine
 10
959.7956168903
 20
-363.8913970408
 30
0.0
 11
960.1097194544
 21
-363.8913970408
 31
0.0
  0
LINE
  5
1AC
330
1F
100
AcDbEntity
  8
0
  6
Continuous
 62
     7
370
    25
100
AcDbLine
 10
960.1097194544
 20
-363.8913970408
 30
0.0
 11
960.1097194544
 21
-361.6478072973
 31
0.0
  0
LINE
  5
1AD
330
1F
100
AcDbEntity
  8
0
  6
Continuous
 62
     7
370
    25
100
AcDbLine
 10
960.1097194544
 20
-361.6478072973
 30
0.0
 11
960.5584374031
 21
-361.6478072973
 31
0.0
  0
LINE
  5
1AE
330
1F
100
AcDbEntity
  8
0
  6
Continuous
 62
     7
370
    25
100
AcDbLine
 10
960.5584374031
 20
-361.6478072973
 30
0.0
 11
960.5584374031
 21
-361.3337047331
 31
0.0
  0
LINE
  5
1AF
330
1F
100
AcDbEntity
  8
0
  6
Continuous
 62
     7
370
    25
100
AcDbLine
 10
960.5584374031
 20
-361.3337047331
 30
0.0
 11
960.1097194544
 21
-361.3337047331
 31
0.0
  0
LINE
  5
1B0
330
1F
100
AcDbEntity
  8
0
  6
Continuous
 62
     7
370
    25
100
AcDbLine
 10
960.1097194544
 20
-361.3337047331
 30
0.0
 11
960.1097194544
 21
-360.3016534511
 31
0.0
  0
LINE
  5
1B1
330
1F
100
AcDbEntity
  8
0
  6
Continuous
 62
     7
370
    25
100
AcDbLine
 10
960.1097194544
 20
-360.3016534511
 30
0.0
 11
959.7956168903
 21
-360.3016534511
 31
0.0
  0
LINE
  5
1B2
330
1F
100
AcDbEntity
  8
0
  6
Continuous
 62
     7
370
    25
100
AcDbLine
 10
959.7956168903
 20
-360.3016534511
 30
0.0
 11
959.7956168903
 21
-361.3337047331
 31
0.0
  0
LINE
  5
1B3
330
1F
100
AcDbEntity
  8
0
  6
Continuous
 62
     7
370
    25
100
AcDbLine
 10
953.2892066339
 20
-363.8913970408
 30
0.0
 11
953.2892066339
 21
-363.4181398293
 31
0.0
  0
LINE
  5
1B4
330
1F
100
AcDbEntity
  8
0
  6
Continuous
 62
     7
370
    25
100
AcDbLine
 10
953.2892066339
 20
-361.7978473614
 30
0.0
 11
953.2892066339
 21
-360.3016534511
 31
0.0
  0
LINE
  5
1B5
330
1F
100
AcDbEntity
  8
0
  6
Continuous
 62
     7
370
    25
100
AcDbLine
 10
953.2892066339
 20
-360.3016534511
 30
0.0
 11
952.9751040698
 21
-360.3016534511
 31
0.0
  0
LINE
  5
1B6
330
1F
100
AcDbEntity
  8
0
  6
Continuous
 62
     7
370
    25
100
AcDbLine
 10
952.9751040698
 20
-360.3016534511
 30
0.0
 11
952.9751040698
 21
-363.8913970408
 31
0.0
  0
LINE
  5
1B7
330
1F
100
AcDbEntity
  8
0
  6
Continuous
 62
     7
370
    25
100
AcDbLine
 10
952.9751040698
 20
-363.8913970408
 30
0.0
 11
953.2892066339
 21
-363.8913970408
 31
0.0
  0
LINE
  5
1B8
330
1F
100
AcDbEntity
  8
0
  6
Continuous
 62
     7
370
    25
100
AcDbLine
 10
950.103309198
 20
-363.8913970408
 30
0.0
 11
950.4174117621
 21
-363.8913970408
 31
0.0
  0
LINE
  5
1B9
330
1F
100
AcDbEntity
  8
0
  6
Continuous
 62
     7
370
    25
100
AcDbLine
 10
950.4174117621
 20
-363.8913970408
 30
0.0
 11
950.4174117621
 21
-363.0318217203
 31
0.0
  0
LINE
  5
1BA
330
1F
100
AcDbEntity
  8
0
  6
Continuous
 62
     7
370
    25
100
AcDbLine
 10
951.142371698
 20
-361.648508419
 30
0.0
 11
951.3148476595
 21
-361.3764731626
 31
0.0
  0
LINE
  5
1BB
330
1F
100
AcDbEntity
  8
0
  6
Continuous
 62
     7
370
    25
100
AcDbLine
 10
950.4174117621
 20
-361.710207137
 30
0.0
 11
950.4174117621
 21
-361.3337047331
 31
0.0
  0
LINE
  5
1BC
330
1F
100
AcDbEntity
  8
0
  6
Continuous
 62
     7
370
    25
100
AcDbLine
 10
950.4174117621
 20
-361.3337047331
 30
0.0
 11
950.103309198
 21
-361.3337047331
 31
0.0
  0
LINE
  5
1BD
330
1F
100
AcDbEntity
  8
0
  6
Continuous
 62
     7
370
    25
100
AcDbLine
 10
950.103309198
 20
-361.3337047331
 30
0.0
 11
950.103309198
 21
-363.8913970408
 31
0.0
  0
LINE
  5
1BE
330
1F
100
AcDbEntity
  8
0
  6
Continuous
 62
     7
370
    25
100
AcDbLine
 10
945.106414166
 20
-363.3529355024
 30
0.0
 11
944.8981809929
 21
-363.589914669
 31
0.0
  0
LINE
  5
1BF
330
1F
100
AcDbEntity
  8
0
  6
Continuous
 62
     7
370
    25
100
AcDbLine
 10
946.1209374031
 20
-361.8721662716
 30
0.0
 11
946.3340784288
 21
-361.6527151498
 31
0.0
  0
LINE
  5
1C0
330
1F
100
AcDbEntity
  8
0
  6
Continuous
 62
     7
370
    25
100
AcDbLine
 10
943.2217987813
 20
-363.3529355024
 30
0.0
 11
943.0135656083
 21
-363.589914669
 31
0.0
  0
LINE
  5
1C1
330
1F
100
AcDbEntity
  8
0
  6
Continuous
 62
     7
370
    25
100
AcDbLine
 10
944.2363220185
 20
-361.8721662716
 30
0.0
 11
944.4494630442
 21
-361.6527151498
 31
0.0
  0
LINE
  5
1C2
330
1F
100
AcDbEntity
  8
0
  6
Continuous
 62
     7
370
    25
100
AcDbLine
 10
940.3212579159
 20
-362.6798585793
 30
0.0
 11
942.6097194544
 21
-362.6798585793
 31
0.0
  0
LINE
  5
1C3
330
1F
100
AcDbEntity
  8
0
  6
Continuous
 62
     7
370
    25
100
AcDbLine
 10
942.4751040698
 20
-363.2302391883
 30
0.0
 11
942.1960575954
 21
-363.0837047331
 31
0.0
  0
LINE
  5
1C4
330
1F
100
AcDbEntity
  8
0
  6
Continuous
 62
     7
370
    25
100
AcDbLine
 10
938.571257916
 20
-363.8913970408
 30
0.0
 11
938.8853604801
 21
-363.8913970408
 31
0.0
  0
LINE
  5
1C5
330
1F
100
AcDbEntity
  8
0
  6
Continuous
 62
     7
370
    25
100
AcDbLine
 10
938.8853604801
 20
-363.8913970408
 30
0.0
 11
938.8853604801
 21
-363.0318217203
 31
0.0
  0
LINE
  5
1C6
330
1F
100
AcDbEntity
  8
0
  6
Continuous
 62
     7
370
    25
100
AcDbLine
 10
939.6103204159
 20
-361.648508419
 30
0.0
 11
939.7827963775
 21
-361.3764731626
 31
0.0
  0
LINE
  5
1C7
330
1F
100
AcDbEntity
  8
0
  6
Continuous
 62
     7
370
    25
100
AcDbLine
 10
938.8853604801
 20
-361.710207137
 30
0.0
 11
938.8853604801
 21
-361.3337047331
 31
0.0
  0
LINE
  5
1C8
330
1F
100
AcDbEntity
  8
0
  6
Continuous
 62
     7
370
    25
100
AcDbLine
 10
938.8853604801
 20
-361.3337047331
 30
0.0
 11
938.571257916
 21
-361.3337047331
 31
0.0
  0
LINE
  5
1C9
330
1F
100
AcDbEntity
  8
0
  6
Continuous
 62
     7
370
    25
100
AcDbLine
 10
938.571257916
 20
-361.3337047331
 30
0.0
 11
938.571257916
 21
-363.8913970408
 31
0.0
  0
LINE
  5
1CA
330
1F
100
AcDbEntity
  8
0
  6
Continuous
 62
     7
370
    25
100
AcDbLine
 10
935.3404886852
 20
-364.8337047331
 30
0.0
 11
935.6545912493
 21
-364.8337047331
 31
0.0
  0
LINE
  5
1CB
330
1F
100
AcDbEntity
  8
0
  6
Continuous
 62
     7
370
    25
100
AcDbLine
 10
935.6545912493
 20
-364.8337047331
 30
0.0
 11
935.6545912493
 21
-363.4279555344
 31
0.0
  0
LINE
  5
1CC
330
1F
100
AcDbEntity
  8
0
  6
Continuous
 62
     7
370
    25
100
AcDbLine
 10
935.6545912493
 20
-361.8069619447
 30
0.0
 11
935.6545912493
 21
-361.3337047331
 31
0.0
  0
LINE
  5
1CD
330
1F
100
AcDbEntity
  8
0
  6
Continuous
 62
     7
370
    25
100
AcDbLine
 10
935.6545912493
 20
-361.3337047331
 30
0.0
 11
935.3404886852
 21
-361.3337047331
 31
0.0
  0
LINE
  5
1CE
330
1F
100
AcDbEntity
  8
0
  6
Continuous
 62
     7
370
    25
100
AcDbLine
 10
935.3404886852
 20
-361.3337047331
 30
0.0
 11
935.3404886852
 21
-364.8337047331
 31
0.0
  0
LINE
  5
1CF
330
1F
100
AcDbEntity
  8
0
  6
Continuous
 62
     7
370
    25
100
AcDbLine
 10
930.8084374031
 20
-363.8913970408
 30
0.0
 11
931.1225399672
 21
-363.8913970408
 31
0.0
  0
LINE
  5
1D0
330
1F
100
AcDbEntity
  8
0
  6
Continuous
 62
     7
370
    25
100
AcDbLine
 10
931.1225399672
 20
-363.8913970408
 30
0.0
 11
931.1225399672
 21
-362.8151750857
 31
0.0
  0
LINE
  5
1D1
330
1F
100
AcDbEntity
  8
0
  6
Continuous
 62
     7
370
    25
100
AcDbLine
 10
932.5584374031
 20
-362.5908161114
 30
0.0
 11
932.5584374031
 21
-363.8913970408
 31
0.0
  0
LINE
  5
1D2
330
1F
100
AcDbEntity
  8
0
  6
Continuous
 62
     7
370
    25
100
AcDbLine
 10
932.5584374031
 20
-363.8913970408
 30
0.0
 11
932.8725399672
 21
-363.8913970408
 31
0.0
  0
LINE
  5
1D3
330
1F
100
AcDbEntity
  8
0
  6
Continuous
 62
     7
370
    25
100
AcDbLine
 10
932.8725399672
 20
-363.8913970408
 30
0.0
 11
932.8725399672
 21
-362.8965052139
 31
0.0
  0
LINE
  5
1D4
330
1F
100
AcDbEntity
  8
0
  6
Continuous
 62
     7
370
    25
100
AcDbLine
 10
934.3084374031
 20
-362.5045781306
 30
0.0
 11
934.3084374031
 21
-363.8913970408
 31
0.0
  0
LINE
  5
1D5
330
1F
100
AcDbEntity
  8
0
  6
Continuous
 62
     7
370
    25
100
AcDbLine
 10
934.3084374031
 20
-363.8913970408
 30
0.0
 11
934.6225399672
 21
-363.8913970408
 31
0.0
  0
LINE
  5
1D6
330
1F
100
AcDbEntity
  8
0
  6
Continuous
 62
     7
370
    25
100
AcDbLine
 10
934.6225399672
 20
-363.8913970408
 30
0.0
 11
934.6225399672
 21
-362.5059803742
 31
0.0
  0
LINE
  5
1D7
330
1F
100
AcDbEntity
  8
0
  6
Continuous
 62
     7
370
    25
100
AcDbLine
 10
931.1225399672
 20
-361.7782159511
 30
0.0
 11
931.1225399672
 21
-361.3337047331
 31
0.0
  0
LINE
  5
1D8
330
1F
100
AcDbEntity
  8
0
  6
Continuous
 62
     7
370
    25
100
AcDbLine
 10
931.1225399672
 20
-361.3337047331
 30
0.0
 11
930.8084374031
 21
-361.3337047331
 31
0.0
  0
LINE
  5
1D9
330
1F
100
AcDbEntity
  8
0
  6
Continuous
 62
     7
370
    25
100
AcDbLine
 10
930.8084374031
 20
-361.3337047331
 30
0.0
 11
930.8084374031
 21
-363.8913970408
 31
0.0
  0
LINE
  5
1DA
330
1F
100
AcDbEntity
  8
0
  6
Continuous
 62
     7
370
    25
100
AcDbLine
 10
926.994334839
 20
-363.2470661114
 30
0.0
 11
926.7194950954
 21
-363.0388329383
 31
0.0
  0
LINE
  5
1DB
330
1F
100
AcDbEntity
  8
0
  6
Continuous
 62
     7
370
    25
100
AcDbLine
 10
926.7194950954
 20
-361.2439611434
 30
0.0
 11
926.994334839
 21
-361.0336246049
 31
0.0
  0
MTEXT
  5
1DD
330
1F
100
AcDbEntity
  8
0
  6
Continuous
 62
     7
100
AcDbMText
 10
0.0
 20
-411.0195663917
 30
0.0
 40
4.83362
 41
0.0
 71
     1
 72
     1
  1
SOLIDWORKS Educational Product.
  7
SLDTEXTSTYLE0
 73
     1
 44
1.0
  0
MTEXT
  5
1DE
330
1F
100
AcDbEntity
  8
0
  6
Continuous
 62
     7
100
AcDbMText
 10
0.0
 20
-418.2699963917
 30
0.0
 40
4.83362
 41
0.0
 71
     1
 72
     1
  1
For Instructional Use Only.
  7
SLDTEXTSTYLE0
 73
     1
 44
1.0
  0
ENDSEC
  0
SECTION
  2
OBJECTS
  0
DICTIONARY
  5
C
330
0
100
AcDbDictionary
281
     1
  3
ACAD_GROUP
350
D
  3
ACAD_LAYOUT
350
1A
  3
ACAD_MLINESTYLE
350
17
  3
ACAD_PLOTSETTINGS
350
19
  3
ACAD_PLOTSTYLENAME
350
E
  3
ACAD_SCALELIST
350
47
  3
DWGPROPS
350
1DF
  0
DICTIONARY
  5
D
102
{ACAD_REACTORS
330
C
102
}
330
C
100
AcDbDictionary
281
     1
  0
DICTIONARY
  5
1A
102
{ACAD_REACTORS
330
C
102
}
330
C
100
AcDbDictionary
281
     1
  3
Layout1
350
1E
  3
Layout2
350
26
  3
Model
350
22
  0
DICTIONARY
  5
17
102
{ACAD_REACTORS
330
C
102
}
330
C
100
AcDbDictionary
281
     1
  3
Standard
350
18
  0
DICTIONARY
  5
19
102
{ACAD_REACTORS
330
C
102
}
330
C
100
AcDbDictionary
281
     1
  0
ACDBDICTIONARYWDFLT
  5
E
102
{ACAD_REACTORS
330
C
102
}
330
C
100
AcDbDictionary
281
     1
  3
Normal
350
F
100
AcDbDictionaryWithDefault
340
F
  0
DICTIONARY
  5
47
102
{ACAD_REACTORS
330
C
102
}
330
C
100
AcDbDictionary
281
     1
  3
A0
350
48
  3
A1
350
49
  3
A2
350
4A
  3
A3
350
4B
  3
A4
350
4C
  3
A5
350
4D
  3
A6
350
4E
  3
A7
350
4F
  3
A8
350
50
  3
A9
350
51
  3
B0
350
52
  3
B1
350
53
  3
B2
350
54
  3
B3
350
55
  3
B4
350
56
  3
B5
350
57
  3
B6
350
58
  0
XRECORD
  5
1DF
102
{ACAD_REACTORS
330
C
102
}
330
C
100
AcDbXrecord
280
     1
  1
DWGPROPS COOKIE
  2

  3

  4

  6

  7

  8
anast
  9

300
=
301
=
302
=
303
=
304
=
305
=
306
=
307
=
308
=
309
=
 40
0.0
 41
2460808.385805428
 42
2460808.385847176
  1

 90
        0
  0
LAYOUT
  5
1E
102
{ACAD_REACTORS
330
1A
102
}
330
1A
100
AcDbPlotSettings
  1

  2
none_device
  4

  6

 40
0.0
 41
0.0
 42
0.0
 43
0.0
 44
0.0
 45
0.0
 46
0.0
 47
0.0
 48
0.0
 49
0.0
140
0.0
141
0.0
142
1.0
143
1.0
 70
   688
 72
     1
 73
     0
 74
     5
  7

 75
    16
147
1.0
148
0.0
149
0.0
100
AcDbLayout
  1
Layout1
 70
     1
 71
     1
 10
0.0
 20
0.0
 11
420.0
 21
297.0
 12
0.0
 22
0.0
 32
0.0
 14
1.0000000000E+20
 24
1.0000000000E+20
 34
1.0000000000E+20
 15
-1.0000000000E+20
 25
-1.0000000000E+20
 35
-1.0000000000E+20
146
0.0
 13
0.0
 23
0.0
 33
0.0
 16
1.0
 26
0.0
 36
0.0
 17
0.0
 27
1.0
 37
0.0
 76
     0
330
1B
  0
LAYOUT
  5
26
102
{ACAD_REACTORS
330
1A
102
}
330
1A
100
AcDbPlotSettings
  1

  2
none_device
  4

  6

 40
0.0
 41
0.0
 42
0.0
 43
0.0
 44
0.0
 45
0.0
 46
0.0
 47
0.0
 48
0.0
 49
0.0
140
0.0
141
0.0
142
1.0
143
1.0
 70
   688
 72
     1
 73
     0
 74
     5
  7

 75
    16
147
1.0
148
0.0
149
0.0
100
AcDbLayout
  1
Layout2
 70
     1
 71
     2
 10
0.0
 20
0.0
 11
0.0
 21
0.0
 12
0.0
 22
0.0
 32
0.0
 14
0.0
 24
0.0
 34
0.0
 15
0.0
 25
0.0
 35
0.0
146
0.0
 13
0.0
 23
0.0
 33
0.0
 16
1.0
 26
0.0
 36
0.0
 17
0.0
 27
1.0
 37
0.0
 76
     0
330
23
  0
LAYOUT
  5
22
102
{ACAD_REACTORS
330
1A
102
}
330
1A
100
AcDbPlotSettings
  1

  2
none_device
  4
ANSI_A_(11.00_x_8.50_Inches)
  6

 40
6.35
 41
19.05
 42
6.35000508
 43
19.05000254
 44
279.4
 45
215.9
 46
-4.95300254
 47
145.60422873
 48
0.0
 49
0.0
140
0.0
141
0.0
142
0.01089
143
1.0
 70
  1696
 72
     0
 73
     0
 74
     0
  7

 75
     0
147
0.0179189148
148
-1300.4909072572
149
0.0
100
AcDbLayout
  1
Model
 70
     1
 71
     0
 10
0.0
 20
0.0
 11
420.0
 21
297.0
 12
0.0
 22
0.0
 32
0.0
 14
0.0
 24
-410.0
 34
0.0
 15
1000.0
 25
0.0
 35
0.0
146
0.0
 13
0.0
 23
0.0
 33
0.0
 16
1.0
 26
0.0
 36
0.0
 17
0.0
 27
1.0
 37
0.0
 76
     0
330
1F
331
29
  0
MLINESTYLE
  5
18
102
{ACAD_REACTORS
330
17
102
}
330
17
100
AcDbMlineStyle
  2
Standard
 70
     0
  3

 62
   256
 51
90.0
 52
90.0
 71
     2
 49
0.5
 62
   256
  6
BYLAYER
 49
-0.5
 62
   256
  6
BYLAYER
  0
ACDBPLACEHOLDER
  5
F
102
{ACAD_REACTORS
330
E
102
}
330
E
  0
SCALE
  5
48
102
{ACAD_REACTORS
330
47
102
}
330
47
100
AcDbScale
 70
     0
300
1:1
140
1.0
141
1.0
290
     1
  0
SCALE
  5
49
102
{ACAD_REACTORS
330
47
102
}
330
47
100
AcDbScale
 70
     0
300
1:2
140
1.0
141
2.0
290
     0
  0
SCALE
  5
4A
102
{ACAD_REACTORS
330
47
102
}
330
47
100
AcDbScale
 70
     0
300
1:4
140
1.0
141
4.0
290
     0
  0
SCALE
  5
4B
102
{ACAD_REACTORS
330
47
102
}
330
47
100
AcDbScale
 70
     0
300
1:5
140
1.0
141
5.0
290
     0
  0
SCALE
  5
4C
102
{ACAD_REACTORS
330
47
102
}
330
47
100
AcDbScale
 70
     0
300
1:8
140
1.0
141
8.0
290
     0
  0
SCALE
  5
4D
102
{ACAD_REACTORS
330
47
102
}
330
47
100
AcDbScale
 70
     0
300
1:10
140
1.0
141
10.0
290
     0
  0
SCALE
  5
4E
102
{ACAD_REACTORS
330
47
102
}
330
47
100
AcDbScale
 70
     0
300
1:16
140
1.0
141
16.0
290
     0
  0
SCALE
  5
4F
102
{ACAD_REACTORS
330
47
102
}
330
47
100
AcDbScale
 70
     0
300
1:20
140
1.0
141
20.0
290
     0
  0
SCALE
  5
50
102
{ACAD_REACTORS
330
47
102
}
330
47
100
AcDbScale
 70
     0
300
1:30
140
1.0
141
30.0
290
     0
  0
SCALE
  5
51
102
{ACAD_REACTORS
330
47
102
}
330
47
100
AcDbScale
 70
     0
300
1:40
140
1.0
141
40.0
290
     0
  0
SCALE
  5
52
102
{ACAD_REACTORS
330
47
102
}
330
47
100
AcDbScale
 70
     0
300
1:50
140
1.0
141
50.0
290
     0
  0
SCALE
  5
53
102
{ACAD_REACTORS
330
47
102
}
330
47
100
AcDbScale
 70
     0
300
1:100
140
1.0
141
100.0
290
     0
  0
SCALE
  5
54
102
{ACAD_REACTORS
330
47
102
}
330
47
100
AcDbScale
 70
     0
300
2:1
140
2.0
141
1.0
290
     0
  0
SCALE
  5
55
102
{ACAD_REACTORS
330
47
102
}
330
47
100
AcDbScale
 70
     0
300
4:1
140
4.0
141
1.0
290
     0
  0
SCALE
  5
56
102
{ACAD_REACTORS
330
47
102
}
330
47
100
AcDbScale
 70
     0
300
8:1
140
8.0
141
1.0
290
     0
  0
SCALE
  5
57
102
{ACAD_REACTORS
330
47
102
}
330
47
100
AcDbScale
 70
     0
300
10:1
140
10.0
141
1.0
290
     0
  0
SCALE
  5
58
102
{ACAD_REACTORS
330
47
102
}
330
47
100
AcDbScale
 70
     0
300
100:1
140
100.0
141
1.0
290
     0
  0
ENDSEC
  0
EOF
