  0
SECTION
  2
HEADER
  9
$ACADVER
  1
AC1015
  9
$ACADMAINTVER
 70
     6
  9
$DWGCODEPAGE
  3
ANSI_1252
  9
$INSBASE
 10
0.0
 20
0.0
 30
0.0
  9
$EXTMIN
 10
0.0
 20
-800.0
 30
0.0
  9
$EXTMAX
 10
405.0
 20
0.0000000095
 30
0.0
  9
$LIMMIN
 10
0.0
 20
0.0
  9
$LIMMAX
 10
420.0
 20
297.0
  9
$ORTHOMODE
 70
     0
  9
$REGENMODE
 70
     1
  9
$FILLMODE
 70
     1
  9
$QTEXTMODE
 70
     0
  9
$MIRRTEXT
 70
     1
  9
$LTSCALE
 40
1.0
  9
$ATTMODE
 70
     1
  9
$TEXTSIZE
 40
3.5
  9
$TRACEWID
 40
1.0
  9
$TEXTSTYLE
  7
Standard
  9
$CLAYER
  8
0
  9
$CELTYPE
  6
ByLayer
  9
$CECOLOR
 62
   256
  9
$CELTSCALE
 40
1.0
  9
$DISPSILH
 70
     0
  9
$DIMSCALE
 40
1.0
  9
$DIMASZ
 40
3.302
  9
$DIMEXO
 40
0.0
  9
$DIMDLI
 40
3.75
  9
$DIMRND
 40
0.0
  9
$DIMDLE
 40
0.0
  9
$DIMEXE
 40
1.0
  9
$DIMTP
 40
0.0
  9
$DIMTM
 40
0.0
  9
$DIMTXT
 40
3.5
  9
$DIMCEN
 40
2.5
  9
$DIMTSZ
 40
0.0
  9
$DIMTOL
 70
     0
  9
$DIMLIM
 70
     0
  9
$DIMTIH
 70
     1
  9
$DIMTOH
 70
     1
  9
$DIMSE1
 70
     0
  9
$DIMSE2
 70
     0
  9
$DIMTAD
 70
     1
  9
$DIMZIN
 70
     1
  9
$DIMBLK
  1

  9
$DIMASO
 70
     1
  9
$DIMSHO
 70
     1
  9
$DIMPOST
  1

  9
$DIMAPOST
  1

  9
$DIMALT
 70
     0
  9
$DIMALTD
 70
     3
  9
$DIMALTF
 40
0.0393700787
  9
$DIMLFAC
 40
1.0
  9
$DIMTOFL
 70
     1
  9
$DIMTVP
 40
0.0
  9
$DIMTIX
 70
     0
  9
$DIMSOXD
 70
     0
  9
$DIMSAH
 70
     0
  9
$DIMBLK1
  1

  9
$DIMBLK2
  1

  9
$DIMSTYLE
  2
ISO-25
  9
$DIMCLRD
 70
     0
  9
$DIMCLRE
 70
     0
  9
$DIMCLRT
 70
     0
  9
$DIMTFAC
 40
1.0
  9
$DIMGAP
 40
1.524
  9
$DIMJUST
 70
     0
  9
$DIMSD1
 70
     0
  9
$DIMSD2
 70
     0
  9
$DIMTOLJ
 70
     0
  9
$DIMTZIN
 70
     1
  9
$DIMALTZ
 70
     0
  9
$DIMALTTZ
 70
     0
  9
$DIMUPT
 70
     0
  9
$DIMDEC
 70
     2
  9
$DIMTDEC
 70
     2
  9
$DIMALTU
 70
     2
  9
$DIMALTTD
 70
     3
  9
$DIMTXSTY
  7
Standard
  9
$DIMAUNIT
 70
     0
  9
$DIMADEC
 70
     2
  9
$DIMALTRND
 40
0.0
  9
$DIMAZIN
 70
     0
  9
$DIMDSEP
 70
    44
  9
$DIMATFIT
 70
     3
  9
$DIMFRAC
 70
     0
  9
$DIMLDRBLK
  1

  9
$DIMLUNIT
 70
     2
  9
$DIMLWD
 70
    -2
  9
$DIMLWE
 70
    -2
  9
$DIMTMOVE
 70
     0
  9
$LUNITS
 70
     2
  9
$LUPREC
 70
     6
  9
$SKETCHINC
 40
1.0
  9
$FILLETRAD
 40
0.0
  9
$AUNITS
 70
     0
  9
$AUPREC
 70
     2
  9
$MENU
  1
.
  9
$ELEVATION
 40
0.0
  9
$PELEVATION
 40
0.0
  9
$THICKNESS
 40
0.0
  9
$LIMCHECK
 70
     0
  9
$CHAMFERA
 40
0.0
  9
$CHAMFERB
 40
0.0
  9
$CHAMFERC
 40
0.0
  9
$CHAMFERD
 40
0.0
  9
$SKPOLY
 70
     0
  9
$TDCREATE
 40
2460812.831003229
  9
$TDUCREATE
 40
2460812.747669896
  9
$TDUPDATE
 40
2460812.83112838
  9
$TDUUPDATE
 40
2460812.747795047
  9
$TDINDWG
 40
0.0000000116
  9
$TDUSRTIMER
 40
0.0000000116
  9
$USRTIMER
 70
     1
  9
$ANGBASE
 50
0.0
  9
$ANGDIR
 70
     0
  9
$PDMODE
 70
     0
  9
$PDSIZE
 40
-1.0
  9
$PLINEWID
 40
0.0
  9
$SPLFRAME
 70
     0
  9
$SPLINETYPE
 70
     6
  9
$SPLINESEGS
 70
     8
  9
$HANDSEED
  5
270
  9
$SURFTAB1
 70
     6
  9
$SURFTAB2
 70
     6
  9
$SURFTYPE
 70
     6
  9
$SURFU
 70
     6
  9
$SURFV
 70
     6
  9
$UCSBASE
  2

  9
$UCSNAME
  2

  9
$UCSORG
 10
0.0
 20
0.0
 30
0.0
  9
$UCSXDIR
 10
1.0
 20
0.0
 30
0.0
  9
$UCSYDIR
 10
0.0
 20
1.0
 30
0.0
  9
$UCSORTHOREF
  2

  9
$UCSORTHOVIEW
 70
     0
  9
$UCSORGTOP
 10
0.0
 20
0.0
 30
0.0
  9
$UCSORGBOTTOM
 10
0.0
 20
0.0
 30
0.0
  9
$UCSORGLEFT
 10
0.0
 20
0.0
 30
0.0
  9
$UCSORGRIGHT
 10
0.0
 20
0.0
 30
0.0
  9
$UCSORGFRONT
 10
0.0
 20
0.0
 30
0.0
  9
$UCSORGBACK
 10
0.0
 20
0.0
 30
0.0
  9
$PUCSBASE
  2

  9
$PUCSNAME
  2

  9
$PUCSORG
 10
0.0
 20
0.0
 30
0.0
  9
$PUCSXDIR
 10
1.0
 20
0.0
 30
0.0
  9
$PUCSYDIR
 10
0.0
 20
1.0
 30
0.0
  9
$PUCSORTHOREF
  2

  9
$PUCSORTHOVIEW
 70
     0
  9
$PUCSORGTOP
 10
0.0
 20
0.0
 30
0.0
  9
$PUCSORGBOTTOM
 10
0.0
 20
0.0
 30
0.0
  9
$PUCSORGLEFT
 10
0.0
 20
0.0
 30
0.0
  9
$PUCSORGRIGHT
 10
0.0
 20
0.0
 30
0.0
  9
$PUCSORGFRONT
 10
0.0
 20
0.0
 30
0.0
  9
$PUCSORGBACK
 10
0.0
 20
0.0
 30
0.0
  9
$USERI1
 70
     0
  9
$USERI2
 70
     0
  9
$USERI3
 70
     0
  9
$USERI4
 70
     0
  9
$USERI5
 70
     0
  9
$USERR1
 40
0.0
  9
$USERR2
 40
0.0
  9
$USERR3
 40
0.0
  9
$USERR4
 40
0.0
  9
$USERR5
 40
0.0
  9
$WORLDVIEW
 70
     1
  9
$SHADEDGE
 70
     3
  9
$SHADEDIF
 70
    70
  9
$TILEMODE
 70
     1
  9
$MAXACTVP
 70
    64
  9
$PINSBASE
 10
0.0
 20
0.0
 30
0.0
  9
$PLIMCHECK
 70
     0
  9
$PEXTMIN
 10
1.0000000000E+20
 20
1.0000000000E+20
 30
1.0000000000E+20
  9
$PEXTMAX
 10
-1.0000000000E+20
 20
-1.0000000000E+20
 30
-1.0000000000E+20
  9
$PLIMMIN
 10
0.0
 20
0.0
  9
$PLIMMAX
 10
420.0
 20
297.0
  9
$UNITMODE
 70
     0
  9
$VISRETAIN
 70
     1
  9
$PLINEGEN
 70
     0
  9
$PSLTSCALE
 70
     1
  9
$TREEDEPTH
 70
  3020
  9
$CMLSTYLE
  2
Standard
  9
$CMLJUST
 70
     0
  9
$CMLSCALE
 40
20.0
  9
$PROXYGRAPHICS
 70
     1
  9
$MEASUREMENT
 70
     1
  9
$CELWEIGHT
370
    -1
  9
$ENDCAPS
280
     0
  9
$JOINSTYLE
280
     0
  9
$LWDISPLAY
290
     1
  9
$INSUNITS
 70
     4
  9
$HYPERLINKBASE
  1

  9
$STYLESHEET
  1

  9
$XEDIT
290
     1
  9
$CEPSNTYPE
380
     0
  9
$PSTYLEMODE
290
     1
  9
$FINGERPRINTGUID
  2
{fa008623-f281-4b91-8d15-b72e774676bb}
  9
$VERSIONGUID
  2
{FAEB1C32-E019-11D5-929B-00C0DF256EC4}
  9
$EXTNAMES
290
     1
  9
$PSVPSCALE
 40
0.0
  9
$OLESTARTUP
290
     0
  0
ENDSEC
  0
SECTION
  2
CLASSES
  0
CLASS
  1
ACDBDICTIONARYWDFLT
  2
AcDbDictionaryWithDefault
  3
ObjectDBX Classes
 90
        0
280
     0
281
     0
  0
CLASS
  1
VISUALSTYLE
  2
AcDbVisualStyle
  3
ObjectDBX Classes
 90
     4095
280
     0
281
     0
  0
CLASS
  1
MATERIAL
  2
AcDbMaterial
  3
ObjectDBX Classes
 90
     1153
280
     0
281
     0
  0
CLASS
  1
SCALE
  2
AcDbScale
  3
ObjectDBX Classes
 90
     1153
280
     0
281
     0
  0
CLASS
  1
TABLESTYLE
  2
AcDbTableStyle
  3
ObjectDBX Classes
 90
     4095
280
     0
281
     0
  0
CLASS
  1
MLEADERSTYLE
  2
AcDbMLeaderStyle
  3
ACDB_MLEADERSTYLE_CLASS
 90
     4095
280
     0
281
     0
  0
CLASS
  1
SUN
  2
AcDbSun
  3
SCENEOE
 90
     1153
280
     0
281
     0
  0
CLASS
  1
ACDBPLACEHOLDER
  2
AcDbPlaceHolder
  3
ObjectDBX Classes
 90
        0
280
     0
281
     0
  0
CLASS
  1
LAYOUT
  2
AcDbLayout
  3
ObjectDBX Classes
 90
        0
280
     0
281
     0
  0
ENDSEC
  0
SECTION
  2
TABLES
  0
TABLE
  2
VPORT
  5
8
330
0
100
AcDbSymbolTable
 70
     1
  0
VPORT
  5
29
330
8
100
AcDbSymbolTableRecord
100
AcDbViewportTableRecord
  2
*Active
 70
     0
 10
0.0
 20
0.0
 11
1.0
 21
1.0
 12
202.5
 22
-399.9999999952
 13
0.0
 23
0.0
 14
10.0
 24
10.0
 15
10.0
 25
10.0
 16
0.0
 26
0.0
 36
1.0
 17
0.0
 27
0.0
 37
0.0
 40
816.0000000097
 41
0.50625
 42
50.0
 43
0.0
 44
0.0
 50
0.0
 51
0.0
 71
     0
 72
   100
 73
     1
 74
     3
 75
     0
 76
     0
 77
     0
 78
     0
281
     0
 65
     1
110
0.0
120
0.0
130
0.0
111
1.0
121
0.0
131
0.0
112
0.0
122
1.0
132
0.0
 79
     0
146
0.0
  0
ENDTAB
  0
TABLE
  2
LTYPE
  5
5
330
0
100
AcDbSymbolTable
 70
     6
  0
LTYPE
  5
14
330
5
100
AcDbSymbolTableRecord
100
AcDbLinetypeTableRecord
  2
ByBlock
 70
     0
  3

 72
    65
 73
     0
 40
0.0
  0
LTYPE
  5
15
330
5
100
AcDbSymbolTableRecord
100
AcDbLinetypeTableRecord
  2
ByLayer
 70
     0
  3

 72
    65
 73
     0
 40
0.0
  0
LTYPE
  5
16
330
5
100
AcDbSymbolTableRecord
100
AcDbLinetypeTableRecord
  2
Continuous
 70
     0
  3
Solid line
 72
    65
 73
     0
 40
0.0
  0
LTYPE
  5
5E
330
5
100
AcDbSymbolTableRecord
100
AcDbLinetypeTableRecord
  2
HIDDEN
 70
     0
  3
Hidden __ __ __ __ __ __ __ __ __ __ __ __ __ __
 72
    65
 73
     2
 40
1.905
 49
1.27
 74
     0
 49
-0.635
 74
     0
  0
LTYPE
  5
5F
330
5
100
AcDbSymbolTableRecord
100
AcDbLinetypeTableRecord
  2
PHANTOM
 70
     0
  3
Phantom ______  __  __  ______  __  __  ______
 72
    65
 73
     6
 40
12.7
 49
6.35
 74
     0
 49
-1.27
 74
     0
 49
1.27
 74
     0
 49
-1.27
 74
     0
 49
1.27
 74
     0
 49
-1.27
 74
     0
  0
LTYPE
  5
60
330
5
100
AcDbSymbolTableRecord
100
AcDbLinetypeTableRecord
  2
CENTER
 70
     0
  3
Center ____ _ ____ _ ____ _ ____ _ ____ _ ____
 72
    65
 73
     4
 40
10.16
 49
6.35
 74
     0
 49
-1.27
 74
     0
 49
1.27
 74
     0
 49
-1.27
 74
     0
  0
LTYPE
  5
61
330
5
100
AcDbSymbolTableRecord
100
AcDbLinetypeTableRecord
  2
CENTERX2
 70
     0
  3
Center (2x) ________  __  ________  __  _____
 72
    65
 73
     4
 40
20.32
 49
12.7
 74
     0
 49
-2.54
 74
     0
 49
2.54
 74
     0
 49
-2.54
 74
     0
  0
LTYPE
  5
62
330
5
100
AcDbSymbolTableRecord
100
AcDbLinetypeTableRecord
  2
DOT2
 70
     0
  3
Dot (.5x) ........................................
 72
    65
 73
     2
 40
0.635
 49
0.0
 74
     0
 49
-0.635
 74
     0
  0
ENDTAB
  0
TABLE
  2
LAYER
  5
2
330
0
100
AcDbSymbolTable
 70
     1
  0
LAYER
  5
10
330
2
100
AcDbSymbolTableRecord
100
AcDbLayerTableRecord
  2
0
 70
     0
 62
     7
  6
Continuous
370
    -3
390
F
  0
ENDTAB
  0
TABLE
  2
STYLE
  5
3
330
0
100
AcDbSymbolTable
 70
     2
  0
STYLE
  5
11
330
3
100
AcDbSymbolTableRecord
100
AcDbTextStyleTableRecord
  2
Standard
 70
     0
 40
0.0
 41
1.0
 50
0.0
 71
     0
 42
3.5
  3
txt
  4

  0
STYLE
  5
26C
330
3
100
AcDbSymbolTableRecord
100
AcDbTextStyleTableRecord
  2
SLDTEXTSTYLE0
 70
     0
 40
0.0
 41
0.7
 50
0.0
 71
     0
 42
3.5
  3
TXT
  4

  0
ENDTAB
  0
TABLE
  2
VIEW
  5
6
330
0
100
AcDbSymbolTable
 70
     0
  0
ENDTAB
  0
TABLE
  2
UCS
  5
7
330
0
100
AcDbSymbolTable
 70
     0
  0
ENDTAB
  0
TABLE
  2
APPID
  5
9
330
0
100
AcDbSymbolTable
 70
     1
  0
APPID
  5
12
330
9
100
AcDbSymbolTableRecord
100
AcDbRegAppTableRecord
  2
ACAD
 70
     0
  0
ENDTAB
  0
TABLE
  2
DIMSTYLE
  5
A
330
0
100
AcDbSymbolTable
 70
     1
100
AcDbDimStyleTable
  0
DIMSTYLE
105
27
330
A
100
AcDbSymbolTableRecord
100
AcDbDimStyleTableRecord
  2
ISO-25
 70
     0
 41
2.5
 42
0.625
 43
3.75
 44
1.25
 73
     0
 74
     0
 77
     1
 78
     8
140
2.5
141
2.5
143
0.0393700787
147
0.625
171
     3
172
     1
178
     0
271
     2
272
     2
274
     3
278
    44
283
     0
284
     8
340
11
  0
ENDTAB
  0
TABLE
  2
BLOCK_RECORD
  5
1
330
0
100
AcDbSymbolTable
 70
     1
  0
BLOCK_RECORD
  5
1F
330
1
100
AcDbSymbolTableRecord
100
AcDbBlockTableRecord
  2
*Model_Space
340
22
  0
BLOCK_RECORD
  5
1B
330
1
100
AcDbSymbolTableRecord
100
AcDbBlockTableRecord
  2
*Paper_Space
340
1E
  0
BLOCK_RECORD
  5
23
330
1
100
AcDbSymbolTableRecord
100
AcDbBlockTableRecord
  2
*Paper_Space0
340
26
  0
ENDTAB
  0
ENDSEC
  0
SECTION
  2
BLOCKS
  0
BLOCK
  5
20
330
1F
100
AcDbEntity
  8
0
100
AcDbBlockBegin
  2
*Model_Space
 70
     0
 10
0.0
 20
0.0
 30
0.0
  3
*Model_Space
  1

  0
ENDBLK
  5
21
330
1F
100
AcDbEntity
  8
0
100
AcDbBlockEnd
  0
BLOCK
  5
1C
330
1B
100
AcDbEntity
 67
     1
  8
0
100
AcDbBlockBegin
  2
*Paper_Space
 70
     0
 10
0.0
 20
0.0
 30
0.0
  3
*Paper_Space
  1

  0
ENDBLK
  5
1D
330
1B
100
AcDbEntity
 67
     1
  8
0
100
AcDbBlockEnd
  0
BLOCK
  5
24
330
23
100
AcDbEntity
  8
0
100
AcDbBlockBegin
  2
*Paper_Space0
 70
     0
 10
0.0
 20
0.0
 30
0.0
  3
*Paper_Space0
  1

  0
ENDBLK
  5
25
330
23
100
AcDbEntity
  8
0
100
AcDbBlockEnd
  0
ENDSEC
  0
SECTION
  2
ENTITIES
  0
SPLINE
  5
63
330
1F
100
AcDbEntity
  8
0
  6
Continuous
 62
     7
370
    25
100
AcDbSpline
210
0.0
220
0.0
230
1.0
 70
     8
 71
     3
 72
    10
 73
     6
 74
     0
 42
0.00000001
 43
0.00000001
 40
0.0
 40
0.0
 40
0.0
 40
0.0
 40
0.0687422616054891
 40
0.1346351922242768
 40
0.1795010329040216
 40
0.1795010329040216
 40
0.1795010329040216
 40
0.1795010329040216
 10
5.543068910256411
 20
-0.0448717948717814
 30
0.0
 10
5.495334190747464
 20
-0.0436505986540769
 30
0.0
 10
5.401843331023615
 20
-0.0412588241667233
 30
0.0
 10
5.278094153765012
 20
-0.0245352394932508
 30
0.0
 10
5.202935700759859
 20
-0.0078769092986541
 30
0.0
 10
5.172790941845112
 20
-0.000000003001821
 30
0.0
  0
SPLINE
  5
64
330
1F
100
AcDbEntity
  8
0
  6
Continuous
 62
     7
370
    25
100
AcDbSpline
210
0.0
220
0.0
230
1.0
 70
     8
 71
     3
 72
    10
 73
     6
 74
     0
 42
0.00000001
 43
0.00000001
 40
0.8209625013384573
 40
0.8209625013384573
 40
0.8209625013384573
 40
0.8209625013384573
 40
0.8658658412779715
 40
0.9315077951965114
 40
1.0
 40
1.0
 40
1.0
 40
1.0
 10
5.911903283785519
 20
0.0000000090594754
 30
0.0
 10
5.881770043409867
 20
-0.0078677511931025
 30
0.0
 10
5.806855067689049
 20
-0.0244788958555509
 30
0.0
 10
5.683598121859978
 20
-0.0412711104029184
 30
0.0
 10
5.59057090049378
 20
-0.0436546836638518
 30
0.0
 10
5.543068910256411
 20
-0.0448717948717814
 30
0.0
  0
SPLINE
  5
6A
330
1F
100
AcDbEntity
  8
0
  6
Continuous
 62
     7
370
    25
100
AcDbSpline
210
0.0
220
0.0
230
1.0
 70
     8
 71
     3
 72
    10
 73
     6
 74
     0
 42
0.00000001
 43
0.00000001
 40
0.0
 40
0.0
 40
0.0
 40
0.0
 40
0.1268408077971993
 40
0.2505477821575811
 40
0.2948093075879978
 40
0.2948093075879978
 40
0.2948093075879978
 40
0.2948093075879978
 10
13.38301282051282
 20
-0.0448717948717814
 30
0.0
 10
13.33218524856292
 20
-0.0435769871581226
 30
0.0
 10
13.23178589250657
 20
-0.0410193623162636
 30
0.0
 10
13.11520777156105
 20
-0.0204356833535813
 30
0.0
 10
13.04978761093573
 20
-0.0045257009330113
 30
0.0
 10
13.03264309135124
 20
-0.0000000016310286
 30
0.0
  0
SPLINE
  5
6B
330
1F
100
AcDbEntity
  8
0
  6
Continuous
 62
     7
370
    25
100
AcDbSpline
210
0.0
220
0.0
230
1.0
 70
     8
 71
     3
 72
    10
 73
     6
 74
     0
 42
0.00000001
 43
0.00000001
 40
0.8282971549181223
 40
0.8282971549181223
 40
0.8282971549181223
 40
0.8282971549181223
 40
0.8722997609300892
 40
0.9354126293833375
 40
1.0
 40
1.0
 40
1.0
 40
1.0
 10
13.73947979080337
 20
0.0000000091456842
 30
0.0
 10
13.70971166044241
 20
-0.0077975476361347
 30
0.0
 10
13.63659626905381
 20
-0.024271797375186
 30
0.0
 10
13.51748011034662
 20
-0.0411794242733965
 30
0.0
 10
13.4281789583543
 20
-0.0436315667121101
 30
0.0
 10
13.38301282051282
 20
-0.0448717948717814
 30
0.0
  0
SPLINE
  5
6D
330
1F
100
AcDbEntity
  8
0
  6
Continuous
 62
     7
370
    25
100
AcDbSpline
210
0.0
220
0.0
230
1.0
 70
     8
 71
     3
 72
    10
 73
     6
 74
     0
 42
0.00000001
 43
0.00000001
 40
0.0
 40
0.0
 40
0.0
 40
0.0
 40
0.0715786576891406
 40
0.1396292246928467
 40
0.1832480650020131
 40
0.1832480650020131
 40
0.1832480650020131
 40
0.1832480650020131
 10
17.97886618589745
 20
-0.0448717948717814
 30
0.0
 10
17.929724208362
 20
-0.0437246195422181
 30
0.0
 10
17.83386244670468
 20
-0.041486812812852
 30
0.0
 10
17.70900501992806
 20
-0.0242242943168103
 30
0.0
 10
17.63413057416285
 20
-0.0075345630926038
 30
0.0
 10
17.60514893624907
 20
-0.0000000099183994
 30
0.0
  0
SPLINE
  5
6E
330
1F
100
AcDbEntity
  8
0
  6
Continuous
 62
     7
370
    25
100
AcDbSpline
210
0.0
220
0.0
230
1.0
 70
     8
 71
     3
 72
    11
 73
     7
 74
     0
 42
0.00000001
 43
0.00000001
 40
0.7367345500067347
 40
0.7367345500067347
 40
0.7367345500067347
 40
0.7367345500067347
 40
0.7386722364878334
 40
0.8218941484362425
 40
0.9088007920466139
 40
0.9999999999999999
 40
0.9999999999999999
 40
0.9999999999999999
 40
0.9999999999999999
 10
18.35809831948046
 20
-0.0000000021120883
 30
0.0
 10
18.35718866858693
 20
-0.000234747327077
 30
0.0
 10
18.31719888375341
 20
-0.0105059185023793
 30
0.0
 10
18.2353974742544
 20
-0.0272097850643194
 30
0.0
 10
18.1094259788756
 20
-0.0422330537147575
 30
0.0
 10
18.02307979900786
 20
-0.0439781944918116
 30
0.0
 10
17.97886618589745
 20
-0.0448717948717814
 30
0.0
  0
SPLINE
  5
70
330
1F
100
AcDbEntity
  8
0
  6
Continuous
 62
     7
370
    25
100
AcDbSpline
210
0.0
220
0.0
230
1.0
 70
     8
 71
     3
 72
    10
 73
     6
 74
     0
 42
0.00000001
 43
0.00000001
 40
0.0
 40
0.0
 40
0.0
 40
0.0
 40
0.1267425189618491
 40
0.2517239612496056
 40
0.3504414944093571
 40
0.3504414944093571
 40
0.3504414944093571
 40
0.3504414944093571
 10
20.42998798076923
 20
-0.0448717948717814
 30
0.0
 10
20.39462080533128
 20
-0.0438790945462286
 30
0.0
 10
20.32437787839261
 20
-0.0419074873829195
 30
0.0
 10
20.2278628604789
 20
-0.0247150949174713
 30
0.0
 10
20.16761281752025
 20
-0.0083206579891137
 30
0.0
 10
20.14136973753333
 20
-0.00000000998851
 30
0.0
  0
SPLINE
  5
71
330
1F
100
AcDbEntity
  8
0
  6
Continuous
 62
     7
370
    25
100
AcDbSpline
210
0.0
220
0.0
230
1.0
 70
     8
 71
     3
 72
    11
 73
     7
 74
     0
 42
0.00000001
 43
0.00000001
 40
0.7651726516502194
 40
0.7651726516502194
 40
0.7651726516502194
 40
0.7651726516502194
 40
0.8054984835712155
 40
0.8686397008205248
 40
0.933066225081167
 40
0.9999999999999999
 40
0.9999999999999999
 40
0.9999999999999999
 40
0.9999999999999999
 10
20.70076937148488
 20
-0.0000000002258749
 30
0.0
 10
20.68593234975346
 20
-0.0054132538359619
 30
0.0
 10
20.64740812035579
 20
-0.0180462296606176
 30
0.0
 10
20.5832522633359
 20
-0.0328091068754754
 30
0.0
 10
20.50762350876428
 20
-0.0427818679696323
 30
0.0
 10
20.45619370063331
 20
-0.0441663441542173
 30
0.0
 10
20.42998798076923
 20
-0.0448717948717814
 30
0.0
  0
SPLINE
  5
73
330
1F
100
AcDbEntity
  8
0
  6
Continuous
 62
     7
370
    25
100
AcDbSpline
210
0.0
220
0.0
230
1.0
 70
     8
 71
     3
 72
    10
 73
     6
 74
     0
 42
0.00000001
 43
0.00000001
 40
0.0
 40
0.0
 40
0.0
 40
0.0
 40
0.1267425189618453
 40
0.2517239612496063
 40
0.3504414944093596
 40
0.3504414944093596
 40
0.3504414944093596
 40
0.3504414944093596
 10
22.31460336538463
 20
-0.0448717948717814
 30
0.0
 10
22.27923618994665
 20
-0.0438790945462286
 30
0.0
 10
22.20899326300801
 20
-0.0419074873829195
 30
0.0
 10
22.11247824509427
 20
-0.0247150949174713
 30
0.0
 10
22.05222820213562
 20
-0.0083206579891137
 30
0.0
 10
22.0259851221487
 20
-0.00000000998851
 30
0.0
  0
SPLINE
  5
74
330
1F
100
AcDbEntity
  8
0
  6
Continuous
 62
     7
370
    25
100
AcDbSpline
210
0.0
220
0.0
230
1.0
 70
     8
 71
     3
 72
    11
 73
     7
 74
     0
 42
0.00000001
 43
0.00000001
 40
0.7651726516502214
 40
0.7651726516502214
 40
0.7651726516502214
 40
0.7651726516502214
 40
0.8054984835712156
 40
0.8686397008205249
 40
0.9330662250811641
 40
1.0
 40
1.0
 40
1.0
 40
1.0
 10
22.58538475610025
 20
-0.0000000002258749
 30
0.0
 10
22.57054773436884
 20
-0.0054132538359619
 30
0.0
 10
22.53202350497119
 20
-0.0180462296606176
 30
0.0
 10
22.46786764795131
 20
-0.0328091068754754
 30
0.0
 10
22.39223889337966
 20
-0.0427818679696323
 30
0.0
 10
22.34080908524869
 20
-0.0441663441542173
 30
0.0
 10
22.31460336538463
 20
-0.0448717948717814
 30
0.0
  0
SPLINE
  5
76
330
1F
100
AcDbEntity
  8
0
  6
Continuous
 62
     7
370
    25
100
AcDbSpline
210
0.0
220
0.0
230
1.0
 70
     8
 71
     3
 72
    10
 73
     6
 74
     0
 42
0.00000001
 43
0.00000001
 40
0.0
 40
0.0
 40
0.0
 40
0.0
 40
0.0687422616054883
 40
0.1346351922242764
 40
0.1795010329040195
 40
0.1795010329040195
 40
0.1795010329040195
 40
0.1795010329040195
 10
24.9276842948718
 20
-0.0448717948717814
 30
0.0
 10
24.87994957536285
 20
-0.0436505986540769
 30
0.0
 10
24.786458715639
 20
-0.0412588241667233
 30
0.0
 10
24.66270953838037
 20
-0.0245352394932508
 30
0.0
 10
24.58755108537522
 20
-0.0078769092986541
 30
0.0
 10
24.55740632646047
 20
-0.000000003001821
 30
0.0
  0
SPLINE
  5
77
330
1F
100
AcDbEntity
  8
0
  6
Continuous
 62
     7
370
    25
100
AcDbSpline
210
0.0
220
0.0
230
1.0
 70
     8
 71
     3
 72
    10
 73
     6
 74
     0
 42
0.00000001
 43
0.00000001
 40
0.8209625013384589
 40
0.8209625013384589
 40
0.8209625013384589
 40
0.8209625013384589
 40
0.8658658412779715
 40
0.9315077951965102
 40
1.0
 40
1.0
 40
1.0
 40
1.0
 10
25.29651866840088
 20
0.0000000090594754
 30
0.0
 10
25.26638542802526
 20
-0.0078677511931025
 30
0.0
 10
25.19147045230441
 20
-0.0244788958555509
 30
0.0
 10
25.06821350647537
 20
-0.0412711104029184
 30
0.0
 10
24.97518628510917
 20
-0.0436546836638518
 30
0.0
 10
24.9276842948718
 20
-0.0448717948717814
 30
0.0
  0
SPLINE
  5
79
330
1F
100
AcDbEntity
  8
0
  6
Continuous
 62
     7
370
    25
100
AcDbSpline
210
0.0
220
0.0
230
1.0
 70
     8
 71
     3
 72
    10
 73
     6
 74
     0
 42
0.00000001
 43
0.00000001
 40
0.0
 40
0.0
 40
0.0
 40
0.0
 40
0.1267425189618454
 40
0.2517239612496065
 40
0.3504414944093556
 40
0.3504414944093556
 40
0.3504414944093556
 40
0.3504414944093556
 10
30.16716746794873
 20
-0.0448717948717814
 30
0.0
 10
30.13180029251075
 20
-0.0438790945462286
 30
0.0
 10
30.06155736557212
 20
-0.0419074873829195
 30
0.0
 10
29.96504234765837
 20
-0.0247150949174713
 30
0.0
 10
29.90479230469972
 20
-0.0083206579891137
 30
0.0
 10
29.87854922471281
 20
-0.00000000998851
 30
0.0
  0
SPLINE
  5
7A
330
1F
100
AcDbEntity
  8
0
  6
Continuous
 62
     7
370
    25
100
AcDbSpline
210
0.0
220
0.0
230
1.0
 70
     8
 71
     3
 72
    11
 73
     7
 74
     0
 42
0.00000001
 43
0.00000001
 40
0.7651726516502203
 40
0.7651726516502203
 40
0.7651726516502203
 40
0.7651726516502203
 40
0.805498483571213
 40
0.8686397008205251
 40
0.9330662250811642
 40
1.0
 40
1.0
 40
1.0
 40
1.0
 10
30.43794885866436
 20
-0.0000000002259304
 30
0.0
 10
30.42311183693297
 20
-0.0054132538359619
 30
0.0
 10
30.38458760753529
 20
-0.0180462296606176
 30
0.0
 10
30.32043175051541
 20
-0.0328091068754754
 30
0.0
 10
30.24480299594379
 20
-0.0427818679696323
 30
0.0
 10
30.19337318781279
 20
-0.0441663441542173
 30
0.0
 10
30.16716746794873
 20
-0.0448717948717814
 30
0.0
  0
SPLINE
  5
7C
330
1F
100
AcDbEntity
  8
0
  6
Continuous
 62
     7
370
    25
100
AcDbSpline
210
0.0
220
0.0
230
1.0
 70
     8
 71
     3
 72
    10
 73
     6
 74
     0
 42
0.00000001
 43
0.00000001
 40
0.0
 40
0.0
 40
0.0
 40
0.0
 40
0.0646199913407682
 40
0.127433484144471
 40
0.1714500204398364
 40
0.1714500204398364
 40
0.1714500204398364
 40
0.1714500204398364
 10
33.82071314102564
 20
-0.0448717948717814
 30
0.0
 10
33.77554518719311
 20
-0.0436454226026561
 30
0.0
 10
33.68647198230512
 20
-0.0412269621870021
 30
0.0
 10
33.56761247186582
 20
-0.0242072420494899
 30
0.0
 10
33.49472782691512
 20
-0.0077918940486477
 30
0.0
 10
33.46496469971741
 20
-0.0000000094887431
 30
0.0
  0
SPLINE
  5
7D
330
1F
100
AcDbEntity
  8
0
  6
Continuous
 62
     7
370
    25
100
AcDbSpline
210
0.0
220
0.0
230
1.0
 70
     8
 71
     3
 72
    10
 73
     6
 74
     0
 42
0.00000001
 43
0.00000001
 40
0.6911640420884083
 40
0.6911640420884083
 40
0.6911640420884083
 40
0.6911640420884083
 40
0.7481449416029932
 40
0.8723701771613553
 40
1.0
 40
1.0
 40
1.0
 40
1.0
 10
34.18565166336504
 20
0.0000000089938612
 30
0.0
 10
34.163694211642
 20
-0.0056535871306718
 30
0.0
 10
34.09342386139713
 20
-0.0219667781484745
 30
0.0
 10
33.97176928098655
 20
-0.04135197284727
 30
0.0
 10
33.87151692619656
 20
-0.0436879947163238
 30
0.0
 10
33.82071314102564
 20
-0.0448717948717814
 30
0.0
  0
SPLINE
  5
7F
330
1F
100
AcDbEntity
  8
0
  6
Continuous
 62
     7
370
    25
100
AcDbSpline
210
0.0
220
0.0
230
1.0
 70
     8
 71
     3
 72
    10
 73
     6
 74
     0
 42
0.00000001
 43
0.00000001
 40
0.0
 40
0.0
 40
0.0
 40
0.0
 40
0.0715786576891439
 40
0.1396292246928498
 40
0.1832480650020136
 40
0.1832480650020136
 40
0.1832480650020136
 40
0.1832480650020136
 10
37.09425080128207
 20
-0.0448717948717814
 30
0.0
 10
37.04510882374662
 20
-0.0437246195422181
 30
0.0
 10
36.9492470620893
 20
-0.041486812812852
 30
0.0
 10
36.82438963531268
 20
-0.0242242943168103
 30
0.0
 10
36.74951518954745
 20
-0.0075345630926038
 30
0.0
 10
36.72053355163369
 20
-0.0000000099183994
 30
0.0
  0
SPLINE
  5
80
330
1F
100
AcDbEntity
  8
0
  6
Continuous
 62
     7
370
    25
100
AcDbSpline
210
0.0
220
0.0
230
1.0
 70
     8
 71
     3
 72
    11
 73
     7
 74
     0
 42
0.00000001
 43
0.00000001
 40
0.7367345500067296
 40
0.7367345500067296
 40
0.7367345500067296
 40
0.7367345500067296
 40
0.7386722364878353
 40
0.8218941484362445
 40
0.9088007920466186
 40
1.0
 40
1.0
 40
1.0
 40
1.0
 10
37.4734829348651
 20
-0.0000000021120883
 30
0.0
 10
37.47257328397158
 20
-0.000234747327077
 30
0.0
 10
37.43258349913805
 20
-0.0105059185023793
 30
0.0
 10
37.35078208963899
 20
-0.0272097850643194
 30
0.0
 10
37.22481059426022
 20
-0.0422330537147575
 30
0.0
 10
37.13846441439247
 20
-0.0439781944918116
 30
0.0
 10
37.09425080128207
 20
-0.0448717948717814
 30
0.0
  0
SPLINE
  5
82
330
1F
100
AcDbEntity
  8
0
  6
Continuous
 62
     7
370
    25
100
AcDbSpline
210
0.0
220
0.0
230
1.0
 70
     8
 71
     3
 72
    10
 73
     6
 74
     0
 42
0.00000001
 43
0.00000001
 40
0.0
 40
0.0
 40
0.0
 40
0.0
 40
0.0695585437274116
 40
0.1363352505575734
 40
0.1850862273074201
 40
0.1850862273074201
 40
0.1850862273074201
 40
0.1850862273074201
 10
41.70062099358973
 20
-0.0448717948717814
 30
0.0
 10
41.65101010990641
 20
-0.043980515071762
 30
0.0
 10
41.55377241781419
 20
-0.0422336001947854
 30
0.0
 10
41.422780420798
 20
-0.0245543406422466
 30
0.0
 10
41.34201590671252
 20
-0.0081349889018978
 30
0.0
 10
41.30822811142687
 20
-0.0000000058633653
 30
0.0
  0
SPLINE
  5
83
330
1F
100
AcDbEntity
  8
0
  6
Continuous
 62
     7
370
    25
100
AcDbSpline
210
0.0
220
0.0
230
1.0
 70
     8
 71
     3
 72
    12
 73
     8
 74
     0
 42
0.00000001
 43
0.00000001
 40
0.7094063943502651
 40
0.7094063943502651
 40
0.7094063943502651
 40
0.7094063943502651
 40
0.7297652560446469
 40
0.7948287708416065
 40
0.8618265399701661
 40
0.9300109324340671
 40
1.0
 40
1.0
 40
1.0
 40
1.0
 10
42.10197002802324
 20
0.0000000035265679
 30
0.0
 10
42.09277247580467
 20
-0.0021859425706761
 30
0.0
 10
42.05409445711311
 20
-0.0110017810052709
 30
0.0
 10
41.98454151084888
 20
-0.0242807082982965
 30
0.0
 10
41.89224187642434
 20
-0.0356344098624284
 30
0.0
 10
41.79729829482221
 20
-0.0441096909817307
 30
0.0
 10
41.73312614351371
 20
-0.0446155578762708
 30
0.0
 10
41.70062099358973
 20
-0.0448717948717814
 30
0.0
  0
SPLINE
  5
85
330
1F
100
AcDbEntity
  8
0
  6
Continuous
 62
     7
370
    25
100
AcDbSpline
210
0.0
220
0.0
230
1.0
 70
     8
 71
     3
 72
    10
 73
     6
 74
     0
 42
0.00000001
 43
0.00000001
 40
0.0
 40
0.0
 40
0.0
 40
0.0
 40
0.0687422616054915
 40
0.1346351922242794
 40
0.1795010329040225
 40
0.1795010329040225
 40
0.1795010329040225
 40
0.1795010329040225
 10
44.76101762820514
 20
-0.0448717948717814
 30
0.0
 10
44.71328290869619
 20
-0.0436505986540769
 30
0.0
 10
44.61979204897234
 20
-0.0412588241667233
 30
0.0
 10
44.49604287171371
 20
-0.0245352394932508
 30
0.0
 10
44.42088441870856
 20
-0.0078769092986541
 30
0.0
 10
44.39073965979382
 20
-0.000000003001821
 30
0.0
  0
SPLINE
  5
86
330
1F
100
AcDbEntity
  8
0
  6
Continuous
 62
     7
370
    25
100
AcDbSpline
210
0.0
220
0.0
230
1.0
 70
     8
 71
     3
 72
    10
 73
     6
 74
     0
 42
0.00000001
 43
0.00000001
 40
0.8209625013384645
 40
0.8209625013384645
 40
0.8209625013384645
 40
0.8209625013384645
 40
0.8658658412779713
 40
0.9315077951965116
 40
1.0
 40
1.0
 40
1.0
 40
1.0
 10
45.12985200173422
 20
0.0000000090594754
 30
0.0
 10
45.09971876135857
 20
-0.0078677511931025
 30
0.0
 10
45.02480378563775
 20
-0.0244788958555509
 30
0.0
 10
44.90154683980868
 20
-0.0412711104029184
 30
0.0
 10
44.80851961844251
 20
-0.0436546836638518
 30
0.0
 10
44.76101762820514
 20
-0.0448717948717814
 30
0.0
  0
SPLINE
  5
88
330
1F
100
AcDbEntity
  8
0
  6
Continuous
 62
     7
370
    25
100
AcDbSpline
210
0.0
220
0.0
230
1.0
 70
     8
 71
     3
 72
    10
 73
     6
 74
     0
 42
0.00000001
 43
0.00000001
 40
0.0
 40
0.0
 40
0.0
 40
0.0
 40
0.0715786576891439
 40
0.1396292246928498
 40
0.1832480650020144
 40
0.1832480650020144
 40
0.1832480650020144
 40
0.1832480650020144
 10
50.5557892628205
 20
-0.0448717948717814
 30
0.0
 10
50.50664728528509
 20
-0.0437246195422181
 30
0.0
 10
50.41078552362777
 20
-0.041486812812852
 30
0.0
 10
50.28592809685112
 20
-0.0242242943168103
 30
0.0
 10
50.21105365108591
 20
-0.0075345630926038
 30
0.0
 10
50.18207201317212
 20
-0.0000000099183994
 30
0.0
  0
SPLINE
  5
89
330
1F
100
AcDbEntity
  8
0
  6
Continuous
 62
     7
370
    25
100
AcDbSpline
210
0.0
220
0.0
230
1.0
 70
     8
 71
     3
 72
    11
 73
     7
 74
     0
 42
0.00000001
 43
0.00000001
 40
0.7367345500067457
 40
0.7367345500067457
 40
0.7367345500067457
 40
0.7367345500067457
 40
0.7386722364878353
 40
0.8218941484362445
 40
0.9088007920466186
 40
1.0
 40
1.0
 40
1.0
 40
1.0
 10
50.93502139640355
 20
-0.0000000021120883
 30
0.0
 10
50.93411174551002
 20
-0.000234747327077
 30
0.0
 10
50.8941219606765
 20
-0.0105059185023793
 30
0.0
 10
50.81232055117746
 20
-0.0272097850643194
 30
0.0
 10
50.68634905579869
 20
-0.0422330537147575
 30
0.0
 10
50.60000287593092
 20
-0.0439781944918116
 30
0.0
 10
50.5557892628205
 20
-0.0448717948717814
 30
0.0
  0
SPLINE
  5
8F
330
1F
100
AcDbEntity
  8
0
  6
Continuous
 62
     7
370
    25
100
AcDbSpline
210
0.0
220
0.0
230
1.0
 70
     8
 71
     3
 72
    14
 73
    10
 74
     0
 42
0.00000001
 43
0.00000001
 40
0.0
 40
0.0
 40
0.0
 40
0.0
 40
0.0696628008990773
 40
0.1377495622582727
 40
0.2039167435177825
 40
0.2687798623293366
 40
0.3324137064772238
 40
0.3947535404471393
 40
0.4022050553739213
 40
0.4022050553739213
 40
0.4022050553739213
 40
0.4022050553739213
 10
2.156650641025632
 20
-0.0897435897435628
 30
0.0
 10
2.119006973967941
 20
-0.0894815971878016
 30
0.0
 10
2.044571283871199
 20
-0.0889635393519494
 30
0.0
 10
1.934672532259069
 20
-0.0805713719409518
 30
0.0
 10
1.82768295145741
 20
-0.0691216350309776
 30
0.0
 10
1.723908325590717
 20
-0.0518815039670106
 30
0.0
 10
1.62278235054425
 20
-0.0315371639131312
 30
0.0
 10
1.553321154933923
 20
-0.0121205716400175
 30
0.0
 10
1.517230436483358
 20
-0.0011779106097731
 30
0.0
 10
1.513380116925062
 20
0.0000000095059516
 30
0.0
  0
SPLINE
  5
90
330
1F
100
AcDbEntity
  8
0
  6
Continuous
 62
     7
370
    25
100
AcDbSpline
210
0.0
220
0.0
230
1.0
 70
     8
 71
     3
 72
    13
 73
     9
 74
     0
 42
0.00000001
 43
0.00000001
 40
0.6442697080615447
 40
0.6442697080615447
 40
0.6442697080615447
 40
0.6442697080615447
 40
0.6735285303101516
 40
0.736961456657304
 40
0.8007852828728401
 40
0.8660125956416148
 40
0.9321007477905786
 40
1.0
 40
1.0
 40
1.0
 40
1.0
 10
2.772381476754987
 20
0.0000000010260681
 30
0.0
 10
2.756039309845248
 20
-0.0051258710586644
 30
0.0
 10
2.704054498254449
 20
-0.0206814028234081
 30
0.0
 10
2.615199022948739
 20
-0.0431730419088727
 30
0.0
 10
2.504483266121821
 20
-0.0644441257823258
 30
0.0
 10
2.39111279202861
 20
-0.078663800627099
 30
0.0
 10
2.274842916809599
 20
-0.0884057150619122
 30
0.0
 10
2.196401495683842
 20
-0.0892936308806158
 30
0.0
 10
2.156650641025632
 20
-0.0897435897435628
 30
0.0
  0
CIRCLE
  5
92
330
1F
100
AcDbEntity
  8
0
  6
Continuous
 62
     7
370
    25
100
AcDbCircle
 10
24.0
 20
-700.0
 30
0.0
 40
3.100000000000069
  0
CIRCLE
  5
93
330
1F
100
AcDbEntity
  8
0
  6
Continuous
 62
     7
370
    25
100
AcDbCircle
 10
381.0
 20
-100.0
 30
0.0
 40
3.10000000000008
  0
CIRCLE
  5
94
330
1F
100
AcDbEntity
  8
0
  6
Continuous
 62
     7
370
    25
100
AcDbCircle
 10
24.0
 20
-100.0
 30
0.0
 40
3.100000000000012
  0
CIRCLE
  5
95
330
1F
100
AcDbEntity
  8
0
  6
Continuous
 62
     7
370
    25
100
AcDbCircle
 10
381.0
 20
-700.0
 30
0.0
 40
3.100000000000023
  0
CIRCLE
  5
96
330
1F
100
AcDbEntity
  8
0
  6
Continuous
 62
     7
370
    25
100
AcDbCircle
 10
50.0
 20
-24.0
 30
0.0
 40
3.10000000000003
  0
CIRCLE
  5
97
330
1F
100
AcDbEntity
  8
0
  6
Continuous
 62
     7
370
    25
100
AcDbCircle
 10
350.0
 20
-776.0
 30
0.0
 40
3.099999999999966
  0
CIRCLE
  5
98
330
1F
100
AcDbEntity
  8
0
  6
Continuous
 62
     7
370
    25
100
AcDbCircle
 10
50.0
 20
-776.0
 30
0.0
 40
3.100000000000037
  0
CIRCLE
  5
99
330
1F
100
AcDbEntity
  8
0
  6
Continuous
 62
     7
370
    25
100
AcDbCircle
 10
100.0
 20
-776.0
 30
0.0
 40
3.100000000000009
  0
CIRCLE
  5
9A
330
1F
100
AcDbEntity
  8
0
  6
Continuous
 62
     7
370
    25
100
AcDbCircle
 10
150.0
 20
-776.0
 30
0.0
 40
3.099999999999966
  0
CIRCLE
  5
9B
330
1F
100
AcDbEntity
  8
0
  6
Continuous
 62
     7
370
    25
100
AcDbCircle
 10
200.0
 20
-776.0
 30
0.0
 40
3.099999999999966
  0
CIRCLE
  5
9C
330
1F
100
AcDbEntity
  8
0
  6
Continuous
 62
     7
370
    25
100
AcDbCircle
 10
100.0
 20
-24.0
 30
0.0
 40
3.100000000000023
  0
CIRCLE
  5
9D
330
1F
100
AcDbEntity
  8
0
  6
Continuous
 62
     7
370
    25
100
AcDbCircle
 10
150.0
 20
-24.0
 30
0.0
 40
3.099999999999994
  0
CIRCLE
  5
9E
330
1F
100
AcDbEntity
  8
0
  6
Continuous
 62
     7
370
    25
100
AcDbCircle
 10
200.0
 20
-24.0
 30
0.0
 40
3.099999999999994
  0
CIRCLE
  5
9F
330
1F
100
AcDbEntity
  8
0
  6
Continuous
 62
     7
370
    25
100
AcDbCircle
 10
250.0
 20
-24.0
 30
0.0
 40
3.099999999999994
  0
CIRCLE
  5
A0
330
1F
100
AcDbEntity
  8
0
  6
Continuous
 62
     7
370
    25
100
AcDbCircle
 10
300.0
 20
-24.0
 30
0.0
 40
3.099999999999966
  0
CIRCLE
  5
A1
330
1F
100
AcDbEntity
  8
0
  6
Continuous
 62
     7
370
    25
100
AcDbCircle
 10
350.0
 20
-24.0
 30
0.0
 40
3.100000000000023
  0
CIRCLE
  5
A2
330
1F
100
AcDbEntity
  8
0
  6
Continuous
 62
     7
370
    25
100
AcDbCircle
 10
300.0
 20
-776.0
 30
0.0
 40
3.099999999999966
  0
CIRCLE
  5
A3
330
1F
100
AcDbEntity
  8
0
  6
Continuous
 62
     7
370
    25
100
AcDbCircle
 10
250.0
 20
-776.0
 30
0.0
 40
3.099999999999966
  0
SPLINE
  5
A6
330
1F
100
AcDbEntity
  8
0
  6
Continuous
 62
     7
370
    25
100
AcDbSpline
210
0.0
220
0.0
230
1.0
 70
     8
 71
     3
 72
    13
 73
     9
 74
     0
 42
0.00000001
 43
0.00000001
 40
0.0
 40
0.0
 40
0.0
 40
0.0
 40
0.343762191421818
 40
0.4918338323011656
 40
0.624109070410769
 40
0.7413996050398923
 40
0.8430618504426297
 40
1.0
 40
1.0
 40
1.0
 40
1.0
 10
398.1352801469857
 20
-754.2293793727814
 30
0.0
 10
398.1347336898078
 20
-754.1283987113221
 30
0.0
 10
398.1369567612174
 20
-753.9839521012121
 30
0.0
 10
398.1422310401067
 20
-753.8006965237913
 30
0.0
 10
398.1487841912493
 20
-753.6840807879486
 30
0.0
 10
398.1559323574746
 20
-753.5811441639248
 30
0.0
 10
398.168156117646
 20
-753.4714047816442
 30
0.0
 10
398.1796200713606
 20
-753.3962327191571
 30
0.0
 10
398.1913698905754
 20
-753.351574885602
 30
0.0
  0
SPLINE
  5
A7
330
1F
100
AcDbEntity
  8
0
  6
Continuous
 62
     7
370
    25
100
AcDbSpline
210
0.0
220
0.0
230
1.0
 70
     8
 71
     3
 72
    17
 73
    13
 74
     0
 42
0.00000001
 43
0.00000001
 40
0.0
 40
0.0
 40
0.0
 40
0.0
 40
0.1717166158285176
 40
0.2506679767741653
 40
0.3258823275093814
 40
0.3968812716963532
 40
0.4635748406535285
 40
0.5280697489487146
 40
0.5896876632767218
 40
0.7048093833748625
 40
0.8086618718636281
 40
1.0
 40
1.0
 40
1.0
 40
1.0
 10
398.1913698905754
 20
-753.351574885602
 30
0.0
 10
398.2032930379345
 20
-753.3071034713965
 30
0.0
 10
398.2228144252769
 20
-753.2426255915963
 30
0.0
 10
398.2556658651017
 20
-753.1615707464282
 30
0.0
 10
398.2813247976658
 20
-753.1068393011052
 30
0.0
 10
398.3094968368904
 20
-753.0571102256476
 30
0.0
 10
398.3389791135918
 20
-753.0115307070812
 30
0.0
 10
398.3711195403831
 20
-752.9708851194496
 30
0.0
 10
398.4161613493265
 20
-752.9243245865374
 30
0.0
 10
398.4743358044238
 20
-752.8761396276218
 30
0.0
 10
398.5692789164451
 20
-752.8193043143439
 30
0.0
 10
398.648158166968
 20
-752.8004266319597
 30
0.0
 10
398.6996831918575
 20
-752.8004931548328
 30
0.0
  0
SPLINE
  5
A8
330
1F
100
AcDbEntity
  8
0
  6
Continuous
 62
     7
370
    25
100
AcDbSpline
210
0.0
220
0.0
230
1.0
 70
     8
 71
     3
 72
     9
 73
     5
 74
     0
 42
0.00000001
 43
0.00000001
 40
0.0
 40
0.0
 40
0.0
 40
0.0
 40
0.4397700551117181
 40
1.0
 40
1.0
 40
1.0
 40
1.0
 10
398.6996831918575
 20
-752.8004931548328
 30
0.0
 10
398.7243672316822
 20
-752.8008155435369
 30
0.0
 10
398.7801543868926
 20
-752.8101400990204
 30
0.0
 10
398.8316270451108
 20
-752.8333957376393
 30
0.0
 10
398.8602400828831
 20
-752.8460660714994
 30
0.0
  0
SPLINE
  5
AA
330
1F
100
AcDbEntity
  8
0
  6
Continuous
 62
     7
370
    25
100
AcDbSpline
210
0.0
220
0.0
230
1.0
 70
     8
 71
     3
 72
     9
 73
     5
 74
     0
 42
0.00000001
 43
0.00000001
 40
0.0
 40
0.0
 40
0.0
 40
0.0
 40
0.5364768048234535
 40
1.0
 40
1.0
 40
1.0
 40
1.0
 10
399.0327160444216
 20
-752.5740308150891
 30
0.0
 10
398.9883749393625
 20
-752.5471709243129
 30
0.0
 10
398.9007218276457
 20
-752.5036330128335
 30
0.0
 10
398.8042549973421
 20
-752.4867400116175
 30
0.0
 10
398.7592785444216
 20
-752.4863905907301
 30
0.0
  0
SPLINE
  5
AB
330
1F
100
AcDbEntity
  8
0
  6
Continuous
 62
     7
370
    25
100
AcDbSpline
210
0.0
220
0.0
230
1.0
 70
     8
 71
     3
 72
    13
 73
     9
 74
     0
 42
0.00000001
 43
0.00000001
 40
0.0
 40
0.0
 40
0.0
 40
0.0
 40
0.2138863655718752
 40
0.3246827750473033
 40
0.4394585447448174
 40
0.5616334858698072
 40
0.6938876172598951
 40
1.0
 40
1.0
 40
1.0
 40
1.0
 10
398.7592785444216
 20
-752.4863905907301
 30
0.0
 10
398.7031981516515
 20
-752.4867796073024
 30
0.0
 10
398.617639556758
 20
-752.4986262577942
 30
0.0
 10
398.5100662644033
 20
-752.5413034665307
 30
0.0
 10
398.4296852337964
 20
-752.5850638058306
 30
0.0
 10
398.3520493708468
 20
-752.6435920851956
 30
0.0
 10
398.2462524774254
 20
-752.7462831461864
 30
0.0
 10
398.1783002750919
 20
-752.8400508307351
 30
0.0
 10
398.1352801469857
 20
-752.9077647894482
 30
0.0
  0
SPLINE
  5
AF
330
1F
100
AcDbEntity
  8
0
  6
Continuous
 62
     7
370
    25
100
AcDbSpline
210
0.0
220
0.0
230
1.0
 70
     8
 71
     3
 72
    21
 73
    17
 74
     0
 42
0.00000001
 43
0.00000001
 40
0.0
 40
0.0
 40
0.0
 40
0.0
 40
0.1276691474530114
 40
0.1889505232706923
 40
0.2490548673082609
 40
0.3090713134763036
 40
0.3692223593686969
 40
0.4301747620270164
 40
0.4926019887960188
 40
0.5553468768935645
 40
0.6169627615205089
 40
0.6781707771924026
 40
0.7392465225515307
 40
0.8016089422160432
 40
0.8655244124565488
 40
1.0
 40
1.0
 40
1.0
 40
1.0
 10
395.9274476149344
 20
-754.8197239240635
 30
0.0
 10
395.8644364605502
 20
-754.8200736083666
 30
0.0
 10
395.7713082096576
 20
-754.8113546437048
 30
0.0
 10
395.6513261445852
 20
-754.7842881837245
 30
0.0
 10
395.5665538695254
 20
-754.7552171126473
 30
0.0
 10
395.485655916852
 20
-754.718027850456
 30
0.0
 10
395.4087623146294
 20
-754.6722247757164
 30
0.0
 10
395.3364795853154
 20
-754.6175723112004
 30
0.0
 10
395.2677724553429
 20
-754.5565117392296
 30
0.0
 10
395.2060468765366
 20
-754.4879445526863
 30
0.0
 10
395.1507068834192
 20
-754.4149066274401
 30
0.0
 10
395.1043227869817
 20
-754.3367446190618
 30
0.0
 10
395.0664498724739
 20
-754.253814372022
 30
0.0
 10
395.0352041075224
 20
-754.1667317922745
 30
0.0
 10
395.0049235768493
 20
-754.0415185010261
 30
0.0
 10
394.9960432304298
 20
-753.9436622427648
 30
0.0
 10
394.99425450596
 20
-753.8774162317559
 30
0.0
  0
SPLINE
  5
B1
330
1F
100
AcDbEntity
  8
0
  6
Continuous
 62
     7
370
    25
100
AcDbSpline
210
0.0
220
0.0
230
1.0
 70
     8
 71
     3
 72
    13
 73
     9
 74
     0
 42
0.00000001
 43
0.00000001
 40
0.0
 40
0.0
 40
0.0
 40
0.0
 40
0.270381617831995
 40
0.3984601291783538
 40
0.5227503451015167
 40
0.6438255660090613
 40
0.763745236838236
 40
1.0
 40
1.0
 40
1.0
 40
1.0
 10
397.2827160444215
 20
-753.8774162317559
 30
0.0
 10
397.2811265797674
 20
-753.7921565902723
 30
0.0
 10
397.2737655462653
 20
-753.6661742509134
 30
0.0
 10
397.2431640628402
 20
-753.5038181324633
 30
0.0
 10
397.21215392978
 20
-753.3899917818283
 30
0.0
 10
397.1737771521107
 20
-753.2811100480353
 30
0.0
 10
397.1101663841167
 20
-753.1443240261448
 30
0.0
 10
397.0502573437304
 20
-753.0486848627975
 30
0.0
 10
397.0043706918574
 20
-752.9897960394482
 30
0.0
  0
SPLINE
  5
B2
330
1F
100
AcDbEntity
  8
0
  6
Continuous
 62
     7
370
    25
100
AcDbSpline
210
0.0
220
0.0
230
1.0
 70
     8
 71
     3
 72
    13
 73
     9
 74
     0
 42
0.00000001
 43
0.00000001
 40
0.0
 40
0.0
 40
0.0
 40
0.0
 40
0.2552573681410112
 40
0.3772478104725455
 40
0.4977415562850247
 40
0.6181201760749893
 40
0.7409671592206143
 40
1.0
 40
1.0
 40
1.0
 40
1.0
 10
397.0043706918574
 20
-752.9897960394482
 30
0.0
 10
396.9429835481644
 20
-752.9091359268486
 30
0.0
 10
396.8395406340259
 20
-752.7994962364272
 30
0.0
 10
396.6812654582337
 20
-752.6804254511256
 30
0.0
 10
396.5555959466579
 20
-752.609213704418
 30
0.0
 10
396.4217516011515
 20
-752.5541280729284
 30
0.0
 10
396.2291585379991
 20
-752.5008388227694
 30
0.0
 10
396.0772502772709
 20
-752.4859586171485
 30
0.0
 10
395.9744227751908
 20
-752.4863905907301
 30
0.0
  0
SPLINE
  5
B3
330
1F
100
AcDbEntity
  8
0
  6
Continuous
 62
     7
370
    25
100
AcDbSpline
210
0.0
220
0.0
230
1.0
 70
     8
 71
     3
 72
    13
 73
     9
 74
     0
 42
0.00000001
 43
0.00000001
 40
0.0
 40
0.0
 40
0.0
 40
0.0
 40
0.2602406645594727
 40
0.3836752253641756
 40
0.5046599577622066
 40
0.6253567426858193
 40
0.7464106650135018
 40
1.0
 40
1.0
 40
1.0
 40
1.0
 10
395.9744227751908
 20
-752.4863905907301
 30
0.0
 10
395.874966564074
 20
-752.4875891709165
 30
0.0
 10
395.7270907670984
 20
-752.4986180217762
 30
0.0
 10
395.5405447411274
 20
-752.5511124246641
 30
0.0
 10
395.4102033064038
 20
-752.6027449543805
 30
0.0
 10
395.2886262833723
 20
-752.6707844997449
 30
0.0
 10
395.1339641313929
 20
-752.7815470267204
 30
0.0
 10
395.0351961559866
 20
-752.8874288620902
 30
0.0
 10
394.9746230957036
 20
-752.963153411243
 30
0.0
  0
SPLINE
  5
B4
330
1F
100
AcDbEntity
  8
0
  6
Continuous
 62
     7
370
    25
100
AcDbSpline
210
0.0
220
0.0
230
1.0
 70
     8
 71
     3
 72
    13
 73
     9
 74
     0
 42
0.00000001
 43
0.00000001
 40
0.0
 40
0.0
 40
0.0
 40
0.0
 40
0.2534216680665158
 40
0.3767041167575892
 40
0.4994491585174488
 40
0.6225715734186702
 40
0.746232099975466
 40
1.0
 40
1.0
 40
1.0
 40
1.0
 10
394.9746230957035
 20
-752.9631534112428
 30
0.0
 10
394.9270718332092
 20
-753.0246452350688
 30
0.0
 10
394.8619080004803
 20
-753.1207145063487
 30
0.0
 10
394.7937352241238
 20
-753.2582255425802
 30
0.0
 10
394.752156122403
 20
-753.3637657922985
 30
0.0
 10
394.720008689676
 20
-753.4726534841137
 30
0.0
 10
394.6883813101189
 20
-753.6231971950731
 30
0.0
 10
394.6811052300626
 20
-753.7393260552377
 30
0.0
 10
394.6801519418574
 20
-753.8171197573969
 30
0.0
  0
SPLINE
  5
B5
330
1F
100
AcDbEntity
  8
0
  6
Continuous
 62
     7
370
    25
100
AcDbSpline
210
0.0
220
0.0
230
1.0
 70
     8
 71
     3
 72
    21
 73
    17
 74
     0
 42
0.00000001
 43
0.00000001
 40
0.0
 40
0.0
 40
0.0
 40
0.0
 40
0.1210804245006106
 40
0.1800682782218705
 40
0.2391896643238499
 40
0.2987059533012284
 40
0.3588810785072377
 40
0.4203687292950671
 40
0.4834483096802256
 40
0.5465664849029381
 40
0.6086986022254598
 40
0.6701862530132596
 40
0.7318650366033315
 40
0.7952033026033453
 40
0.8603707753071399
 40
1.0
 40
1.0
 40
1.0
 40
1.0
 10
394.6801519418574
 20
-753.817119757397
 30
0.0
 10
394.6810666690947
 20
-753.9001423977468
 30
0.0
 10
394.6898462933942
 20
-754.0239942047345
 30
0.0
 10
394.7259275776669
 20
-754.1844413489642
 30
0.0
 10
394.7643029745808
 20
-754.3003037244484
 30
0.0
 10
394.8118635544277
 20
-754.41357465816
 30
0.0
 10
394.8703188131271
 20
-754.5235377743604
 30
0.0
 10
394.9402452323146
 20
-754.6294936756398
 30
0.0
 10
395.0194889513293
 20
-754.7311756786125
 30
0.0
 10
395.1075131968533
 20
-754.8261919219353
 30
0.0
 10
395.2063327416602
 20
-754.9083249175957
 30
0.0
 10
395.3128334863563
 20
-754.9782816660447
 30
0.0
 10
395.4275761648592
 20
-755.0357192931332
 30
0.0
 10
395.550786217083
 20
-755.0796449669198
 30
0.0
 10
395.7300180601144
 20
-755.1227913222231
 30
0.0
 10
395.870939755453
 20
-755.1337876052648
 30
0.0
 10
395.9667104354472
 20
-755.133826488166
 30
0.0
  0
SPLINE
  5
B6
330
1F
100
AcDbEntity
  8
0
  6
Continuous
 62
     7
370
    25
100
AcDbSpline
210
0.0
220
0.0
230
1.0
 70
     8
 71
     3
 72
    17
 73
    13
 74
     0
 42
0.00000001
 43
0.00000001
 40
0.0
 40
0.0
 40
0.0
 40
0.0
 40
0.1781058515637343
 40
0.2613277635121393
 40
0.341556569470565
 40
0.4200079090126303
 40
0.4980968161625923
 40
0.5754001382820819
 40
0.6536452159656927
 40
0.7341257729573555
 40
0.8183392339289957
 40
1.0
 40
1.0
 40
1.0
 40
1.0
 10
395.9667104354472
 20
-755.133826488166
 30
0.0
 10
396.053004227205
 20
-755.1338153279916
 30
0.0
 10
396.1798807089751
 20
-755.12516110696
 30
0.0
 10
396.3422639815511
 20
-755.0918354088325
 30
0.0
 10
396.4545626310928
 20
-755.0574571740553
 30
0.0
 10
396.5604124475196
 20
-755.0126964823579
 30
0.0
 10
396.660701763035
 20
-754.959580400332
 30
0.0
 10
396.7554323500466
 20
-754.897240883357
 30
0.0
 10
396.8451099560749
 20
-754.8259939338817
 30
0.0
 10
396.9301829488169
 20
-754.7442475157002
 30
0.0
 10
397.0371288329249
 20
-754.6144853609794
 30
0.0
 10
397.106599823685
 20
-754.5054894752561
 30
0.0
 10
397.1481006598062
 20
-754.4277968407301
 30
0.0
  0
SPLINE
  5
B8
330
1F
100
AcDbEntity
  8
0
  6
Continuous
 62
     7
370
    25
100
AcDbSpline
210
0.0
220
0.0
230
1.0
 70
     8
 71
     3
 72
    17
 73
    13
 74
     0
 42
0.00000001
 43
0.00000001
 40
0.0
 40
0.0
 40
0.0
 40
0.0
 40
0.2079350339033724
 40
0.2946939715679036
 40
0.3697315241424752
 40
0.4408309438027385
 40
0.5142509140460876
 40
0.5913900390896797
 40
0.672274304645895
 40
0.7543412603704857
 40
0.8361211059015231
 40
1.0
 40
1.0
 40
1.0
 40
1.0
 10
396.8690541854472
 20
-754.281262385602
 30
0.0
 10
396.8265294594443
 20
-754.347809869505
 30
0.0
 10
396.7594136897742
 20
-754.4374403349564
 30
0.0
 10
396.6659159007734
 20
-754.5422592665856
 30
0.0
 10
396.5998640609398
 20
-754.6012805917188
 30
0.0
 10
396.5317424420518
 20
-754.6494869494876
 30
0.0
 10
396.4588634980663
 20
-754.6916380915503
 30
0.0
 10
396.3796175997355
 20
-754.7297386040357
 30
0.0
 10
396.2940467879843
 20
-754.761323834722
 30
0.0
 10
396.2047860447206
 20
-754.7871821115127
 30
0.0
 10
396.0829377512484
 20
-754.8127016935389
 30
0.0
 10
395.9896415188742
 20
-754.8200247548128
 30
0.0
 10
395.9274476149344
 20
-754.8197239240635
 30
0.0
  0
SPLINE
  5
C0
330
1F
100
AcDbEntity
  8
0
  6
Continuous
 62
     7
370
    25
100
AcDbSpline
210
0.0
220
0.0
230
1.0
 70
     8
 71
     3
 72
    13
 73
     9
 74
     0
 42
0.00000001
 43
0.00000001
 40
0.0
 40
0.0
 40
0.0
 40
0.0
 40
0.2537592050616051
 40
0.3772863205702465
 40
0.4989121128148266
 40
0.6213214040214424
 40
0.7447622750750829
 40
1.0
 40
1.0
 40
1.0
 40
1.0
 10
389.19737950596
 20
-752.9098681548329
 30
0.0
 10
389.1409662060749
 20
-752.9723790530277
 30
0.0
 10
389.0632677181329
 20
-753.0714943892744
 30
0.0
 10
388.9821124436041
 20
-753.2162473362239
 30
0.0
 10
388.9325640923688
 20
-753.3279790613792
 30
0.0
 10
388.8938733765413
 20
-753.44390975764
 30
0.0
 10
388.8568604909166
 20
-753.6064206462019
 30
0.0
 10
388.8473128752736
 20
-753.7324129600637
 30
0.0
 10
388.8468186085241
 20
-753.8171197573969
 30
0.0
  0
SPLINE
  5
C1
330
1F
100
AcDbEntity
  8
0
  6
Continuous
 62
     7
370
    25
100
AcDbSpline
210
0.0
220
0.0
230
1.0
 70
     8
 71
     3
 72
    21
 73
    17
 74
     0
 42
0.00000001
 43
0.00000001
 40
0.0
 40
0.0
 40
0.0
 40
0.0
 40
0.1231816483428197
 40
0.183034336324723
 40
0.2428661924761641
 40
0.3025168847059256
 40
0.3633154622038817
 40
0.4250692989986601
 40
0.4890423674851465
 40
0.5530871422752459
 40
0.6154454653923679
 40
0.6772864118409863
 40
0.7391749874395761
 40
0.8016758129328337
 40
0.8653648077757099
 40
1.0
 40
1.0
 40
1.0
 40
1.0
 10
388.8468186085241
 20
-753.8171197573969
 30
0.0
 10
388.8463117011385
 20
-753.902687174524
 30
0.0
 10
388.8580210481605
 20
-754.0298080674565
 30
0.0
 10
388.8966526458597
 20
-754.1941968576032
 30
0.0
 10
388.9374352754311
 20
-754.3120556798016
 30
0.0
 10
388.9898066684918
 20
-754.4259383396435
 30
0.0
 10
389.0536933879752
 20
-754.5353484432056
 30
0.0
 10
389.1295673905212
 20
-754.6404984663524
 30
0.0
 10
389.2155657207987
 20
-754.7405084755957
 30
0.0
 10
389.3106377716047
 20
-754.8326442170475
 30
0.0
 10
389.4138376982848
 20
-754.9132050812493
 30
0.0
 10
389.5236240874084
 20
-754.9818141605399
 30
0.0
 10
389.640769355651
 20
-755.0371184706252
 30
0.0
 10
389.7639963515002
 20
-755.0809489225065
 30
0.0
 10
389.9405148295057
 20
-755.1229083028943
 30
0.0
 10
390.0785331844968
 20
-755.1334043955668
 30
0.0
 10
390.1719388008319
 20
-755.133826488166
 30
0.0
  0
SPLINE
  5
C2
330
1F
100
AcDbEntity
  8
0
  6
Continuous
 62
     7
370
    25
100
AcDbSpline
210
0.0
220
0.0
230
1.0
 70
     8
 71
     3
 72
    21
 73
    17
 74
     0
 42
0.00000001
 43
0.00000001
 40
0.0
 40
0.0
 40
0.0
 40
0.0
 40
0.1341341587220189
 40
0.1979034644236261
 40
0.2604831025120445
 40
0.3221455286916401
 40
0.3837784671889236
 40
0.4462154232078666
 40
0.5103409574898266
 40
0.5743946950476096
 40
0.6362264024961038
 40
0.6971016460802578
 40
0.756827556930264
 40
0.8167348601469226
 40
0.8766630214626513
 40
1.0
 40
1.0
 40
1.0
 40
1.0
 10
390.1719388008319
 20
-755.133826488166
 30
0.0
 10
390.2648888502185
 20
-755.133462522612
 30
0.0
 10
390.4024161470361
 20
-755.1227856384039
 30
0.0
 10
390.5784713087364
 20
-755.0809337993343
 30
0.0
 10
390.7015373352039
 20
-755.0372623268551
 30
0.0
 10
390.8181810704228
 20
-754.981815879851
 30
0.0
 10
390.9273350068779
 20
-754.9129970355549
 30
0.0
 10
391.0304511636387
 20
-754.8326680347471
 30
0.0
 10
391.1255031069274
 20
-754.7405020220042
 30
0.0
 10
391.2115068284367
 20
-754.6405001291062
 30
0.0
 10
391.2873794398355
 20
-754.5353480116269
 30
0.0
 10
391.3512665206865
 20
-754.4259384520938
 30
0.0
 10
391.4036378191411
 20
-754.3120556498242
 30
0.0
 10
391.4444204739397
 20
-754.1941968656048
 30
0.0
 10
391.4830520626694
 20
-754.0298080619555
 30
0.0
 10
391.494761415233
 20
-753.9026871773652
 30
0.0
 10
391.49425450596
 20
-753.8171197573969
 30
0.0
  0
SPLINE
  5
C3
330
1F
100
AcDbEntity
  8
0
  6
Continuous
 62
     7
370
    25
100
AcDbSpline
210
0.0
220
0.0
230
1.0
 70
     8
 71
     3
 72
    13
 73
     9
 74
     0
 42
0.00000001
 43
0.00000001
 40
0.0
 40
0.0
 40
0.0
 40
0.0
 40
0.255435255095619
 40
0.378632271267495
 40
0.501466314332071
 40
0.623494377477758
 40
0.7461656372032204
 40
1.0
 40
1.0
 40
1.0
 40
1.0
 10
391.49425450596
 20
-753.8171197573969
 30
0.0
 10
391.4937801171657
 20
-753.7321829108118
 30
0.0
 10
391.4842963084411
 20
-753.6059409478834
 30
0.0
 10
391.4471043258601
 20
-753.4430016481639
 30
0.0
 10
391.4084621564106
 20
-753.3266204467405
 30
0.0
 10
391.3593580815676
 20
-753.2144019407627
 30
0.0
 10
391.2771186815792
 20
-753.0700411500169
 30
0.0
 10
391.20072461826
 20
-752.9701027098253
 30
0.0
 10
391.1436936085241
 20
-752.9077647894482
 30
0.0
  0
SPLINE
  5
C4
330
1F
100
AcDbEntity
  8
0
  6
Continuous
 62
     7
370
    25
100
AcDbSpline
210
0.0
220
0.0
230
1.0
 70
     8
 71
     3
 72
    13
 73
     9
 74
     0
 42
0.00000001
 43
0.00000001
 40
0.0
 40
0.0
 40
0.0
 40
0.0
 40
0.2531294102724274
 40
0.3753070134590543
 40
0.4961956083999042
 40
0.6178660239074872
 40
0.7416676494858474
 40
1.0
 40
1.0
 40
1.0
 40
1.0
 10
391.1436936085241
 20
-752.9077647894482
 30
0.0
 10
391.0815351245336
 20
-752.839828184297
 30
0.0
 10
390.9799198185931
 20
-752.7471060592152
 30
0.0
 10
390.8275558209389
 20
-752.6495597282067
 30
0.0
 10
390.7091761768093
 20
-752.5888315153153
 30
0.0
 10
390.5833802632163
 20
-752.5436256031161
 30
0.0
 10
390.4052551347621
 20
-752.4989816319827
 30
0.0
 10
390.2660289621408
 20
-752.4854159501323
 30
0.0
 10
390.1719388008319
 20
-752.4863905907301
 30
0.0
  0
SPLINE
  5
C5
330
1F
100
AcDbEntity
  8
0
  6
Continuous
 62
     7
370
    25
100
AcDbSpline
210
0.0
220
0.0
230
1.0
 70
     8
 71
     3
 72
    13
 73
     9
 74
     0
 42
0.00000001
 43
0.00000001
 40
0.0
 40
0.0
 40
0.0
 40
0.0
 40
0.2587123826907364
 40
0.3820894432541405
 40
0.5035635736272872
 40
0.6251808674329202
 40
0.7472870144845709
 40
1.0
 40
1.0
 40
1.0
 40
1.0
 10
390.1719388008319
 20
-752.4863905907301
 30
0.0
 10
390.0773714936081
 20
-752.4855272350104
 30
0.0
 10
389.9377455298451
 20
-752.4990126563947
 30
0.0
 10
389.7588969089339
 20
-752.5433587853345
 30
0.0
 10
389.63320222785
 20
-752.5901304357708
 30
0.0
 10
389.513520889717
 20
-752.6496618103679
 30
0.0
 10
389.3615186630788
 20
-752.7491822227361
 30
0.0
 10
389.2589981948882
 20
-752.8410233371477
 30
0.0
 10
389.19737950596
 20
-752.9098681548328
 30
0.0
  0
SPLINE
  5
C6
330
1F
100
AcDbEntity
  8
0
  6
Continuous
 62
     7
370
    25
100
AcDbSpline
210
0.0
220
0.0
230
1.0
 70
     8
 71
     3
 72
    29
 73
    25
 74
     0
 42
0.00000001
 43
0.00000001
 40
0.0
 40
0.0
 40
0.0
 40
0.0
 40
0.0904049698337527
 40
0.1340218577669695
 40
0.1771929296099356
 40
0.2199566394228779
 40
0.2622486054529676
 40
0.3045538809267136
 40
0.3467622647176086
 40
0.3886297618353307
 40
0.430157271304522
 40
0.4709850348103201
 40
0.5113171489159454
 40
0.5518126259433777
 40
0.5924494048341535
 40
0.633145333901256
 40
0.6745901892035453
 40
0.7158270637531935
 40
0.7564739168378198
 40
0.7969933994229372
 40
0.8371691302448611
 40
0.8773639647740344
 40
0.9178644967855585
 40
1.0
 40
1.0
 40
1.0
 40
1.0
 10
387.1374836726267
 20
-752.4863905907301
 30
0.0
 10
387.0713931922754
 20
-752.4860440141675
 30
0.0
 10
386.9735917221635
 20
-752.4923262430211
 30
0.0
 10
386.8452129750207
 20
-752.5096078840087
 30
0.0
 10
386.7526861250444
 20
-752.5297990378498
 30
0.0
 10
386.662126159525
 20
-752.553914891708
 30
0.0
 10
386.5741330830642
 20
-752.5843656349969
 30
0.0
 10
386.4885664253233
 20
-752.6199993620321
 30
0.0
 10
386.4059417106262
 20
-752.6613586665288
 30
0.0
 10
386.3267583889448
 20
-752.7078097166074
 30
0.0
 10
386.2510625370294
 20
-752.7579506984249
 30
0.0
 10
386.1799909614686
 20
-752.8127088251582
 30
0.0
 10
386.113951307351
 20
-752.872245015793
 30
0.0
 10
386.0510751962739
 20
-752.9349687766824
 30
0.0
 10
385.9940308564712
 20
-753.0033885419476
 30
0.0
 10
385.9401496367012
 20
-753.0751422072582
 30
0.0
 10
385.8914608404602
 20
-753.1510917443572
 30
0.0
 10
385.8482090828697
 20
-753.2301894827996
 30
0.0
 10
385.8101129913103
 20
-753.3111341231725
 30
0.0
 10
385.7776400364727
 20
-753.3937173445349
 30
0.0
 10
385.7521898698847
 20
-753.4783221903774
 30
0.0
 10
385.7301997618383
 20
-753.563931569664
 30
0.0
 10
385.7126052296718
 20
-753.6816975203651
 30
0.0
 10
385.7049284037538
 20
-753.7710311555893
 30
0.0
 10
385.7057929674984
 20
-753.8311421932942
 30
0.0
  0
SPLINE
  5
C7
330
1F
100
AcDbEntity
  8
0
  6
Continuous
 62
     7
370
    25
100
AcDbSpline
210
0.0
220
0.0
230
1.0
 70
     8
 71
     3
 72
    21
 73
    17
 74
     0
 42
0.00000001
 43
0.00000001
 40
0.0
 40
0.0
 40
0.0
 40
0.0
 40
0.1230160125186741
 40
0.1821795987088869
 40
0.2413150145739551
 40
0.3002601565752322
 40
0.3598329711995772
 40
0.4210267535367568
 40
0.4843300171152245
 40
0.548023509696973
 40
0.610608612559623
 40
0.672995008842751
 40
0.7355500452204642
 40
0.7989042338824494
 40
0.863664749442423
 40
1.0
 40
1.0
 40
1.0
 40
1.0
 10
385.7057929674984
 20
-753.8311421932942
 30
0.0
 10
385.7055057824862
 20
-753.9188888022455
 30
0.0
 10
385.7181141936478
 20
-754.0487668539456
 30
0.0
 10
385.7595086685942
 20
-754.216075499014
 30
0.0
 10
385.8041047434631
 20
-754.3345411434443
 30
0.0
 10
385.8602058942342
 20
-754.4483505955947
 30
0.0
 10
385.9300474651616
 20
-754.5559916678562
 30
0.0
 10
386.0105746838992
 20
-754.6598415621881
 30
0.0
 10
386.104355842078
 20
-754.7560822750625
 30
0.0
 10
386.2064667043398
 20
-754.8448447796017
 30
0.0
 10
386.3165026968515
 20
-754.9225975397609
 30
0.0
 10
386.4333758394195
 20
-754.9879508551958
 30
0.0
 10
386.5566990013989
 20
-755.0414691481622
 30
0.0
 10
386.6863576294008
 20
-755.082981398738
 30
0.0
 10
386.8709144168233
 20
-755.1225440624381
 30
0.0
 10
387.0142901701863
 20
-755.1348107312009
 30
0.0
 10
387.1115421662165
 20
-755.133826488166
 30
0.0
  0
SPLINE
  5
C8
330
1F
100
AcDbEntity
  8
0
  6
Continuous
 62
     7
370
    25
100
AcDbSpline
210
0.0
220
0.0
230
1.0
 70
     8
 71
     3
 72
    21
 73
    17
 74
     0
 42
0.00000001
 43
0.00000001
 40
0.0
 40
0.0
 40
0.0
 40
0.0
 40
0.1381734600298309
 40
0.2051712291583787
 40
0.2702347439553385
 40
0.3345776149232339
 40
0.3974624848756039
 40
0.4600970095463638
 40
0.5222584002681923
 40
0.5835266948828223
 40
0.6441442312570733
 40
0.7040680119242162
 40
0.763043352447835
 40
0.8218034537843412
 40
0.8809311384949761
 40
1.0
 40
1.0
 40
1.0
 40
1.0
 10
387.1115421662164
 20
-755.1338264881659
 30
0.0
 10
387.1757513343043
 20
-755.1348130055056
 30
0.0
 10
387.2709060235444
 20
-755.1286853427073
 30
0.0
 10
387.3954621157311
 20
-755.1132125133287
 30
0.0
 10
387.4850867303838
 20
-755.096130549903
 30
0.0
 10
387.5718029189705
 20
-755.0746856595171
 30
0.0
 10
387.6557827822751
 20
-755.047717522632
 30
0.0
 10
387.7371247524057
 20
-755.0163258273161
 30
0.0
 10
387.8154754780622
 20
-754.9798196587863
 30
0.0
 10
387.8907245461872
 20
-754.9392066948367
 30
0.0
 10
387.9620944833026
 20
-754.8940720852463
 30
0.0
 10
388.030421200643
 20
-754.846219762389
 30
0.0
 10
388.0935085763135
 20
-754.7929644750864
 30
0.0
 10
388.1534854562677
 20
-754.7368359395078
 30
0.0
 10
388.2285597137446
 20
-754.6562791755393
 30
0.0
 10
388.278014785884
 20
-754.589676244788
 30
0.0
 10
388.3083570700626
 20
-754.5434819368841
 30
0.0
  0
SPLINE
  5
CA
330
1F
100
AcDbEntity
  8
0
  6
Continuous
 62
     7
370
    25
100
AcDbSpline
210
0.0
220
0.0
230
1.0
 70
     8
 71
     3
 72
    13
 73
     9
 74
     0
 42
0.00000001
 43
0.00000001
 40
0.0
 40
0.0
 40
0.0
 40
0.0
 40
0.2581434980422125
 40
0.3806278746633495
 40
0.5015582214580054
 40
0.6227016552819151
 40
0.7445526879731521
 40
1.0
 40
1.0
 40
1.0
 40
1.0
 10
388.0454363969857
 20
-754.3710059753456
 30
0.0
 10
387.9882019973105
 20
-754.4431300356845
 30
0.0
 10
387.8924302304836
 20
-754.5403903769035
 30
0.0
 10
387.7479828428177
 20
-754.646392822482
 30
0.0
 10
387.6342493921166
 20
-754.7099677948559
 30
0.0
 10
387.5138515989667
 20
-754.759057734916
 30
0.0
 10
387.3423428583034
 20
-754.8069863061872
 30
0.0
 10
387.2074577543993
 20
-754.8196703546635
 30
0.0
 10
387.1164500187805
 20
-754.8197239240635
 30
0.0
  0
SPLINE
  5
CB
330
1F
100
AcDbEntity
  8
0
  6
Continuous
 62
     7
370
    25
100
AcDbSpline
210
0.0
220
0.0
230
1.0
 70
     8
 71
     3
 72
    17
 73
    13
 74
     0
 42
0.00000001
 43
0.00000001
 40
0.0
 40
0.0
 40
0.0
 40
0.0
 40
0.1784709309904626
 40
0.2637624327059644
 40
0.3486672266154519
 40
0.4321345263707079
 40
0.5134033636004091
 40
0.5949764167925436
 40
0.6774714723705892
 40
0.7596786387054257
 40
0.840034523054994
 40
1.0
 40
1.0
 40
1.0
 40
1.0
 10
387.1164500187805
 20
-754.8197239240635
 30
0.0
 10
387.0173739265401
 20
-754.8193460713937
 30
0.0
 10
386.8702913270026
 20
-754.804798560943
 30
0.0
 10
386.6843699011985
 20
-754.7483564881763
 30
0.0
 10
386.5556145892284
 20
-754.6901490331552
 30
0.0
 10
386.4368819736496
 20
-754.617662406774
 30
0.0
 10
386.3309616883319
 20
-754.5302500129961
 30
0.0
 10
386.2387942181963
 20
-754.4292656947678
 30
0.0
 10
386.1602977092949
 20
-754.3166713696538
 30
0.0
 10
386.0983115901911
 20
-754.1950047723324
 30
0.0
 10
386.0375316477418
 20
-754.0258401562927
 30
0.0
 10
386.0201392300657
 20
-753.8919586297226
 30
0.0
 10
386.019895531601
 20
-753.8030973214994
 30
0.0
  0
SPLINE
  5
CC
330
1F
100
AcDbEntity
  8
0
  6
Continuous
 62
     7
370
    25
100
AcDbSpline
210
0.0
220
0.0
230
1.0
 70
     8
 71
     3
 72
    21
 73
    17
 74
     0
 42
0.00000001
 43
0.00000001
 40
0.0
 40
0.0
 40
0.0
 40
0.0
 40
0.1222819204637813
 40
0.1812434869852796
 40
0.2396871197545081
 40
0.2984032755910597
 40
0.3580784908258424
 40
0.419261628082497
 40
0.4824580183676761
 40
0.5464498243206243
 40
0.6091832833298898
 40
0.671752115487144
 40
0.7345384496150822
 40
0.798030757134659
 40
0.863079017738726
 40
1.0
 40
1.0
 40
1.0
 40
1.0
 10
386.019895531601
 20
-753.8030973214994
 30
0.0
 10
386.0195569579805
 20
-753.7355328245243
 30
0.0
 10
386.029764794712
 20
-753.6356247727429
 30
0.0
 10
386.0612647670023
 20
-753.5068562761907
 30
0.0
 10
386.0964983945323
 20
-753.4160793131415
 30
0.0
 10
386.1396155349657
 20
-753.3283278162588
 30
0.0
 10
386.1945494043201
 20
-753.2456078562847
 30
0.0
 10
386.257649168817
 20
-753.1658541860528
 30
0.0
 10
386.3304779412871
 20
-753.0914554879726
 30
0.0
 10
386.4100947350059
 20
-753.0230450392518
 30
0.0
 10
386.4964802539801
 20
-752.9639946493111
 30
0.0
 10
386.5871310058893
 20
-752.9131861893021
 30
0.0
 10
386.6828520660176
 20
-752.871431029929
 30
0.0
 10
386.7838903283507
 20
-752.8402986086269
 30
0.0
 10
386.9270286027479
 20
-752.8081708227796
 30
0.0
 10
387.0389295362848
 20
-752.8015912946138
 30
0.0
 10
387.114346653396
 20
-752.8004931548328
 30
0.0
  0
SPLINE
  5
CD
330
1F
100
AcDbEntity
  8
0
  6
Continuous
 62
     7
370
    25
100
AcDbSpline
210
0.0
220
0.0
230
1.0
 70
     8
 71
     3
 72
    13
 73
     9
 74
     0
 42
0.00000001
 43
0.00000001
 40
0.0
 40
0.0
 40
0.0
 40
0.0
 40
0.261529755764308
 40
0.385391402656528
 40
0.5066355486144081
 40
0.6264935166891117
 40
0.7474155249378303
 40
1.0
 40
1.0
 40
1.0
 40
1.0
 10
387.114346653396
 20
-752.8004931548328
 30
0.0
 10
387.2079353533161
 20
-752.8003522572279
 30
0.0
 10
387.346229866472
 20
-752.8131833663374
 30
0.0
 10
387.5216436648685
 20
-752.860799270907
 30
0.0
 10
387.6430410370706
 20
-752.9099620506532
 30
0.0
 10
387.7562715257172
 20
-752.9737147526149
 30
0.0
 10
387.898443520592
 20
-753.0791707077881
 30
0.0
 10
387.9911489537175
 20
-753.1768385943873
 30
0.0
 10
388.0454363969857
 20
-753.2492111035507
 30
0.0
  0
SPLINE
  5
CF
330
1F
100
AcDbEntity
  8
0
  6
Continuous
 62
     7
370
    25
100
AcDbSpline
210
0.0
220
0.0
230
1.0
 70
     8
 71
     3
 72
    17
 73
    13
 74
     0
 42
0.00000001
 43
0.00000001
 40
0.0
 40
0.0
 40
0.0
 40
0.0
 40
0.1585634493070975
 40
0.2345871230995846
 40
0.3098023857350906
 40
0.3863975462586481
 40
0.466023526029262
 40
0.5499336515748737
 40
0.6379505414946492
 40
0.7280903454727687
 40
0.8179185954471904
 40
1.0
 40
1.0
 40
1.0
 40
1.0
 10
388.3083570700626
 20
-753.0858497253455
 30
0.0
 10
388.2716885815297
 20
-753.022997205026
 30
0.0
 10
388.2083696344444
 20
-752.9353190653195
 30
0.0
 10
388.1093193546647
 20
-752.8331076465797
 30
0.0
 10
388.0291747932235
 20
-752.7657262326072
 30
0.0
 10
387.9412376279395
 20
-752.7060118997136
 30
0.0
 10
387.8454002454538
 20
-752.6514150068259
 30
0.0
 10
387.739863961175
 20
-752.6044055824593
 30
0.0
 10
387.6271178831589
 20
-752.5625305160784
 30
0.0
 10
387.5089698992026
 20
-752.5280011492532
 30
0.0
 10
387.345698918443
 20
-752.4965812606025
 30
0.0
 10
387.2210741173906
 20
-752.4861297031713
 30
0.0
 10
387.1374836726267
 20
-752.4863905907301
 30
0.0
  0
SPLINE
  5
D0
330
1F
100
AcDbEntity
  8
0
  6
Continuous
 62
     7
370
    25
100
AcDbSpline
210
0.0
220
0.0
230
1.0
 70
     8
 71
     3
 72
    21
 73
    17
 74
     0
 42
0.00000001
 43
0.00000001
 40
0.0
 40
0.0
 40
0.0
 40
0.0
 40
0.1276691474530114
 40
0.1889505232706923
 40
0.2490548673082609
 40
0.3090713134763036
 40
0.3692223593686969
 40
0.4301747620270164
 40
0.4926019887960188
 40
0.5553468768935645
 40
0.6169627615205089
 40
0.6781707771924026
 40
0.7392465225515307
 40
0.8016089422160432
 40
0.8655244124565488
 40
1.0
 40
1.0
 40
1.0
 40
1.0
 10
382.4659091533958
 20
-754.8197239240635
 30
0.0
 10
382.4028979990117
 20
-754.8200736083667
 30
0.0
 10
382.3097697481191
 20
-754.8113546437049
 30
0.0
 10
382.1897876830466
 20
-754.7842881837245
 30
0.0
 10
382.1050154079869
 20
-754.7552171126474
 30
0.0
 10
382.0241174553134
 20
-754.7180278504558
 30
0.0
 10
381.9472238530909
 20
-754.6722247757165
 30
0.0
 10
381.874941123777
 20
-754.6175723112003
 30
0.0
 10
381.8062339938042
 20
-754.5565117392296
 30
0.0
 10
381.7445084149981
 20
-754.4879445526861
 30
0.0
 10
381.6891684218806
 20
-754.4149066274402
 30
0.0
 10
381.6427843254432
 20
-754.336744619062
 30
0.0
 10
381.6049114109354
 20
-754.2538143720219
 30
0.0
 10
381.5736656459839
 20
-754.1667317922745
 30
0.0
 10
381.5433851153108
 20
-754.0415185010262
 30
0.0
 10
381.5345047688913
 20
-753.9436622427646
 30
0.0
 10
381.5327160444215
 20
-753.8774162317559
 30
0.0
  0
SPLINE
  5
D2
330
1F
100
AcDbEntity
  8
0
  6
Continuous
 62
     7
370
    25
100
AcDbSpline
210
0.0
220
0.0
230
1.0
 70
     8
 71
     3
 72
    13
 73
     9
 74
     0
 42
0.00000001
 43
0.00000001
 40
0.0
 40
0.0
 40
0.0
 40
0.0
 40
0.270381617831995
 40
0.3984601291783538
 40
0.5227503451015167
 40
0.6438255660090613
 40
0.763745236838236
 40
1.0
 40
1.0
 40
1.0
 40
1.0
 10
383.821177582883
 20
-753.8774162317559
 30
0.0
 10
383.8195881182288
 20
-753.7921565902723
 30
0.0
 10
383.8122270847267
 20
-753.6661742509133
 30
0.0
 10
383.7816256013018
 20
-753.5038181324634
 30
0.0
 10
383.7506154682415
 20
-753.3899917818284
 30
0.0
 10
383.7122386905722
 20
-753.2811100480353
 30
0.0
 10
383.6486279225781
 20
-753.1443240261448
 30
0.0
 10
383.5887188821919
 20
-753.0486848627975
 30
0.0
 10
383.5428322303189
 20
-752.9897960394482
 30
0.0
  0
SPLINE
  5
D3
330
1F
100
AcDbEntity
  8
0
  6
Continuous
 62
     7
370
    25
100
AcDbSpline
210
0.0
220
0.0
230
1.0
 70
     8
 71
     3
 72
    13
 73
     9
 74
     0
 42
0.00000001
 43
0.00000001
 40
0.0
 40
0.0
 40
0.0
 40
0.0
 40
0.2552573681410112
 40
0.3772478104725455
 40
0.4977415562850247
 40
0.6181201760749893
 40
0.7409671592206143
 40
1.0
 40
1.0
 40
1.0
 40
1.0
 10
383.5428322303189
 20
-752.9897960394482
 30
0.0
 10
383.4814450866259
 20
-752.909135926849
 30
0.0
 10
383.3780021724874
 20
-752.7994962364271
 30
0.0
 10
383.2197269966952
 20
-752.6804254511256
 30
0.0
 10
383.0940574851194
 20
-752.609213704418
 30
0.0
 10
382.9602131396129
 20
-752.5541280729285
 30
0.0
 10
382.7676200764605
 20
-752.5008388227694
 30
0.0
 10
382.6157118157325
 20
-752.4859586171485
 30
0.0
 10
382.5128843136522
 20
-752.4863905907301
 30
0.0
  0
SPLINE
  5
D4
330
1F
100
AcDbEntity
  8
0
  6
Continuous
 62
     7
370
    25
100
AcDbSpline
210
0.0
220
0.0
230
1.0
 70
     8
 71
     3
 72
    13
 73
     9
 74
     0
 42
0.00000001
 43
0.00000001
 40
0.0
 40
0.0
 40
0.0
 40
0.0
 40
0.2602406645594727
 40
0.3836752253641756
 40
0.5046599577622066
 40
0.6253567426858193
 40
0.7464106650135018
 40
1.0
 40
1.0
 40
1.0
 40
1.0
 10
382.5128843136522
 20
-752.4863905907301
 30
0.0
 10
382.4134281025354
 20
-752.4875891709165
 30
0.0
 10
382.26555230556
 20
-752.4986180217762
 30
0.0
 10
382.0790062795888
 20
-752.5511124246641
 30
0.0
 10
381.9486648448653
 20
-752.6027449543805
 30
0.0
 10
381.8270878218337
 20
-752.6707844997449
 30
0.0
 10
381.6724256698545
 20
-752.7815470267205
 30
0.0
 10
381.573657694448
 20
-752.8874288620899
 30
0.0
 10
381.5130846341651
 20
-752.963153411243
 30
0.0
  0
SPLINE
  5
D5
330
1F
100
AcDbEntity
  8
0
  6
Continuous
 62
     7
370
    25
100
AcDbSpline
210
0.0
220
0.0
230
1.0
 70
     8
 71
     3
 72
    13
 73
     9
 74
     0
 42
0.00000001
 43
0.00000001
 40
0.0
 40
0.0
 40
0.0
 40
0.0
 40
0.2534216680665158
 40
0.3767041167575892
 40
0.4994491585174488
 40
0.6225715734186702
 40
0.746232099975466
 40
1.0
 40
1.0
 40
1.0
 40
1.0
 10
381.513084634165
 20
-752.9631534112428
 30
0.0
 10
381.4655333716705
 20
-753.0246452350685
 30
0.0
 10
381.4003695389417
 20
-753.1207145063488
 30
0.0
 10
381.3321967625853
 20
-753.2582255425804
 30
0.0
 10
381.2906176608645
 20
-753.3637657922985
 30
0.0
 10
381.2584702281374
 20
-753.4726534841138
 30
0.0
 10
381.2268428485804
 20
-753.6231971950731
 30
0.0
 10
381.2195667685239
 20
-753.7393260552377
 30
0.0
 10
381.2186134803189
 20
-753.8171197573969
 30
0.0
  0
SPLINE
  5
D6
330
1F
100
AcDbEntity
  8
0
  6
Continuous
 62
     7
370
    25
100
AcDbSpline
210
0.0
220
0.0
230
1.0
 70
     8
 71
     3
 72
    21
 73
    17
 74
     0
 42
0.00000001
 43
0.00000001
 40
0.0
 40
0.0
 40
0.0
 40
0.0
 40
0.1210804245006106
 40
0.1800682782218705
 40
0.2391896643238499
 40
0.2987059533012284
 40
0.3588810785072377
 40
0.4203687292950671
 40
0.4834483096802256
 40
0.5465664849029381
 40
0.6086986022254598
 40
0.6701862530132596
 40
0.7318650366033315
 40
0.7952033026033453
 40
0.8603707753071399
 40
1.0
 40
1.0
 40
1.0
 40
1.0
 10
381.2186134803189
 20
-753.817119757397
 30
0.0
 10
381.2195282075561
 20
-753.9001423977468
 30
0.0
 10
381.2283078318557
 20
-754.0239942047345
 30
0.0
 10
381.2643891161284
 20
-754.1844413489644
 30
0.0
 10
381.3027645130423
 20
-754.3003037244483
 30
0.0
 10
381.3503250928892
 20
-754.4135746581602
 30
0.0
 10
381.4087803515885
 20
-754.5235377743604
 30
0.0
 10
381.478706770776
 20
-754.6294936756399
 30
0.0
 10
381.5579504897909
 20
-754.7311756786125
 30
0.0
 10
381.6459747353148
 20
-754.8261919219353
 30
0.0
 10
381.7447942801217
 20
-754.9083249175958
 30
0.0
 10
381.8512950248177
 20
-754.9782816660447
 30
0.0
 10
381.9660377033207
 20
-755.0357192931332
 30
0.0
 10
382.0892477555446
 20
-755.0796449669199
 30
0.0
 10
382.2684795985758
 20
-755.1227913222232
 30
0.0
 10
382.4094012939145
 20
-755.1337876052646
 30
0.0
 10
382.5051719739087
 20
-755.133826488166
 30
0.0
  0
SPLINE
  5
D7
330
1F
100
AcDbEntity
  8
0
  6
Continuous
 62
     7
370
    25
100
AcDbSpline
210
0.0
220
0.0
230
1.0
 70
     8
 71
     3
 72
    17
 73
    13
 74
     0
 42
0.00000001
 43
0.00000001
 40
0.0
 40
0.0
 40
0.0
 40
0.0
 40
0.1781058515637343
 40
0.2613277635121393
 40
0.341556569470565
 40
0.4200079090126303
 40
0.4980968161625923
 40
0.5754001382820819
 40
0.6536452159656927
 40
0.7341257729573555
 40
0.8183392339289957
 40
1.0
 40
1.0
 40
1.0
 40
1.0
 10
382.5051719739087
 20
-755.133826488166
 30
0.0
 10
382.5914657656664
 20
-755.1338153279916
 30
0.0
 10
382.7183422474365
 20
-755.1251611069599
 30
0.0
 10
382.8807255200126
 20
-755.0918354088326
 30
0.0
 10
382.9930241695542
 20
-755.0574571740553
 30
0.0
 10
383.0988739859812
 20
-755.0126964823579
 30
0.0
 10
383.1991633014965
 20
-754.959580400332
 30
0.0
 10
383.293893888508
 20
-754.8972408833573
 30
0.0
 10
383.3835714945364
 20
-754.8259939338816
 30
0.0
 10
383.4686444872784
 20
-754.7442475157002
 30
0.0
 10
383.5755903713863
 20
-754.6144853609795
 30
0.0
 10
383.6450613621465
 20
-754.5054894752562
 30
0.0
 10
383.6865621982676
 20
-754.4277968407301
 30
0.0
  0
SPLINE
  5
D9
330
1F
100
AcDbEntity
  8
0
  6
Continuous
 62
     7
370
    25
100
AcDbSpline
210
0.0
220
0.0
230
1.0
 70
     8
 71
     3
 72
    17
 73
    13
 74
     0
 42
0.00000001
 43
0.00000001
 40
0.0
 40
0.0
 40
0.0
 40
0.0
 40
0.2079350339033724
 40
0.2946939715679036
 40
0.3697315241424752
 40
0.4408309438027385
 40
0.5142509140460876
 40
0.5913900390896797
 40
0.672274304645895
 40
0.7543412603704857
 40
0.8361211059015231
 40
1.0
 40
1.0
 40
1.0
 40
1.0
 10
383.4075157239087
 20
-754.281262385602
 30
0.0
 10
383.3649909979057
 20
-754.3478098695049
 30
0.0
 10
383.2978752282357
 20
-754.4374403349565
 30
0.0
 10
383.2043774392349
 20
-754.5422592665856
 30
0.0
 10
383.1383255994013
 20
-754.6012805917187
 30
0.0
 10
383.0702039805132
 20
-754.6494869494875
 30
0.0
 10
382.9973250365279
 20
-754.6916380915504
 30
0.0
 10
382.9180791381969
 20
-754.7297386040354
 30
0.0
 10
382.8325083264457
 20
-754.761323834722
 30
0.0
 10
382.743247583182
 20
-754.7871821115126
 30
0.0
 10
382.6213992897099
 20
-754.8127016935389
 30
0.0
 10
382.5281030573357
 20
-754.820024754813
 30
0.0
 10
382.4659091533958
 20
-754.8197239240635
 30
0.0
  0
SPLINE
  5
DB
330
1F
100
AcDbEntity
  8
0
  6
Continuous
 62
     7
370
    25
100
AcDbSpline
210
0.0
220
0.0
230
1.0
 70
     8
 71
     3
 72
    13
 73
     9
 74
     0
 42
0.00000001
 43
0.00000001
 40
0.0
 40
0.0
 40
0.0
 40
0.0
 40
0.2614889296266788
 40
0.3852472367600028
 40
0.5058984871002865
 40
0.6257895628174244
 40
0.7470150281421657
 40
1.0
 40
1.0
 40
1.0
 40
1.0
 10
380.2763057880113
 20
-753.0262543727815
 30
0.0
 10
380.2129718524888
 20
-752.9417172896694
 30
0.0
 10
380.1109631550713
 20
-752.8218041554446
 30
0.0
 10
379.9487128097668
 20
-752.695811889633
 30
0.0
 10
379.8223477646232
 20
-752.6189790268335
 30
0.0
 10
379.6878496448875
 20
-752.5599472518567
 30
0.0
 10
379.4960110849863
 20
-752.5012683859587
 30
0.0
 10
379.3437679895985
 20
-752.4866385021253
 30
0.0
 10
379.2414500187805
 20
-752.4863905907301
 30
0.0
  0
SPLINE
  5
DC
330
1F
100
AcDbEntity
  8
0
  6
Continuous
 62
     7
370
    25
100
AcDbSpline
210
0.0
220
0.0
230
1.0
 70
     8
 71
     3
 72
    21
 73
    17
 74
     0
 42
0.00000001
 43
0.00000001
 40
0.0
 40
0.0
 40
0.0
 40
0.0
 40
0.1283692574311774
 40
0.1904177088601064
 40
0.2519211667422376
 40
0.3132736507580837
 40
0.3750861342515338
 40
0.4383891767704328
 40
0.5032092055629136
 40
0.5679667722557887
 40
0.6308681015390276
 40
0.6919966438355649
 40
0.7524260650824031
 40
0.8130959072527717
 40
0.8739211900105059
 40
1.0
 40
1.0
 40
1.0
 40
1.0
 10
379.2414500187805
 20
-752.4863905907301
 30
0.0
 10
379.1520367864894
 20
-752.487188212389
 30
0.0
 10
379.0190126655561
 20
-752.4973316162316
 30
0.0
 10
378.8478000312832
 20
-752.5380111006554
 30
0.0
 10
378.726234451126
 20
-752.5813853651515
 30
0.0
 10
378.6089710346789
 20
-752.6350481395777
 30
0.0
 10
378.497747859651
 20
-752.7027624689543
 30
0.0
 10
378.3908391136538
 20
-752.7811722097938
 30
0.0
 10
378.2909042928953
 20
-752.8713926342804
 30
0.0
 10
378.1986521025794
 20
-752.969063903243
 30
0.0
 10
378.1186321916212
 20
-753.0738333213105
 30
0.0
 10
378.050706932651
 20
-753.1832372276826
 30
0.0
 10
377.9948545863259
 20
-753.2975777254825
 30
0.0
 10
377.9513456192396
 20
-753.4169329906315
 30
0.0
 10
377.9093497882303
 20
-753.5846650069665
 30
0.0
 10
377.8986183133375
 20
-753.7152795576651
 30
0.0
 10
377.8981006598062
 20
-753.8030973214994
 30
0.0
  0
SPLINE
  5
DD
330
1F
100
AcDbEntity
  8
0
  6
Continuous
 62
     7
370
    25
100
AcDbSpline
210
0.0
220
0.0
230
1.0
 70
     8
 71
     3
 72
    21
 73
    17
 74
     0
 42
0.00000001
 43
0.00000001
 40
0.0
 40
0.0
 40
0.0
 40
0.0
 40
0.1280988297755844
 40
0.1896694721890516
 40
0.2507063934632222
 40
0.3118906664385944
 40
0.3732647830705391
 40
0.4358087922280718
 40
0.5004244558059698
 40
0.565060890003003
 40
0.6276710388631889
 40
0.6893315462593288
 40
0.7500699293139473
 40
0.8109958734420603
 40
0.8725665158555275
 40
1.0
 40
1.0
 40
1.0
 40
1.0
 10
377.8981006598062
 20
-753.8030973214994
 30
0.0
 10
377.8983086520686
 20
-753.8926036775277
 30
0.0
 10
377.9098155860033
 20
-754.0252993330362
 30
0.0
 10
377.9504921620486
 20
-754.1960065139251
 30
0.0
 10
377.9934452071563
 20
-754.3173207837875
 30
0.0
 10
378.0492768885076
 20
-754.4330541106623
 30
0.0
 10
378.1160268366733
 20
-754.5440963718972
 30
0.0
 10
378.1960889704337
 20
-754.6490419149595
 30
0.0
 10
378.28732073234
 20
-754.7474369632986
 30
0.0
 10
378.3863923310537
 20
-754.8380247518371
 30
0.0
 10
378.4922650236075
 20
-754.9172664485584
 30
0.0
 10
378.6033250619294
 20
-754.98380454618
 30
0.0
 10
378.7189974364063
 20
-755.0393969333803
 30
0.0
 10
378.8402711472953
 20
-755.0812545083188
 30
0.0
 10
379.0103377911752
 20
-755.1221139804076
 30
0.0
 10
379.1426049020203
 20
-755.1336083884983
 30
0.0
 10
379.2316343136524
 20
-755.133826488166
 30
0.0
  0
SPLINE
  5
DE
330
1F
100
AcDbEntity
  8
0
  6
Continuous
 62
     7
370
    25
100
AcDbSpline
210
0.0
220
0.0
230
1.0
 70
     8
 71
     3
 72
    13
 73
     9
 74
     0
 42
0.00000001
 43
0.00000001
 40
0.0
 40
0.0
 40
0.0
 40
0.0
 40
0.2518550583969792
 40
0.3726997642745238
 40
0.4928354033772094
 40
0.6137300878654754
 40
0.737915024617678
 40
1.0
 40
1.0
 40
1.0
 40
1.0
 10
379.2316343136524
 20
-755.133826488166
 30
0.0
 10
379.3318704931401
 20
-755.1346338386172
 30
0.0
 10
379.4802833500036
 20
-755.1198962863963
 30
0.0
 10
379.6703362056367
 20
-755.0704766806762
 30
0.0
 10
379.8052634123757
 20
-755.019352792692
 30
0.0
 10
379.933929691315
 20
-754.9511616793543
 30
0.0
 10
380.1005572818043
 20
-754.8365275119158
 30
0.0
 10
380.2090682327582
 20
-754.7259980377651
 30
0.0
 10
380.2763057880113
 20
-754.6465468407301
 30
0.0
  0
SPLINE
  5
E7
330
1F
100
AcDbEntity
  8
0
  6
Continuous
 62
     7
370
    25
100
AcDbSpline
210
0.0
220
0.0
230
1.0
 70
     8
 71
     3
 72
    13
 73
     9
 74
     0
 42
0.00000001
 43
0.00000001
 40
0.0
 40
0.0
 40
0.0
 40
0.0
 40
0.2389149952222127
 40
0.3595568481745957
 40
0.4866347668473491
 40
0.6157867870574377
 40
0.7433385965465743
 40
1.0
 40
1.0
 40
1.0
 40
1.0
 10
376.7763057880113
 20
-751.7249723214994
 30
0.0
 10
376.776271936068
 20
-751.7598759853518
 30
0.0
 10
376.7874642053577
 20
-751.8124479166927
 30
0.0
 10
376.823747180058
 20
-751.8740791829885
 30
0.0
 10
376.8609283988476
 20
-751.9150344651995
 30
0.0
 10
376.9056045985043
 20
-751.9492203558724
 30
0.0
 10
376.9726623009035
 20
-751.9836209383383
 30
0.0
 10
377.0291699596991
 20
-751.993036032921
 30
0.0
 10
377.0665702110882
 20
-751.9928008471405
 30
0.0
  0
SPLINE
  5
E8
330
1F
100
AcDbEntity
  8
0
  6
Continuous
 62
     7
370
    25
100
AcDbSpline
210
0.0
220
0.0
230
1.0
 70
     8
 71
     3
 72
    13
 73
     9
 74
     0
 42
0.00000001
 43
0.00000001
 40
0.0
 40
0.0
 40
0.0
 40
0.0
 40
0.2598496298712095
 40
0.3866707319149005
 40
0.5150828775346785
 40
0.6425029490725916
 40
0.7624536797230395
 40
1.0
 40
1.0
 40
1.0
 40
1.0
 10
377.0665702110882
 20
-751.9928008471405
 30
0.0
 10
377.1045661390534
 20
-751.9927252078501
 30
0.0
 10
377.1619738005617
 20
-751.9840313493114
 30
0.0
 10
377.2296728944706
 20
-751.9492336443154
 30
0.0
 10
377.2742920823038
 20
-751.9148078528383
 30
0.0
 10
377.3122413885479
 20
-751.8743274580926
 30
0.0
 10
377.3484008244357
 20
-751.8123757379295
 30
0.0
 10
377.3597134161313
 20
-751.7599125292974
 30
0.0
 10
377.3596391213446
 20
-751.7249723214994
 30
0.0
  0
SPLINE
  5
E9
330
1F
100
AcDbEntity
  8
0
  6
Continuous
 62
     7
370
    25
100
AcDbSpline
210
0.0
220
0.0
230
1.0
 70
     8
 71
     3
 72
    13
 73
     9
 74
     0
 42
0.00000001
 43
0.00000001
 40
0.0
 40
0.0
 40
0.0
 40
0.0
 40
0.2407702368353505
 40
0.3613679915789408
 40
0.4880203848742101
 40
0.6156588752209176
 40
0.7417159076830822
 40
1.0
 40
1.0
 40
1.0
 40
1.0
 10
377.3596391213447
 20
-751.7249723214995
 30
0.0
 10
377.3598402761596
 20
-751.6893148921934
 30
0.0
 10
377.3484733146707
 20
-751.6360143937816
 30
0.0
 10
377.312469536795
 20
-751.572906845423
 30
0.0
 10
377.2742675346674
 20
-751.5323472804537
 30
0.0
 10
377.2296793690318
 20
-751.497902561121
 30
0.0
 10
377.1619693858362
 20
-751.4631115001043
 30
0.0
 10
377.1045684457193
 20
-751.4544135405826
 30
0.0
 10
377.0665702110882
 20
-751.4543393086789
 30
0.0
  0
SPLINE
  5
EA
330
1F
100
AcDbEntity
  8
0
  6
Continuous
 62
     7
370
    25
100
AcDbSpline
210
0.0
220
0.0
230
1.0
 70
     8
 71
     3
 72
    13
 73
     9
 74
     0
 42
0.00000001
 43
0.00000001
 40
0.0
 40
0.0
 40
0.0
 40
0.0
 40
0.2551062187428572
 40
0.3818851554070071
 40
0.5102546066588189
 40
0.6365625239462462
 40
0.7578509186660803
 40
1.0
 40
1.0
 40
1.0
 40
1.0
 10
377.0665702110882
 20
-751.4543393086789
 30
0.0
 10
377.0291676703148
 20
-751.4541027203684
 30
0.0
 10
376.9726666819778
 20
-751.4635219014289
 30
0.0
 10
376.9055980630747
 20
-751.497915796191
 30
0.0
 10
376.8609530710955
 20
-751.5321208054115
 30
0.0
 10
376.8235215384807
 20
-751.573157118488
 30
0.0
 10
376.7873898036643
 20
-751.6359404233511
 30
0.0
 10
376.7761466240549
 20
-751.6893528680233
 30
0.0
 10
376.7763057880113
 20
-751.7249723214994
 30
0.0
  0
SPLINE
  5
EB
330
1F
100
AcDbEntity
  8
0
  6
Continuous
 62
     7
370
    25
100
AcDbSpline
210
0.0
220
0.0
230
1.0
 70
     8
 71
     3
 72
    21
 73
    17
 74
     0
 42
0.00000001
 43
0.00000001
 40
0.0
 40
0.0
 40
0.0
 40
0.0
 40
0.1291156642467579
 40
0.1906142170368923
 40
0.2512349941101524
 40
0.3110899094595533
 40
0.371186145844547
 40
0.4321194799414568
 40
0.4949206964951361
 40
0.5573643976837683
 40
0.6191271459503938
 40
0.6802716623934315
 40
0.7413865832314219
 40
0.8034925619465831
 40
0.8669564647560456
 40
1.0
 40
1.0
 40
1.0
 40
1.0
 10
375.6278682880113
 20
-752.4863905907301
 30
0.0
 10
375.582955226397
 20
-752.4858560273935
 30
0.0
 10
375.5167097439248
 20
-752.4920851986296
 30
0.0
 10
375.4315327396351
 20
-752.5118283205219
 30
0.0
 10
375.3717120388055
 20
-752.5328030314324
 30
0.0
 10
375.3153036796285
 20
-752.560575221986
 30
0.0
 10
375.2617654056216
 20
-752.5936796889513
 30
0.0
 10
375.2108706452821
 20
-752.6324788329916
 30
0.0
 10
375.1637639796498
 20
-752.6769880187863
 30
0.0
 10
375.120920760446
 20
-752.7259911798988
 30
0.0
 10
375.0837330733471
 20
-752.778727122263
 30
0.0
 10
375.0520881345273
 20
-752.8343844687556
 30
0.0
 10
375.0256015132829
 20
-752.8928870382447
 30
0.0
 10
375.0065604012378
 20
-752.95501208322
 30
0.0
 10
374.9858792324018
 20
-753.0425869683912
 30
0.0
 10
374.9817507820076
 20
-753.1112218354245
 30
0.0
 10
374.9814339931395
 20
-753.1573641484225
 30
0.0
  0
SPLINE
  5
EC
330
1F
100
AcDbEntity
  8
0
  6
Continuous
 62
     7
370
    25
100
AcDbSpline
210
0.0
220
0.0
230
1.0
 70
     8
 71
     3
 72
     9
 73
     5
 74
     0
 42
0.00000001
 43
0.00000001
 40
0.0
 40
0.0
 40
0.0
 40
0.0
 40
0.5074092035235649
 40
1.0
 40
1.0
 40
1.0
 40
1.0
 10
374.9814339931395
 20
-753.1573641484225
 30
0.0
 10
374.980162219729
 20
-753.2280832233469
 30
0.0
 10
375.0008786986745
 20
-753.3671013154914
 30
0.0
 10
375.0592525622371
 20
-753.4949998034837
 30
0.0
 10
375.0985213328831
 20
-753.5513945971405
 30
0.0
  0
SPLINE
  5
ED
330
1F
100
AcDbEntity
  8
0
  6
Continuous
 62
     7
370
    25
100
AcDbSpline
210
0.0
220
0.0
230
1.0
 70
     8
 71
     3
 72
    13
 73
     9
 74
     0
 42
0.00000001
 43
0.00000001
 40
0.0
 40
0.0
 40
0.0
 40
0.0
 40
0.1977042930091544
 40
0.307845843556672
 40
0.427175637598495
 40
0.5562245009992286
 40
0.6940497867914189
 40
1.0
 40
1.0
 40
1.0
 40
1.0
 10
375.0985213328831
 20
-753.5513945971405
 30
0.0
 10
375.1194604125421
 20
-753.5824618563017
 30
0.0
 10
375.1577195247769
 20
-753.6265187163439
 30
0.0
 10
375.2156332517242
 20
-753.682884100219
 30
0.0
 10
375.26776548881
 20
-753.726327660179
 30
0.0
 10
375.3268759362813
 20
-753.7692302481812
 30
0.0
 10
375.4159460851356
 20
-753.8308991230381
 30
0.0
 10
375.4889327252819
 20
-753.8725861701539
 30
0.0
 10
375.5395269418574
 20
-753.9005532509866
 30
0.0
  0
SPLINE
  5
EE
330
1F
100
AcDbEntity
  8
0
  6
Continuous
 62
     7
370
    25
100
AcDbSpline
210
0.0
220
0.0
230
1.0
 70
     8
 71
     3
 72
    13
 73
     9
 74
     0
 42
0.00000001
 43
0.00000001
 40
0.0
 40
0.0
 40
0.0
 40
0.0
 40
0.3337367066247166
 40
0.4791986316519908
 40
0.6104491594874726
 40
0.7277299767533767
 40
0.8325383242742956
 40
1.0
 40
1.0
 40
1.0
 40
1.0
 10
375.5395269418574
 20
-753.9005532509866
 30
0.0
 10
375.5858968343379
 20
-753.9250102535407
 30
0.0
 10
375.6515222528099
 20
-753.9618650391268
 30
0.0
 10
375.7341784329045
 20
-754.0104699291948
 30
0.0
 10
375.7861778816426
 20
-754.044056645764
 30
0.0
 10
375.8312950150507
 20
-754.0764102513646
 30
0.0
 10
375.8792008526891
 20
-754.1144996670542
 30
0.0
 10
375.9104002971096
 20
-754.1439078165464
 30
0.0
 10
375.9272472944216
 20
-754.1641750458584
 30
0.0
  0
SPLINE
  5
EF
330
1F
100
AcDbEntity
  8
0
  6
Continuous
 62
     7
370
    25
100
AcDbSpline
210
0.0
220
0.0
230
1.0
 70
     8
 71
     3
 72
     9
 73
     5
 74
     0
 42
0.00000001
 43
0.00000001
 40
0.0
 40
0.0
 40
0.0
 40
0.0
 40
0.4995466848971771
 40
1.0
 40
1.0
 40
1.0
 40
1.0
 10
375.9272472944216
 20
-754.1641750458584
 30
0.0
 10
375.95513681627
 20
-754.19812575507
 30
0.0
 10
375.9993263899741
 20
-754.2759055730763
 30
0.0
 10
376.0133179243031
 20
-754.364195812088
 30
0.0
 10
376.0134852751908
 20
-754.4081654304738
 30
0.0
  0
SPLINE
  5
F0
330
1F
100
AcDbEntity
  8
0
  6
Continuous
 62
     7
370
    25
100
AcDbSpline
210
0.0
220
0.0
230
1.0
 70
     8
 71
     3
 72
    13
 73
     9
 74
     0
 42
0.00000001
 43
0.00000001
 40
0.0
 40
0.0
 40
0.0
 40
0.0
 40
0.2352817369433263
 40
0.3554913463217786
 40
0.4823137941792089
 40
0.6121639553089804
 40
0.7381043263492527
 40
1.0
 40
1.0
 40
1.0
 40
1.0
 10
376.0134852751908
 20
-754.4081654304737
 30
0.0
 10
376.0138165301738
 20
-754.4613839915119
 30
0.0
 10
375.9966997561669
 20
-754.5418629601104
 30
0.0
 10
375.940563065787
 20
-754.6361842670462
 30
0.0
 10
375.8827399070727
 20
-754.6991565247586
 30
0.0
 10
375.8146951942939
 20
-754.7531763715597
 30
0.0
 10
375.70899069488
 20
-754.8049491266738
 30
0.0
 10
375.6211710470769
 20
-754.8202363539934
 30
0.0
 10
375.5619628392934
 20
-754.8197239240635
 30
0.0
  0
SPLINE
  5
F1
330
1F
100
AcDbEntity
  8
0
  6
Continuous
 62
     7
370
    25
100
AcDbSpline
210
0.0
220
0.0
230
1.0
 70
     8
 71
     3
 72
    13
 73
     9
 74
     0
 42
0.00000001
 43
0.00000001
 40
0.0
 40
0.0
 40
0.0
 40
0.0
 40
0.2249939016840848
 40
0.3407622816197836
 40
0.4594992564135725
 40
0.5828283517556833
 40
0.714095828455612
 40
1.0
 40
1.0
 40
1.0
 40
1.0
 10
375.5619628392934
 20
-754.8197239240635
 30
0.0
 10
375.5175066570068
 20
-754.8199391110485
 30
0.0
 10
375.450354340494
 20
-754.8108766682996
 30
0.0
 10
375.3638926052822
 20
-754.7829593914698
 30
0.0
 10
375.2996688303002
 20
-754.7532270756798
 30
0.0
 10
375.2368459038744
 20
-754.7145636372983
 30
0.0
 10
375.1509950465165
 20
-754.6510777408282
 30
0.0
 10
375.0927017023883
 20
-754.5923882494905
 30
0.0
 10
375.055051781601
 20
-754.5504931548328
 30
0.0
  0
SPLINE
  5
F3
330
1F
100
AcDbEntity
  8
0
  6
Continuous
 62
     7
370
    25
100
AcDbSpline
210
0.0
220
0.0
230
1.0
 70
     8
 71
     3
 72
    13
 73
     9
 74
     0
 42
0.00000001
 43
0.00000001
 40
0.0
 40
0.0
 40
0.0
 40
0.0
 40
0.2445989327970781
 40
0.3685417614064678
 40
0.4953064507483242
 40
0.6227813119737594
 40
0.7482760387503932
 40
1.0
 40
1.0
 40
1.0
 40
1.0
 10
374.8468186085241
 20
-754.7874723214994
 30
0.0
 10
374.8890863995923
 20
-754.8410712236181
 30
0.0
 10
374.9624297829379
 20
-754.914073599381
 30
0.0
 10
375.075670644737
 20
-754.9936652569955
 30
0.0
 10
375.1686756689173
 20
-755.0438631408426
 30
0.0
 10
375.2670706646623
 20
-755.0835167291364
 30
0.0
 10
375.4026298018936
 20
-755.1222337668048
 30
0.0
 10
375.5078286309628
 20
-755.1343595075257
 30
0.0
 10
375.5780886405754
 20
-755.133826488166
 30
0.0
  0
SPLINE
  5
F4
330
1F
100
AcDbEntity
  8
0
  6
Continuous
 62
     7
370
    25
100
AcDbSpline
210
0.0
220
0.0
230
1.0
 70
     8
 71
     3
 72
    21
 73
    17
 74
     0
 42
0.00000001
 43
0.00000001
 40
0.0
 40
0.0
 40
0.0
 40
0.0
 40
0.1313602991795166
 40
0.1945015164287869
 40
0.2564315180678488
 40
0.3176028927083885
 40
0.3786284196027745
 40
0.4404806721565302
 40
0.5042957142747503
 40
0.5681107563929704
 40
0.6299630089466978
 40
0.6904753005359935
 40
0.7513604849060218
 40
0.8114026619126244
 40
0.8728008672445208
 40
1.0
 40
1.0
 40
1.0
 40
1.0
 10
375.5780886405754
 20
-755.133826488166
 30
0.0
 10
375.6294781267575
 20
-755.1334763896128
 30
0.0
 10
375.705772625172
 20
-755.1277369800276
 30
0.0
 10
375.8037648276953
 20
-755.1050854847489
 30
0.0
 10
375.8727277053144
 20
-755.0810371486133
 30
0.0
 10
375.9382547103882
 20
-755.0507665663588
 30
0.0
 10
376.0004934883677
 20
-755.0141936268432
 30
0.0
 10
376.0589996344992
 20
-754.9701692917979
 30
0.0
 10
376.1138451517425
 20
-754.9200836483144
 30
0.0
 10
376.1639364266488
 20
-754.8652446669296
 30
0.0
 10
376.2078117040887
 20
-754.8068687173326
 30
0.0
 10
376.2443581702148
 20
-754.7450325616446
 30
0.0
 10
376.2755474958316
 20
-754.6810732682609
 30
0.0
 10
376.2986228488455
 20
-754.6133792996756
 30
0.0
 10
376.3216179156184
 20
-754.5186465942882
 30
0.0
 10
376.3271159370252
 20
-754.4445720591656
 30
0.0
 10
376.3275878392934
 20
-754.3948441163712
 30
0.0
  0
SPLINE
  5
F5
330
1F
100
AcDbEntity
  8
0
  6
Continuous
 62
     7
370
    25
100
AcDbSpline
210
0.0
220
0.0
230
1.0
 70
     8
 71
     3
 72
     9
 73
     5
 74
     0
 42
0.00000001
 43
0.00000001
 40
0.0
 40
0.0
 40
0.0
 40
0.0
 40
0.5047649745423033
 40
1.0
 40
1.0
 40
1.0
 40
1.0
 10
376.3275878392934
 20
-754.3948441163712
 30
0.0
 10
376.3265868344413
 20
-754.324600190395
 30
0.0
 10
376.3105282161382
 20
-754.1835968023477
 30
0.0
 10
376.2464513638394
 20
-754.0569456556153
 30
0.0
 10
376.2083971341651
 20
-753.9994114240636
 30
0.0
  0
SPLINE
  5
F6
330
1F
100
AcDbEntity
  8
0
  6
Continuous
 62
     7
370
    25
100
AcDbSpline
210
0.0
220
0.0
230
1.0
 70
     8
 71
     3
 72
    13
 73
     9
 74
     0
 42
0.00000001
 43
0.00000001
 40
0.0
 40
0.0
 40
0.0
 40
0.0
 40
0.1954188198468059
 40
0.3058478904171519
 40
0.4251239275883038
 40
0.5537868414038123
 40
0.6928854083944208
 40
1.0
 40
1.0
 40
1.0
 40
1.0
 10
376.2083971341651
 20
-753.9994114240636
 30
0.0
 10
376.1862325015852
 20
-753.9681150802865
 30
0.0
 10
376.1470966355428
 20
-753.9223063185636
 30
0.0
 10
376.0854011184835
 20
-753.8661040331141
 30
0.0
 10
376.031482538161
 20
-753.8209337827997
 30
0.0
 10
375.9700176126378
 20
-753.7762764958637
 30
0.0
 10
375.8763333266421
 20
-753.7134454832706
 30
0.0
 10
375.800480043659
 20
-753.669567214107
 30
0.0
 10
375.7477601149344
 20
-753.6404370650893
 30
0.0
  0
SPLINE
  5
F7
330
1F
100
AcDbEntity
  8
0
  6
Continuous
 62
     7
370
    25
100
AcDbSpline
210
0.0
220
0.0
230
1.0
 70
     8
 71
     3
 72
    13
 73
     9
 74
     0
 42
0.00000001
 43
0.00000001
 40
0.0
 40
0.0
 40
0.0
 40
0.0
 40
0.3238790058012297
 40
0.4664315196199194
 40
0.5977832531928251
 40
0.716017640049585
 40
0.8224401785340821
 40
1.0
 40
1.0
 40
1.0
 40
1.0
 10
375.7477601149344
 20
-753.6404370650893
 30
0.0
 10
375.7043380274073
 20
-753.6178259335984
 30
0.0
 10
375.6441454803686
 20
-753.5812385263214
 30
0.0
 10
375.5672987624175
 20
-753.5338272987395
 30
0.0
 10
375.5185304499969
 20
-753.5002173956376
 30
0.0
 10
375.4752439007379
 20
-753.4682484829859
 30
0.0
 10
375.4296672175665
 20
-753.4280647792625
 30
0.0
 10
375.3984581699665
 20
-753.3985297587819
 30
0.0
 10
375.3824756598062
 20
-753.3768152702174
 30
0.0
  0
SPLINE
  5
F8
330
1F
100
AcDbEntity
  8
0
  6
Continuous
 62
     7
370
    25
100
AcDbSpline
210
0.0
220
0.0
230
1.0
 70
     8
 71
     3
 72
     9
 73
     5
 74
     0
 42
0.00000001
 43
0.00000001
 40
0.0
 40
0.0
 40
0.0
 40
0.0
 40
0.5205968063938538
 40
1.0
 40
1.0
 40
1.0
 40
1.0
 10
375.3824756598062
 20
-753.3768152702174
 30
0.0
 10
375.3557854709455
 20
-753.3422862182632
 30
0.0
 10
375.3112982169023
 20
-753.2692533296104
 30
0.0
 10
375.295612073086
 20
-753.1851094892626
 30
0.0
 10
375.2955365572421
 20
-753.1447439561148
 30
0.0
  0
SPLINE
  5
F9
330
1F
100
AcDbEntity
  8
0
  6
Continuous
 62
     7
370
    25
100
AcDbSpline
210
0.0
220
0.0
230
1.0
 70
     8
 71
     3
 72
    13
 73
     9
 74
     0
 42
0.00000001
 43
0.00000001
 40
0.0
 40
0.0
 40
0.0
 40
0.0
 40
0.2489716711489569
 40
0.371496133633386
 40
0.5014891588226018
 40
0.6308339704138622
 40
0.7540993713937395
 40
1.0
 40
1.0
 40
1.0
 40
1.0
 10
375.2955365572421
 20
-753.1447439561148
 30
0.0
 10
375.2956600494269
 20
-753.1007993039672
 30
0.0
 10
375.3074924643698
 20
-753.034794283993
 30
0.0
 10
375.3491800297997
 20
-752.9559404242657
 30
0.0
 10
375.3916171345246
 20
-752.9031598803032
 30
0.0
 10
375.4417894418071
 20
-752.8572579320652
 30
0.0
 10
375.5191120899438
 20
-752.8136914137615
 30
0.0
 10
375.5842185101158
 20
-752.7995984116527
 30
0.0
 10
375.6278682880113
 20
-752.8004931548328
 30
0.0
  0
SPLINE
  5
FA
330
1F
100
AcDbEntity
  8
0
  6
Continuous
 62
     7
370
    25
100
AcDbSpline
210
0.0
220
0.0
230
1.0
 70
     8
 71
     3
 72
    13
 73
     9
 74
     0
 42
0.00000001
 43
0.00000001
 40
0.0
 40
0.0
 40
0.0
 40
0.0
 40
0.2066658703703944
 40
0.3164748855848594
 40
0.434036772895249
 40
0.5586910361120829
 40
0.6949644946417861
 40
1.0
 40
1.0
 40
1.0
 40
1.0
 10
375.6278682880113
 20
-752.8004931548328
 30
0.0
 10
375.664683161711
 20
-752.8005259206452
 30
0.0
 10
375.7209036734458
 20
-752.8096340230533
 30
0.0
 10
375.7929665814758
 20
-752.8378796499453
 30
0.0
 10
375.8484280017921
 20
-752.8672842004503
 30
0.0
 10
375.9034666253888
 20
-752.9062560193266
 30
0.0
 10
375.9812887002971
 20
-752.9702506699224
 30
0.0
 10
376.0347576979401
 20
-753.0281948976498
 30
0.0
 10
376.0695750187805
 20
-753.0697239240636
 30
0.0
  0
SPLINE
  5
FC
330
1F
100
AcDbEntity
  8
0
  6
Continuous
 62
     7
370
    25
100
AcDbSpline
210
0.0
220
0.0
230
1.0
 70
     8
 71
     3
 72
    13
 73
     9
 74
     0
 42
0.00000001
 43
0.00000001
 40
0.0
 40
0.0
 40
0.0
 40
0.0
 40
0.2972877955187847
 40
0.4309389201449618
 40
0.5555483284431149
 40
0.6738732699265512
 40
0.786588387361008
 40
1.0
 40
1.0
 40
1.0
 40
1.0
 10
376.2827160444216
 20
-752.8502728022687
 30
0.0
 10
376.2321079876133
 20
-752.7929782341064
 30
0.0
 10
376.1521653429282
 20
-752.7157630165768
 30
0.0
 10
376.038658655665
 20
-752.6288853131615
 30
0.0
 10
375.9568702050285
 20
-752.5767835366315
 30
0.0
 10
375.8745414495262
 20
-752.5366056135728
 30
0.0
 10
375.7666463397605
 20
-752.4981350475208
 30
0.0
 10
375.6827635800636
 20
-752.4864437792553
 30
0.0
 10
375.6278682880113
 20
-752.4863905907301
 30
0.0
  0
SPLINE
  5
FF
330
1F
100
AcDbEntity
  8
0
  6
Continuous
 62
     7
370
    25
100
AcDbSpline
210
0.0
220
0.0
230
1.0
 70
     8
 71
     3
 72
    13
 73
     9
 74
     0
 42
0.00000001
 43
0.00000001
 40
0.0
 40
0.0
 40
0.0
 40
0.0
 40
0.343762191421818
 40
0.4918338323011656
 40
0.624109070410769
 40
0.7413996050398923
 40
0.8430618504426297
 40
1.0
 40
1.0
 40
1.0
 40
1.0
 10
372.5134852751908
 20
-754.2293793727814
 30
0.0
 10
372.512938818013
 20
-754.1283987113221
 30
0.0
 10
372.5151618894225
 20
-753.9839521012121
 30
0.0
 10
372.5204361683118
 20
-753.8006965237913
 30
0.0
 10
372.5269893194542
 20
-753.6840807879486
 30
0.0
 10
372.5341374856798
 20
-753.5811441639248
 30
0.0
 10
372.546361245851
 20
-753.4714047816441
 30
0.0
 10
372.5578251995656
 20
-753.3962327191571
 30
0.0
 10
372.5695750187805
 20
-753.351574885602
 30
0.0
  0
SPLINE
  5
100
330
1F
100
AcDbEntity
  8
0
  6
Continuous
 62
     7
370
    25
100
AcDbSpline
210
0.0
220
0.0
230
1.0
 70
     8
 71
     3
 72
    17
 73
    13
 74
     0
 42
0.00000001
 43
0.00000001
 40
0.0
 40
0.0
 40
0.0
 40
0.0
 40
0.1717166158285176
 40
0.2506679767741653
 40
0.3258823275093814
 40
0.3968812716963532
 40
0.4635748406535285
 40
0.5280697489487146
 40
0.5896876632767218
 40
0.7048093833748625
 40
0.8086618718636281
 40
1.0
 40
1.0
 40
1.0
 40
1.0
 10
372.5695750187805
 20
-753.351574885602
 30
0.0
 10
372.5814981661396
 20
-753.3071034713969
 30
0.0
 10
372.601019553482
 20
-753.2426255915957
 30
0.0
 10
372.6338709933067
 20
-753.1615707464285
 30
0.0
 10
372.6595299258707
 20
-753.106839301105
 30
0.0
 10
372.6877019650956
 20
-753.0571102256479
 30
0.0
 10
372.7171842417968
 20
-753.0115307070812
 30
0.0
 10
372.7493246685882
 20
-752.9708851194499
 30
0.0
 10
372.7943664775316
 20
-752.9243245865373
 30
0.0
 10
372.8525409326289
 20
-752.8761396276217
 30
0.0
 10
372.9474840446501
 20
-752.8193043143439
 30
0.0
 10
373.0263632951731
 20
-752.8004266319597
 30
0.0
 10
373.0778883200626
 20
-752.8004931548328
 30
0.0
  0
SPLINE
  5
101
330
1F
100
AcDbEntity
  8
0
  6
Continuous
 62
     7
370
    25
100
AcDbSpline
210
0.0
220
0.0
230
1.0
 70
     8
 71
     3
 72
     9
 73
     5
 74
     0
 42
0.00000001
 43
0.00000001
 40
0.0
 40
0.0
 40
0.0
 40
0.0
 40
0.4397700551117181
 40
1.0
 40
1.0
 40
1.0
 40
1.0
 10
373.0778883200626
 20
-752.8004931548328
 30
0.0
 10
373.1025723598873
 20
-752.8008155435367
 30
0.0
 10
373.1583595150977
 20
-752.8101400990209
 30
0.0
 10
373.2098321733158
 20
-752.833395737639
 30
0.0
 10
373.2384452110882
 20
-752.8460660714994
 30
0.0
  0
SPLINE
  5
103
330
1F
100
AcDbEntity
  8
0
  6
Continuous
 62
     7
370
    25
100
AcDbSpline
210
0.0
220
0.0
230
1.0
 70
     8
 71
     3
 72
     9
 73
     5
 74
     0
 42
0.00000001
 43
0.00000001
 40
0.0
 40
0.0
 40
0.0
 40
0.0
 40
0.5364768048234535
 40
1.0
 40
1.0
 40
1.0
 40
1.0
 10
373.4109211726266
 20
-752.5740308150891
 30
0.0
 10
373.3665800675674
 20
-752.5471709243128
 30
0.0
 10
373.278926955851
 20
-752.5036330128336
 30
0.0
 10
373.182460125547
 20
-752.4867400116174
 30
0.0
 10
373.1374836726267
 20
-752.4863905907301
 30
0.0
  0
SPLINE
  5
104
330
1F
100
AcDbEntity
  8
0
  6
Continuous
 62
     7
370
    25
100
AcDbSpline
210
0.0
220
0.0
230
1.0
 70
     8
 71
     3
 72
    13
 73
     9
 74
     0
 42
0.00000001
 43
0.00000001
 40
0.0
 40
0.0
 40
0.0
 40
0.0
 40
0.2138863655718752
 40
0.3246827750473033
 40
0.4394585447448174
 40
0.5616334858698072
 40
0.6938876172598951
 40
1.0
 40
1.0
 40
1.0
 40
1.0
 10
373.1374836726267
 20
-752.4863905907301
 30
0.0
 10
373.0814032798565
 20
-752.4867796073025
 30
0.0
 10
372.9958446849631
 20
-752.4986262577941
 30
0.0
 10
372.8882713926083
 20
-752.541303466531
 30
0.0
 10
372.8078903620014
 20
-752.5850638058304
 30
0.0
 10
372.7302544990519
 20
-752.6435920851956
 30
0.0
 10
372.6244576056304
 20
-752.7462831461863
 30
0.0
 10
372.5565054032971
 20
-752.8400508307352
 30
0.0
 10
372.5134852751908
 20
-752.9077647894482
 30
0.0
  0
SPLINE
  5
108
330
1F
100
AcDbEntity
  8
0
  6
Continuous
 62
     7
370
    25
100
AcDbSpline
210
0.0
220
0.0
230
1.0
 70
     8
 71
     3
 72
    13
 73
     9
 74
     0
 42
0.00000001
 43
0.00000001
 40
0.0
 40
0.0
 40
0.0
 40
0.0
 40
0.2537592050616051
 40
0.3772863205702465
 40
0.4989121128148266
 40
0.6213214040214424
 40
0.7447622750750829
 40
1.0
 40
1.0
 40
1.0
 40
1.0
 10
369.3640461726266
 20
-752.9098681548329
 30
0.0
 10
369.3076328727415
 20
-752.9723790530277
 30
0.0
 10
369.2299343847995
 20
-753.0714943892746
 30
0.0
 10
369.1487791102706
 20
-753.2162473362239
 30
0.0
 10
369.0992307590354
 20
-753.3279790613792
 30
0.0
 10
369.0605400432078
 20
-753.44390975764
 30
0.0
 10
369.0235271575833
 20
-753.6064206462019
 30
0.0
 10
369.01397954194
 20
-753.7324129600637
 30
0.0
 10
369.0134852751907
 20
-753.8171197573969
 30
0.0
  0
SPLINE
  5
109
330
1F
100
AcDbEntity
  8
0
  6
Continuous
 62
     7
370
    25
100
AcDbSpline
210
0.0
220
0.0
230
1.0
 70
     8
 71
     3
 72
    21
 73
    17
 74
     0
 42
0.00000001
 43
0.00000001
 40
0.0
 40
0.0
 40
0.0
 40
0.0
 40
0.1231816483428197
 40
0.183034336324723
 40
0.2428661924761641
 40
0.3025168847059256
 40
0.3633154622038817
 40
0.4250692989986601
 40
0.4890423674851465
 40
0.5530871422752459
 40
0.6154454653923679
 40
0.6772864118409863
 40
0.7391749874395761
 40
0.8016758129328337
 40
0.8653648077757099
 40
1.0
 40
1.0
 40
1.0
 40
1.0
 10
369.0134852751907
 20
-753.8171197573969
 30
0.0
 10
369.012978367805
 20
-753.902687174524
 30
0.0
 10
369.0246877148271
 20
-754.0298080674567
 30
0.0
 10
369.0633193125263
 20
-754.1941968576032
 30
0.0
 10
369.1041019420977
 20
-754.3120556798013
 30
0.0
 10
369.1564733351584
 20
-754.4259383396435
 30
0.0
 10
369.2203600546417
 20
-754.5353484432056
 30
0.0
 10
369.2962340571878
 20
-754.6404984663524
 30
0.0
 10
369.3822323874651
 20
-754.7405084755957
 30
0.0
 10
369.4773044382713
 20
-754.8326442170473
 30
0.0
 10
369.5805043649512
 20
-754.9132050812493
 30
0.0
 10
369.690290754075
 20
-754.9818141605399
 30
0.0
 10
369.8074360223175
 20
-755.0371184706252
 30
0.0
 10
369.9306630181667
 20
-755.0809489225066
 30
0.0
 10
370.1071814961722
 20
-755.1229083028941
 30
0.0
 10
370.2451998511633
 20
-755.1334043955668
 30
0.0
 10
370.3386054674984
 20
-755.133826488166
 30
0.0
  0
SPLINE
  5
10A
330
1F
100
AcDbEntity
  8
0
  6
Continuous
 62
     7
370
    25
100
AcDbSpline
210
0.0
220
0.0
230
1.0
 70
     8
 71
     3
 72
    21
 73
    17
 74
     0
 42
0.00000001
 43
0.00000001
 40
0.0
 40
0.0
 40
0.0
 40
0.0
 40
0.1341341587220189
 40
0.1979034644236261
 40
0.2604831025120445
 40
0.3221455286916401
 40
0.3837784671889236
 40
0.4462154232078666
 40
0.5103409574898266
 40
0.5743946950476096
 40
0.6362264024961038
 40
0.6971016460802578
 40
0.756827556930264
 40
0.8167348601469226
 40
0.8766630214626513
 40
1.0
 40
1.0
 40
1.0
 40
1.0
 10
370.3386054674984
 20
-755.133826488166
 30
0.0
 10
370.4315555168852
 20
-755.1334625226121
 30
0.0
 10
370.5690828137027
 20
-755.1227856384039
 30
0.0
 10
370.7451379754031
 20
-755.0809337993344
 30
0.0
 10
370.8682040018704
 20
-755.037262326855
 30
0.0
 10
370.9848477370894
 20
-754.9818158798511
 30
0.0
 10
371.0940016735444
 20
-754.9129970355549
 30
0.0
 10
371.1971178303053
 20
-754.8326680347471
 30
0.0
 10
371.2921697735939
 20
-754.7405020220042
 30
0.0
 10
371.3781734951033
 20
-754.6405001291062
 30
0.0
 10
371.4540461065021
 20
-754.5353480116269
 30
0.0
 10
371.5179331873532
 20
-754.4259384520938
 30
0.0
 10
371.5703044858076
 20
-754.3120556498243
 30
0.0
 10
371.6110871406062
 20
-754.1941968656048
 30
0.0
 10
371.649718729336
 20
-754.0298080619556
 30
0.0
 10
371.6614280818995
 20
-753.902687177365
 30
0.0
 10
371.6609211726266
 20
-753.8171197573969
 30
0.0
  0
SPLINE
  5
10B
330
1F
100
AcDbEntity
  8
0
  6
Continuous
 62
     7
370
    25
100
AcDbSpline
210
0.0
220
0.0
230
1.0
 70
     8
 71
     3
 72
    13
 73
     9
 74
     0
 42
0.00000001
 43
0.00000001
 40
0.0
 40
0.0
 40
0.0
 40
0.0
 40
0.255435255095619
 40
0.378632271267495
 40
0.501466314332071
 40
0.623494377477758
 40
0.7461656372032204
 40
1.0
 40
1.0
 40
1.0
 40
1.0
 10
371.6609211726266
 20
-753.8171197573969
 30
0.0
 10
371.6604467838324
 20
-753.732182910812
 30
0.0
 10
371.6509629751075
 20
-753.6059409478833
 30
0.0
 10
371.6137709925267
 20
-753.4430016481638
 30
0.0
 10
371.5751288230771
 20
-753.3266204467407
 30
0.0
 10
371.5260247482341
 20
-753.2144019407626
 30
0.0
 10
371.4437853482459
 20
-753.0700411500169
 30
0.0
 10
371.3673912849266
 20
-752.9701027098253
 30
0.0
 10
371.3103602751907
 20
-752.9077647894482
 30
0.0
  0
SPLINE
  5
10C
330
1F
100
AcDbEntity
  8
0
  6
Continuous
 62
     7
370
    25
100
AcDbSpline
210
0.0
220
0.0
230
1.0
 70
     8
 71
     3
 72
    13
 73
     9
 74
     0
 42
0.00000001
 43
0.00000001
 40
0.0
 40
0.0
 40
0.0
 40
0.0
 40
0.2531294102724274
 40
0.3753070134590543
 40
0.4961956083999042
 40
0.6178660239074872
 40
0.7416676494858474
 40
1.0
 40
1.0
 40
1.0
 40
1.0
 10
371.3103602751907
 20
-752.9077647894482
 30
0.0
 10
371.2482017912001
 20
-752.8398281842971
 30
0.0
 10
371.1465864852598
 20
-752.747106059215
 30
0.0
 10
370.9942224876055
 20
-752.6495597282067
 30
0.0
 10
370.8758428434759
 20
-752.5888315153152
 30
0.0
 10
370.7500469298828
 20
-752.5436256031163
 30
0.0
 10
370.5719218014285
 20
-752.4989816319825
 30
0.0
 10
370.4326956288074
 20
-752.4854159501324
 30
0.0
 10
370.3386054674984
 20
-752.4863905907301
 30
0.0
  0
SPLINE
  5
10D
330
1F
100
AcDbEntity
  8
0
  6
Continuous
 62
     7
370
    25
100
AcDbSpline
210
0.0
220
0.0
230
1.0
 70
     8
 71
     3
 72
    13
 73
     9
 74
     0
 42
0.00000001
 43
0.00000001
 40
0.0
 40
0.0
 40
0.0
 40
0.0
 40
0.2587123826907364
 40
0.3820894432541405
 40
0.5035635736272872
 40
0.6251808674329202
 40
0.7472870144845709
 40
1.0
 40
1.0
 40
1.0
 40
1.0
 10
370.3386054674984
 20
-752.4863905907301
 30
0.0
 10
370.2440381602747
 20
-752.4855272350104
 30
0.0
 10
370.1044121965116
 20
-752.4990126563947
 30
0.0
 10
369.9255635756004
 20
-752.5433587853345
 30
0.0
 10
369.7998688945167
 20
-752.5901304357708
 30
0.0
 10
369.6801875563835
 20
-752.6496618103678
 30
0.0
 10
369.5281853297455
 20
-752.7491822227358
 30
0.0
 10
369.4256648615547
 20
-752.8410233371478
 30
0.0
 10
369.3640461726266
 20
-752.9098681548328
 30
0.0
  0
SPLINE
  5
10E
330
1F
100
AcDbEntity
  8
0
  6
Continuous
 62
     7
370
    25
100
AcDbSpline
210
0.0
220
0.0
230
1.0
 70
     8
 71
     3
 72
    21
 73
    17
 74
     0
 42
0.00000001
 43
0.00000001
 40
0.0
 40
0.0
 40
0.0
 40
0.0
 40
0.1291156642467579
 40
0.1906142170368923
 40
0.2512349941101524
 40
0.3110899094595533
 40
0.371186145844547
 40
0.4321194799414568
 40
0.4949206964951361
 40
0.5573643976837683
 40
0.6191271459503938
 40
0.6802716623934315
 40
0.7413865832314219
 40
0.8034925619465831
 40
0.8669564647560456
 40
1.0
 40
1.0
 40
1.0
 40
1.0
 10
367.7753041854471
 20
-752.4863905907301
 30
0.0
 10
367.730391123833
 20
-752.4858560273935
 30
0.0
 10
367.6641456413605
 20
-752.4920851986296
 30
0.0
 10
367.5789686370711
 20
-752.5118283205219
 30
0.0
 10
367.5191479362414
 20
-752.5328030314325
 30
0.0
 10
367.4627395770644
 20
-752.5605752219859
 30
0.0
 10
367.4092013030574
 20
-752.5936796889513
 30
0.0
 10
367.3583065427181
 20
-752.6324788329916
 30
0.0
 10
367.3111998770855
 20
-752.6769880187863
 30
0.0
 10
367.2683566578819
 20
-752.7259911798988
 30
0.0
 10
367.231168970783
 20
-752.778727122263
 30
0.0
 10
367.199524031963
 20
-752.8343844687556
 30
0.0
 10
367.1730374107187
 20
-752.8928870382447
 30
0.0
 10
367.1539962986735
 20
-752.9550120832201
 30
0.0
 10
367.1333151298377
 20
-753.0425869683912
 30
0.0
 10
367.1291866794435
 20
-753.1112218354245
 30
0.0
 10
367.1288698905753
 20
-753.1573641484225
 30
0.0
  0
SPLINE
  5
10F
330
1F
100
AcDbEntity
  8
0
  6
Continuous
 62
     7
370
    25
100
AcDbSpline
210
0.0
220
0.0
230
1.0
 70
     8
 71
     3
 72
     9
 73
     5
 74
     0
 42
0.00000001
 43
0.00000001
 40
0.0
 40
0.0
 40
0.0
 40
0.0
 40
0.5074092035235649
 40
1.0
 40
1.0
 40
1.0
 40
1.0
 10
367.1288698905753
 20
-753.1573641484225
 30
0.0
 10
367.1275981171648
 20
-753.2280832233471
 30
0.0
 10
367.1483145961103
 20
-753.367101315491
 30
0.0
 10
367.206688459673
 20
-753.4949998034838
 30
0.0
 10
367.2459572303189
 20
-753.5513945971405
 30
0.0
  0
SPLINE
  5
110
330
1F
100
AcDbEntity
  8
0
  6
Continuous
 62
     7
370
    25
100
AcDbSpline
210
0.0
220
0.0
230
1.0
 70
     8
 71
     3
 72
    13
 73
     9
 74
     0
 42
0.00000001
 43
0.00000001
 40
0.0
 40
0.0
 40
0.0
 40
0.0
 40
0.1977042930091544
 40
0.307845843556672
 40
0.427175637598495
 40
0.5562245009992286
 40
0.6940497867914189
 40
1.0
 40
1.0
 40
1.0
 40
1.0
 10
367.2459572303189
 20
-753.5513945971405
 30
0.0
 10
367.2668963099779
 20
-753.5824618563017
 30
0.0
 10
367.3051554222127
 20
-753.6265187163439
 30
0.0
 10
367.3630691491601
 20
-753.682884100219
 30
0.0
 10
367.4152013862458
 20
-753.7263276601788
 30
0.0
 10
367.474311833717
 20
-753.7692302481813
 30
0.0
 10
367.5633819825716
 20
-753.8308991230381
 30
0.0
 10
367.6363686227176
 20
-753.872586170154
 30
0.0
 10
367.6869628392932
 20
-753.9005532509866
 30
0.0
  0
SPLINE
  5
111
330
1F
100
AcDbEntity
  8
0
  6
Continuous
 62
     7
370
    25
100
AcDbSpline
210
0.0
220
0.0
230
1.0
 70
     8
 71
     3
 72
    13
 73
     9
 74
     0
 42
0.00000001
 43
0.00000001
 40
0.0
 40
0.0
 40
0.0
 40
0.0
 40
0.3337367066247166
 40
0.4791986316519908
 40
0.6104491594874726
 40
0.7277299767533767
 40
0.8325383242742956
 40
1.0
 40
1.0
 40
1.0
 40
1.0
 10
367.6869628392932
 20
-753.9005532509866
 30
0.0
 10
367.7333327317739
 20
-753.9250102535406
 30
0.0
 10
367.7989581502457
 20
-753.9618650391269
 30
0.0
 10
367.8816143303403
 20
-754.0104699291946
 30
0.0
 10
367.9336137790784
 20
-754.044056645764
 30
0.0
 10
367.9787309124866
 20
-754.0764102513646
 30
0.0
 10
368.0266367501247
 20
-754.1144996670542
 30
0.0
 10
368.0578361945455
 20
-754.1439078165464
 30
0.0
 10
368.0746831918574
 20
-754.1641750458584
 30
0.0
  0
SPLINE
  5
112
330
1F
100
AcDbEntity
  8
0
  6
Continuous
 62
     7
370
    25
100
AcDbSpline
210
0.0
220
0.0
230
1.0
 70
     8
 71
     3
 72
     9
 73
     5
 74
     0
 42
0.00000001
 43
0.00000001
 40
0.0
 40
0.0
 40
0.0
 40
0.0
 40
0.4995466848971771
 40
1.0
 40
1.0
 40
1.0
 40
1.0
 10
368.0746831918574
 20
-754.1641750458584
 30
0.0
 10
368.1025727137058
 20
-754.19812575507
 30
0.0
 10
368.1467622874098
 20
-754.2759055730762
 30
0.0
 10
368.1607538217389
 20
-754.3641958120882
 30
0.0
 10
368.1609211726266
 20
-754.4081654304738
 30
0.0
  0
SPLINE
  5
113
330
1F
100
AcDbEntity
  8
0
  6
Continuous
 62
     7
370
    25
100
AcDbSpline
210
0.0
220
0.0
230
1.0
 70
     8
 71
     3
 72
    13
 73
     9
 74
     0
 42
0.00000001
 43
0.00000001
 40
0.0
 40
0.0
 40
0.0
 40
0.0
 40
0.2352817369433263
 40
0.3554913463217786
 40
0.4823137941792089
 40
0.6121639553089804
 40
0.7381043263492527
 40
1.0
 40
1.0
 40
1.0
 40
1.0
 10
368.1609211726266
 20
-754.4081654304737
 30
0.0
 10
368.1612524276096
 20
-754.4613839915121
 30
0.0
 10
368.1441356536027
 20
-754.5418629601103
 30
0.0
 10
368.0879989632228
 20
-754.6361842670462
 30
0.0
 10
368.0301758045085
 20
-754.6991565247587
 30
0.0
 10
367.9621310917298
 20
-754.7531763715596
 30
0.0
 10
367.8564265923158
 20
-754.8049491266738
 30
0.0
 10
367.7686069445126
 20
-754.8202363539934
 30
0.0
 10
367.7093987367292
 20
-754.8197239240635
 30
0.0
  0
SPLINE
  5
114
330
1F
100
AcDbEntity
  8
0
  6
Continuous
 62
     7
370
    25
100
AcDbSpline
210
0.0
220
0.0
230
1.0
 70
     8
 71
     3
 72
    13
 73
     9
 74
     0
 42
0.00000001
 43
0.00000001
 40
0.0
 40
0.0
 40
0.0
 40
0.0
 40
0.2249939016840848
 40
0.3407622816197836
 40
0.4594992564135725
 40
0.5828283517556833
 40
0.714095828455612
 40
1.0
 40
1.0
 40
1.0
 40
1.0
 10
367.7093987367292
 20
-754.8197239240635
 30
0.0
 10
367.6649425544426
 20
-754.8199391110484
 30
0.0
 10
367.5977902379298
 20
-754.8108766682997
 30
0.0
 10
367.511328502718
 20
-754.7829593914698
 30
0.0
 10
367.4471047277361
 20
-754.7532270756798
 30
0.0
 10
367.3842818013103
 20
-754.7145636372983
 30
0.0
 10
367.2984309439523
 20
-754.6510777408281
 30
0.0
 10
367.2401375998242
 20
-754.5923882494907
 30
0.0
 10
367.2024876790368
 20
-754.5504931548328
 30
0.0
  0
SPLINE
  5
116
330
1F
100
AcDbEntity
  8
0
  6
Continuous
 62
     7
370
    25
100
AcDbSpline
210
0.0
220
0.0
230
1.0
 70
     8
 71
     3
 72
    13
 73
     9
 74
     0
 42
0.00000001
 43
0.00000001
 40
0.0
 40
0.0
 40
0.0
 40
0.0
 40
0.2445989327970781
 40
0.3685417614064678
 40
0.4953064507483242
 40
0.6227813119737594
 40
0.7482760387503932
 40
1.0
 40
1.0
 40
1.0
 40
1.0
 10
366.99425450596
 20
-754.7874723214994
 30
0.0
 10
367.0365222970281
 20
-754.8410712236181
 30
0.0
 10
367.1098656803737
 20
-754.914073599381
 30
0.0
 10
367.2231065421729
 20
-754.9936652569957
 30
0.0
 10
367.3161115663531
 20
-755.0438631408426
 30
0.0
 10
367.4145065620981
 20
-755.0835167291365
 30
0.0
 10
367.5500656993295
 20
-755.1222337668047
 30
0.0
 10
367.6552645283985
 20
-755.1343595075258
 30
0.0
 10
367.7255245380112
 20
-755.133826488166
 30
0.0
  0
SPLINE
  5
117
330
1F
100
AcDbEntity
  8
0
  6
Continuous
 62
     7
370
    25
100
AcDbSpline
210
0.0
220
0.0
230
1.0
 70
     8
 71
     3
 72
    21
 73
    17
 74
     0
 42
0.00000001
 43
0.00000001
 40
0.0
 40
0.0
 40
0.0
 40
0.0
 40
0.1313602991795166
 40
0.1945015164287869
 40
0.2564315180678488
 40
0.3176028927083885
 40
0.3786284196027745
 40
0.4404806721565302
 40
0.5042957142747503
 40
0.5681107563929704
 40
0.6299630089466978
 40
0.6904753005359935
 40
0.7513604849060218
 40
0.8114026619126244
 40
0.8728008672445208
 40
1.0
 40
1.0
 40
1.0
 40
1.0
 10
367.7255245380112
 20
-755.133826488166
 30
0.0
 10
367.7769140241933
 20
-755.1334763896128
 30
0.0
 10
367.8532085226078
 20
-755.1277369800276
 30
0.0
 10
367.9512007251312
 20
-755.105085484749
 30
0.0
 10
368.0201636027502
 20
-755.081037148613
 30
0.0
 10
368.0856906078241
 20
-755.0507665663589
 30
0.0
 10
368.1479293858034
 20
-755.0141936268432
 30
0.0
 10
368.2064355319351
 20
-754.9701692917978
 30
0.0
 10
368.2612810491783
 20
-754.9200836483143
 30
0.0
 10
368.3113723240845
 20
-754.8652446669295
 30
0.0
 10
368.3552476015245
 20
-754.8068687173328
 30
0.0
 10
368.3917940676506
 20
-754.7450325616445
 30
0.0
 10
368.4229833932675
 20
-754.6810732682609
 30
0.0
 10
368.4460587462812
 20
-754.6133792996756
 30
0.0
 10
368.4690538130544
 20
-754.5186465942882
 30
0.0
 10
368.4745518344609
 20
-754.4445720591655
 30
0.0
 10
368.4750237367292
 20
-754.3948441163712
 30
0.0
  0
SPLINE
  5
118
330
1F
100
AcDbEntity
  8
0
  6
Continuous
 62
     7
370
    25
100
AcDbSpline
210
0.0
220
0.0
230
1.0
 70
     8
 71
     3
 72
     9
 73
     5
 74
     0
 42
0.00000001
 43
0.00000001
 40
0.0
 40
0.0
 40
0.0
 40
0.0
 40
0.5047649745423033
 40
1.0
 40
1.0
 40
1.0
 40
1.0
 10
368.4750237367292
 20
-754.3948441163712
 30
0.0
 10
368.4740227318771
 20
-754.324600190395
 30
0.0
 10
368.4579641135741
 20
-754.1835968023476
 30
0.0
 10
368.3938872612752
 20
-754.0569456556156
 30
0.0
 10
368.355833031601
 20
-753.9994114240636
 30
0.0
  0
SPLINE
  5
119
330
1F
100
AcDbEntity
  8
0
  6
Continuous
 62
     7
370
    25
100
AcDbSpline
210
0.0
220
0.0
230
1.0
 70
     8
 71
     3
 72
    13
 73
     9
 74
     0
 42
0.00000001
 43
0.00000001
 40
0.0
 40
0.0
 40
0.0
 40
0.0
 40
0.1954188198468059
 40
0.3058478904171519
 40
0.4251239275883038
 40
0.5537868414038123
 40
0.6928854083944208
 40
1.0
 40
1.0
 40
1.0
 40
1.0
 10
368.355833031601
 20
-753.9994114240636
 30
0.0
 10
368.333668399021
 20
-753.9681150802868
 30
0.0
 10
368.2945325329787
 20
-753.9223063185636
 30
0.0
 10
368.2328370159194
 20
-753.866104033114
 30
0.0
 10
368.1789184355968
 20
-753.8209337827998
 30
0.0
 10
368.1174535100736
 20
-753.7762764958636
 30
0.0
 10
368.0237692240779
 20
-753.7134454832707
 30
0.0
 10
367.9479159410949
 20
-753.6695672141068
 30
0.0
 10
367.8951960123702
 20
-753.6404370650893
 30
0.0
  0
SPLINE
  5
11A
330
1F
100
AcDbEntity
  8
0
  6
Continuous
 62
     7
370
    25
100
AcDbSpline
210
0.0
220
0.0
230
1.0
 70
     8
 71
     3
 72
    13
 73
     9
 74
     0
 42
0.00000001
 43
0.00000001
 40
0.0
 40
0.0
 40
0.0
 40
0.0
 40
0.3238790058012297
 40
0.4664315196199194
 40
0.5977832531928251
 40
0.716017640049585
 40
0.8224401785340821
 40
1.0
 40
1.0
 40
1.0
 40
1.0
 10
367.8951960123702
 20
-753.6404370650893
 30
0.0
 10
367.8517739248431
 20
-753.6178259335986
 30
0.0
 10
367.7915813778046
 20
-753.5812385263214
 30
0.0
 10
367.7147346598533
 20
-753.5338272987394
 30
0.0
 10
367.6659663474327
 20
-753.5002173956377
 30
0.0
 10
367.6226797981739
 20
-753.4682484829859
 30
0.0
 10
367.577103115002
 20
-753.4280647792624
 30
0.0
 10
367.5458940674024
 20
-753.3985297587819
 30
0.0
 10
367.529911557242
 20
-753.3768152702174
 30
0.0
  0
SPLINE
  5
11B
330
1F
100
AcDbEntity
  8
0
  6
Continuous
 62
     7
370
    25
100
AcDbSpline
210
0.0
220
0.0
230
1.0
 70
     8
 71
     3
 72
     9
 73
     5
 74
     0
 42
0.00000001
 43
0.00000001
 40
0.0
 40
0.0
 40
0.0
 40
0.0
 40
0.5205968063938538
 40
1.0
 40
1.0
 40
1.0
 40
1.0
 10
367.529911557242
 20
-753.3768152702174
 30
0.0
 10
367.5032213683814
 20
-753.3422862182629
 30
0.0
 10
367.458734114338
 20
-753.2692533296108
 30
0.0
 10
367.4430479705219
 20
-753.1851094892623
 30
0.0
 10
367.4429724546779
 20
-753.1447439561148
 30
0.0
  0
SPLINE
  5
11C
330
1F
100
AcDbEntity
  8
0
  6
Continuous
 62
     7
370
    25
100
AcDbSpline
210
0.0
220
0.0
230
1.0
 70
     8
 71
     3
 72
    13
 73
     9
 74
     0
 42
0.00000001
 43
0.00000001
 40
0.0
 40
0.0
 40
0.0
 40
0.0
 40
0.2489716711489569
 40
0.371496133633386
 40
0.5014891588226018
 40
0.6308339704138622
 40
0.7540993713937395
 40
1.0
 40
1.0
 40
1.0
 40
1.0
 10
367.4429724546779
 20
-753.1447439561148
 30
0.0
 10
367.4430959468629
 20
-753.1007993039672
 30
0.0
 10
367.4549283618056
 20
-753.0347942839929
 30
0.0
 10
367.4966159272356
 20
-752.9559404242657
 30
0.0
 10
367.5390530319604
 20
-752.9031598803032
 30
0.0
 10
367.5892253392429
 20
-752.8572579320651
 30
0.0
 10
367.6665479873797
 20
-752.8136914137615
 30
0.0
 10
367.7316544075516
 20
-752.7995984116527
 30
0.0
 10
367.7753041854471
 20
-752.8004931548328
 30
0.0
  0
SPLINE
  5
11D
330
1F
100
AcDbEntity
  8
0
  6
Continuous
 62
     7
370
    25
100
AcDbSpline
210
0.0
220
0.0
230
1.0
 70
     8
 71
     3
 72
    13
 73
     9
 74
     0
 42
0.00000001
 43
0.00000001
 40
0.0
 40
0.0
 40
0.0
 40
0.0
 40
0.2066658703703944
 40
0.3164748855848594
 40
0.434036772895249
 40
0.5586910361120829
 40
0.6949644946417861
 40
1.0
 40
1.0
 40
1.0
 40
1.0
 10
367.7753041854471
 20
-752.8004931548328
 30
0.0
 10
367.8121190591469
 20
-752.8005259206452
 30
0.0
 10
367.8683395708816
 20
-752.8096340230531
 30
0.0
 10
367.9404024789116
 20
-752.8378796499453
 30
0.0
 10
367.995863899228
 20
-752.8672842004503
 30
0.0
 10
368.0509025228246
 20
-752.9062560193267
 30
0.0
 10
368.1287245977329
 20
-752.9702506699224
 30
0.0
 10
368.1821935953758
 20
-753.0281948976498
 30
0.0
 10
368.2170109162163
 20
-753.0697239240636
 30
0.0
  0
SPLINE
  5
11F
330
1F
100
AcDbEntity
  8
0
  6
Continuous
 62
     7
370
    25
100
AcDbSpline
210
0.0
220
0.0
230
1.0
 70
     8
 71
     3
 72
    13
 73
     9
 74
     0
 42
0.00000001
 43
0.00000001
 40
0.0
 40
0.0
 40
0.0
 40
0.0
 40
0.2972877955187847
 40
0.4309389201449618
 40
0.5555483284431149
 40
0.6738732699265512
 40
0.786588387361008
 40
1.0
 40
1.0
 40
1.0
 40
1.0
 10
368.4301519418574
 20
-752.8502728022687
 30
0.0
 10
368.3795438850491
 20
-752.7929782341062
 30
0.0
 10
368.2996012403641
 20
-752.715763016577
 30
0.0
 10
368.1860945531008
 20
-752.6288853131614
 30
0.0
 10
368.1043061024643
 20
-752.5767835366316
 30
0.0
 10
368.0219773469619
 20
-752.5366056135726
 30
0.0
 10
367.9140822371963
 20
-752.4981350475207
 30
0.0
 10
367.8301994774994
 20
-752.4864437792554
 30
0.0
 10
367.7753041854471
 20
-752.4863905907301
 30
0.0
  0
SPLINE
  5
120
330
1F
100
AcDbEntity
  8
0
  6
Continuous
 62
     7
370
    25
100
AcDbSpline
210
0.0
220
0.0
230
1.0
 70
     8
 71
     3
 72
    21
 73
    17
 74
     0
 42
0.00000001
 43
0.00000001
 40
0.0
 40
0.0
 40
0.0
 40
0.0
 40
0.1291156642467579
 40
0.1906142170368923
 40
0.2512349941101524
 40
0.3110899094595533
 40
0.371186145844547
 40
0.4321194799414568
 40
0.4949206964951361
 40
0.5573643976837683
 40
0.6191271459503938
 40
0.6802716623934315
 40
0.7413865832314219
 40
0.8034925619465831
 40
0.8669564647560456
 40
1.0
 40
1.0
 40
1.0
 40
1.0
 10
365.8906888008318
 20
-752.4863905907301
 30
0.0
 10
365.8457757392176
 20
-752.4858560273935
 30
0.0
 10
365.7795302567453
 20
-752.4920851986296
 30
0.0
 10
365.6943532524556
 20
-752.5118283205219
 30
0.0
 10
365.6345325516261
 20
-752.5328030314323
 30
0.0
 10
365.5781241924491
 20
-752.560575221986
 30
0.0
 10
365.5245859184421
 20
-752.5936796889513
 30
0.0
 10
365.4736911581027
 20
-752.6324788329916
 30
0.0
 10
365.4265844924702
 20
-752.6769880187863
 30
0.0
 10
365.3837412732665
 20
-752.7259911798988
 30
0.0
 10
365.3465535861677
 20
-752.778727122263
 30
0.0
 10
365.3149086473476
 20
-752.8343844687556
 30
0.0
 10
365.2884220261034
 20
-752.8928870382447
 30
0.0
 10
365.2693809140582
 20
-752.9550120832201
 30
0.0
 10
365.2486997452224
 20
-753.0425869683912
 30
0.0
 10
365.2445712948282
 20
-753.1112218354245
 30
0.0
 10
365.24425450596
 20
-753.1573641484225
 30
0.0
  0
SPLINE
  5
121
330
1F
100
AcDbEntity
  8
0
  6
Continuous
 62
     7
370
    25
100
AcDbSpline
210
0.0
220
0.0
230
1.0
 70
     8
 71
     3
 72
     9
 73
     5
 74
     0
 42
0.00000001
 43
0.00000001
 40
0.0
 40
0.0
 40
0.0
 40
0.0
 40
0.5074092035235649
 40
1.0
 40
1.0
 40
1.0
 40
1.0
 10
365.24425450596
 20
-753.1573641484225
 30
0.0
 10
365.2429827325494
 20
-753.2280832233469
 30
0.0
 10
365.2636992114951
 20
-753.3671013154915
 30
0.0
 10
365.3220730750576
 20
-753.4949998034837
 30
0.0
 10
365.3613418457036
 20
-753.5513945971405
 30
0.0
  0
SPLINE
  5
122
330
1F
100
AcDbEntity
  8
0
  6
Continuous
 62
     7
370
    25
100
AcDbSpline
210
0.0
220
0.0
230
1.0
 70
     8
 71
     3
 72
    13
 73
     9
 74
     0
 42
0.00000001
 43
0.00000001
 40
0.0
 40
0.0
 40
0.0
 40
0.0
 40
0.1977042930091544
 40
0.307845843556672
 40
0.427175637598495
 40
0.5562245009992286
 40
0.6940497867914189
 40
1.0
 40
1.0
 40
1.0
 40
1.0
 10
365.3613418457036
 20
-753.5513945971405
 30
0.0
 10
365.3822809253626
 20
-753.5824618563017
 30
0.0
 10
365.4205400375973
 20
-753.6265187163439
 30
0.0
 10
365.4784537645447
 20
-753.682884100219
 30
0.0
 10
365.5305860016305
 20
-753.7263276601788
 30
0.0
 10
365.5896964491017
 20
-753.7692302481814
 30
0.0
 10
365.6787665979563
 20
-753.8308991230381
 30
0.0
 10
365.7517532381023
 20
-753.872586170154
 30
0.0
 10
365.8023474546779
 20
-753.9005532509866
 30
0.0
  0
SPLINE
  5
123
330
1F
100
AcDbEntity
  8
0
  6
Continuous
 62
     7
370
    25
100
AcDbSpline
210
0.0
220
0.0
230
1.0
 70
     8
 71
     3
 72
    13
 73
     9
 74
     0
 42
0.00000001
 43
0.00000001
 40
0.0
 40
0.0
 40
0.0
 40
0.0
 40
0.3337367066247166
 40
0.4791986316519908
 40
0.6104491594874726
 40
0.7277299767533767
 40
0.8325383242742956
 40
1.0
 40
1.0
 40
1.0
 40
1.0
 10
365.8023474546779
 20
-753.9005532509866
 30
0.0
 10
365.8487173471584
 20
-753.9250102535406
 30
0.0
 10
365.9143427656305
 20
-753.9618650391269
 30
0.0
 10
365.996998945725
 20
-754.0104699291948
 30
0.0
 10
366.0489983944631
 20
-754.044056645764
 30
0.0
 10
366.0941155278712
 20
-754.0764102513646
 30
0.0
 10
366.1420213655095
 20
-754.1144996670544
 30
0.0
 10
366.1732208099301
 20
-754.1439078165464
 30
0.0
 10
366.190067807242
 20
-754.1641750458584
 30
0.0
  0
SPLINE
  5
124
330
1F
100
AcDbEntity
  8
0
  6
Continuous
 62
     7
370
    25
100
AcDbSpline
210
0.0
220
0.0
230
1.0
 70
     8
 71
     3
 72
     9
 73
     5
 74
     0
 42
0.00000001
 43
0.00000001
 40
0.0
 40
0.0
 40
0.0
 40
0.0
 40
0.4995466848971771
 40
1.0
 40
1.0
 40
1.0
 40
1.0
 10
366.190067807242
 20
-754.1641750458584
 30
0.0
 10
366.2179573290905
 20
-754.1981257550699
 30
0.0
 10
366.2621469027946
 20
-754.2759055730764
 30
0.0
 10
366.2761384371234
 20
-754.3641958120882
 30
0.0
 10
366.2763057880113
 20
-754.4081654304738
 30
0.0
  0
SPLINE
  5
125
330
1F
100
AcDbEntity
  8
0
  6
Continuous
 62
     7
370
    25
100
AcDbSpline
210
0.0
220
0.0
230
1.0
 70
     8
 71
     3
 72
    13
 73
     9
 74
     0
 42
0.00000001
 43
0.00000001
 40
0.0
 40
0.0
 40
0.0
 40
0.0
 40
0.2352817369433263
 40
0.3554913463217786
 40
0.4823137941792089
 40
0.6121639553089804
 40
0.7381043263492527
 40
1.0
 40
1.0
 40
1.0
 40
1.0
 10
366.2763057880113
 20
-754.4081654304737
 30
0.0
 10
366.2766370429942
 20
-754.461383991512
 30
0.0
 10
366.2595202689875
 20
-754.5418629601103
 30
0.0
 10
366.2033835786075
 20
-754.6361842670462
 30
0.0
 10
366.1455604198933
 20
-754.6991565247586
 30
0.0
 10
366.0775157071143
 20
-754.7531763715597
 30
0.0
 10
365.9718112077005
 20
-754.8049491266738
 30
0.0
 10
365.8839915598974
 20
-754.8202363539936
 30
0.0
 10
365.8247833521139
 20
-754.8197239240635
 30
0.0
  0
SPLINE
  5
126
330
1F
100
AcDbEntity
  8
0
  6
Continuous
 62
     7
370
    25
100
AcDbSpline
210
0.0
220
0.0
230
1.0
 70
     8
 71
     3
 72
    13
 73
     9
 74
     0
 42
0.00000001
 43
0.00000001
 40
0.0
 40
0.0
 40
0.0
 40
0.0
 40
0.2249939016840848
 40
0.3407622816197836
 40
0.4594992564135725
 40
0.5828283517556833
 40
0.714095828455612
 40
1.0
 40
1.0
 40
1.0
 40
1.0
 10
365.8247833521139
 20
-754.8197239240635
 30
0.0
 10
365.7803271698273
 20
-754.8199391110484
 30
0.0
 10
365.7131748533145
 20
-754.8108766682997
 30
0.0
 10
365.6267131181027
 20
-754.7829593914698
 30
0.0
 10
365.5624893431207
 20
-754.7532270756798
 30
0.0
 10
365.499666416695
 20
-754.7145636372983
 30
0.0
 10
365.413815559337
 20
-754.6510777408281
 30
0.0
 10
365.3555222152088
 20
-754.5923882494906
 30
0.0
 10
365.3178722944215
 20
-754.5504931548328
 30
0.0
  0
SPLINE
  5
128
330
1F
100
AcDbEntity
  8
0
  6
Continuous
 62
     7
370
    25
100
AcDbSpline
210
0.0
220
0.0
230
1.0
 70
     8
 71
     3
 72
    13
 73
     9
 74
     0
 42
0.00000001
 43
0.00000001
 40
0.0
 40
0.0
 40
0.0
 40
0.0
 40
0.2445989327970781
 40
0.3685417614064678
 40
0.4953064507483242
 40
0.6227813119737594
 40
0.7482760387503932
 40
1.0
 40
1.0
 40
1.0
 40
1.0
 10
365.1096391213446
 20
-754.7874723214994
 30
0.0
 10
365.1519069124128
 20
-754.8410712236179
 30
0.0
 10
365.2252502957584
 20
-754.9140735993813
 30
0.0
 10
365.3384911575575
 20
-754.9936652569953
 30
0.0
 10
365.4314961817378
 20
-755.0438631408427
 30
0.0
 10
365.5298911774827
 20
-755.0835167291362
 30
0.0
 10
365.6654503147141
 20
-755.1222337668048
 30
0.0
 10
365.7706491437832
 20
-755.1343595075259
 30
0.0
 10
365.8409091533959
 20
-755.133826488166
 30
0.0
  0
SPLINE
  5
129
330
1F
100
AcDbEntity
  8
0
  6
Continuous
 62
     7
370
    25
100
AcDbSpline
210
0.0
220
0.0
230
1.0
 70
     8
 71
     3
 72
    21
 73
    17
 74
     0
 42
0.00000001
 43
0.00000001
 40
0.0
 40
0.0
 40
0.0
 40
0.0
 40
0.1313602991795166
 40
0.1945015164287869
 40
0.2564315180678488
 40
0.3176028927083885
 40
0.3786284196027745
 40
0.4404806721565302
 40
0.5042957142747503
 40
0.5681107563929704
 40
0.6299630089466978
 40
0.6904753005359935
 40
0.7513604849060218
 40
0.8114026619126244
 40
0.8728008672445208
 40
1.0
 40
1.0
 40
1.0
 40
1.0
 10
365.8409091533959
 20
-755.133826488166
 30
0.0
 10
365.8922986395781
 20
-755.1334763896127
 30
0.0
 10
365.9685931379925
 20
-755.1277369800277
 30
0.0
 10
366.0665853405159
 20
-755.105085484749
 30
0.0
 10
366.1355482181348
 20
-755.0810371486132
 30
0.0
 10
366.2010752232087
 20
-755.0507665663589
 30
0.0
 10
366.2633140011881
 20
-755.0141936268432
 30
0.0
 10
366.3218201473199
 20
-754.9701692917978
 30
0.0
 10
366.3766656645629
 20
-754.9200836483145
 30
0.0
 10
366.4267569394692
 20
-754.8652446669294
 30
0.0
 10
366.4706322169092
 20
-754.8068687173328
 30
0.0
 10
366.5071786830353
 20
-754.7450325616446
 30
0.0
 10
366.5383680086521
 20
-754.6810732682609
 30
0.0
 10
366.5614433616659
 20
-754.6133792996756
 30
0.0
 10
366.584438428439
 20
-754.5186465942883
 30
0.0
 10
366.5899364498456
 20
-754.4445720591652
 30
0.0
 10
366.5904083521139
 20
-754.3948441163712
 30
0.0
  0
SPLINE
  5
12A
330
1F
100
AcDbEntity
  8
0
  6
Continuous
 62
     7
370
    25
100
AcDbSpline
210
0.0
220
0.0
230
1.0
 70
     8
 71
     3
 72
     9
 73
     5
 74
     0
 42
0.00000001
 43
0.00000001
 40
0.0
 40
0.0
 40
0.0
 40
0.0
 40
0.5047649745423033
 40
1.0
 40
1.0
 40
1.0
 40
1.0
 10
366.5904083521139
 20
-754.3948441163712
 30
0.0
 10
366.5894073472617
 20
-754.324600190395
 30
0.0
 10
366.5733487289588
 20
-754.1835968023477
 30
0.0
 10
366.5092718766598
 20
-754.0569456556156
 30
0.0
 10
366.4712176469856
 20
-753.9994114240636
 30
0.0
  0
SPLINE
  5
12B
330
1F
100
AcDbEntity
  8
0
  6
Continuous
 62
     7
370
    25
100
AcDbSpline
210
0.0
220
0.0
230
1.0
 70
     8
 71
     3
 72
    13
 73
     9
 74
     0
 42
0.00000001
 43
0.00000001
 40
0.0
 40
0.0
 40
0.0
 40
0.0
 40
0.1954188198468059
 40
0.3058478904171519
 40
0.4251239275883038
 40
0.5537868414038123
 40
0.6928854083944208
 40
1.0
 40
1.0
 40
1.0
 40
1.0
 10
366.4712176469856
 20
-753.9994114240636
 30
0.0
 10
366.4490530144058
 20
-753.9681150802866
 30
0.0
 10
366.4099171483633
 20
-753.9223063185634
 30
0.0
 10
366.3482216313041
 20
-753.8661040331141
 30
0.0
 10
366.2943030509815
 20
-753.8209337827997
 30
0.0
 10
366.2328381254583
 20
-753.7762764958637
 30
0.0
 10
366.1391538394625
 20
-753.7134454832704
 30
0.0
 10
366.0633005564797
 20
-753.6695672141071
 30
0.0
 10
366.0105806277549
 20
-753.6404370650893
 30
0.0
  0
SPLINE
  5
12C
330
1F
100
AcDbEntity
  8
0
  6
Continuous
 62
     7
370
    25
100
AcDbSpline
210
0.0
220
0.0
230
1.0
 70
     8
 71
     3
 72
    13
 73
     9
 74
     0
 42
0.00000001
 43
0.00000001
 40
0.0
 40
0.0
 40
0.0
 40
0.0
 40
0.3238790058012297
 40
0.4664315196199194
 40
0.5977832531928251
 40
0.716017640049585
 40
0.8224401785340821
 40
1.0
 40
1.0
 40
1.0
 40
1.0
 10
366.0105806277549
 20
-753.6404370650893
 30
0.0
 10
365.9671585402278
 20
-753.6178259335986
 30
0.0
 10
365.9069659931893
 20
-753.5812385263214
 30
0.0
 10
365.8301192752379
 20
-753.5338272987395
 30
0.0
 10
365.7813509628173
 20
-753.5002173956376
 30
0.0
 10
365.7380644135586
 20
-753.4682484829859
 30
0.0
 10
365.6924877303868
 20
-753.4280647792625
 30
0.0
 10
365.6612786827872
 20
-753.3985297587819
 30
0.0
 10
365.6452961726267
 20
-753.3768152702174
 30
0.0
  0
SPLINE
  5
12D
330
1F
100
AcDbEntity
  8
0
  6
Continuous
 62
     7
370
    25
100
AcDbSpline
210
0.0
220
0.0
230
1.0
 70
     8
 71
     3
 72
     9
 73
     5
 74
     0
 42
0.00000001
 43
0.00000001
 40
0.0
 40
0.0
 40
0.0
 40
0.0
 40
0.5205968063938538
 40
1.0
 40
1.0
 40
1.0
 40
1.0
 10
365.6452961726267
 20
-753.3768152702174
 30
0.0
 10
365.618605983766
 20
-753.3422862182629
 30
0.0
 10
365.5741187297227
 20
-753.2692533296108
 30
0.0
 10
365.5584325859066
 20
-753.1851094892623
 30
0.0
 10
365.5583570700626
 20
-753.1447439561148
 30
0.0
  0
SPLINE
  5
12E
330
1F
100
AcDbEntity
  8
0
  6
Continuous
 62
     7
370
    25
100
AcDbSpline
210
0.0
220
0.0
230
1.0
 70
     8
 71
     3
 72
    13
 73
     9
 74
     0
 42
0.00000001
 43
0.00000001
 40
0.0
 40
0.0
 40
0.0
 40
0.0
 40
0.2489716711489569
 40
0.371496133633386
 40
0.5014891588226018
 40
0.6308339704138622
 40
0.7540993713937395
 40
1.0
 40
1.0
 40
1.0
 40
1.0
 10
365.5583570700626
 20
-753.1447439561148
 30
0.0
 10
365.5584805622475
 20
-753.1007993039672
 30
0.0
 10
365.5703129771903
 20
-753.0347942839929
 30
0.0
 10
365.6120005426202
 20
-752.9559404242658
 30
0.0
 10
365.6544376473451
 20
-752.9031598803031
 30
0.0
 10
365.7046099546276
 20
-752.8572579320652
 30
0.0
 10
365.7819326027643
 20
-752.8136914137615
 30
0.0
 10
365.8470390229363
 20
-752.7995984116527
 30
0.0
 10
365.8906888008318
 20
-752.8004931548328
 30
0.0
  0
SPLINE
  5
12F
330
1F
100
AcDbEntity
  8
0
  6
Continuous
 62
     7
370
    25
100
AcDbSpline
210
0.0
220
0.0
230
1.0
 70
     8
 71
     3
 72
    13
 73
     9
 74
     0
 42
0.00000001
 43
0.00000001
 40
0.0
 40
0.0
 40
0.0
 40
0.0
 40
0.2066658703703944
 40
0.3164748855848594
 40
0.434036772895249
 40
0.5586910361120829
 40
0.6949644946417861
 40
1.0
 40
1.0
 40
1.0
 40
1.0
 10
365.8906888008318
 20
-752.8004931548328
 30
0.0
 10
365.9275036745316
 20
-752.8005259206452
 30
0.0
 10
365.9837241862662
 20
-752.8096340230531
 30
0.0
 10
366.0557870942964
 20
-752.8378796499454
 30
0.0
 10
366.1112485146126
 20
-752.8672842004503
 30
0.0
 10
366.1662871382093
 20
-752.9062560193267
 30
0.0
 10
366.2441092131175
 20
-752.9702506699224
 30
0.0
 10
366.2975782107607
 20
-753.0281948976498
 30
0.0
 10
366.332395531601
 20
-753.0697239240636
 30
0.0
  0
SPLINE
  5
131
330
1F
100
AcDbEntity
  8
0
  6
Continuous
 62
     7
370
    25
100
AcDbSpline
210
0.0
220
0.0
230
1.0
 70
     8
 71
     3
 72
    13
 73
     9
 74
     0
 42
0.00000001
 43
0.00000001
 40
0.0
 40
0.0
 40
0.0
 40
0.0
 40
0.2972877955187847
 40
0.4309389201449618
 40
0.5555483284431149
 40
0.6738732699265512
 40
0.786588387361008
 40
1.0
 40
1.0
 40
1.0
 40
1.0
 10
366.5455365572421
 20
-752.8502728022687
 30
0.0
 10
366.4949285004338
 20
-752.7929782341063
 30
0.0
 10
366.4149858557488
 20
-752.7157630165767
 30
0.0
 10
366.3014791684855
 20
-752.6288853131616
 30
0.0
 10
366.219690717849
 20
-752.5767835366315
 30
0.0
 10
366.1373619623467
 20
-752.5366056135726
 30
0.0
 10
366.029466852581
 20
-752.4981350475207
 30
0.0
 10
365.9455840928841
 20
-752.4864437792554
 30
0.0
 10
365.8906888008318
 20
-752.4863905907301
 30
0.0
  0
SPLINE
  5
132
330
1F
100
AcDbEntity
  8
0
  6
Continuous
 62
     7
370
    25
100
AcDbSpline
210
0.0
220
0.0
230
1.0
 70
     8
 71
     3
 72
    21
 73
    17
 74
     0
 42
0.00000001
 43
0.00000001
 40
0.0
 40
0.0
 40
0.0
 40
0.0
 40
0.1276691474530114
 40
0.1889505232706923
 40
0.2490548673082609
 40
0.3090713134763036
 40
0.3692223593686969
 40
0.4301747620270164
 40
0.4926019887960188
 40
0.5553468768935645
 40
0.6169627615205089
 40
0.6781707771924026
 40
0.7392465225515307
 40
0.8016089422160432
 40
0.8655244124565488
 40
1.0
 40
1.0
 40
1.0
 40
1.0
 10
363.3505245380112
 20
-754.8197239240635
 30
0.0
 10
363.287513383627
 20
-754.8200736083667
 30
0.0
 10
363.1943851327346
 20
-754.8113546437048
 30
0.0
 10
363.0744030676619
 20
-754.7842881837245
 30
0.0
 10
362.9896307926023
 20
-754.7552171126474
 30
0.0
 10
362.9087328399288
 20
-754.7180278504559
 30
0.0
 10
362.8318392377062
 20
-754.6722247757164
 30
0.0
 10
362.7595565083924
 20
-754.6175723112004
 30
0.0
 10
362.6908493784196
 20
-754.5565117392297
 30
0.0
 10
362.6291237996134
 20
-754.4879445526861
 30
0.0
 10
362.573783806496
 20
-754.41490662744
 30
0.0
 10
362.5273997100586
 20
-754.3367446190618
 30
0.0
 10
362.4895267955507
 20
-754.2538143720221
 30
0.0
 10
362.4582810305992
 20
-754.1667317922743
 30
0.0
 10
362.4280004999262
 20
-754.0415185010264
 30
0.0
 10
362.4191201535066
 20
-753.9436622427645
 30
0.0
 10
362.4173314290368
 20
-753.8774162317559
 30
0.0
  0
SPLINE
  5
134
330
1F
100
AcDbEntity
  8
0
  6
Continuous
 62
     7
370
    25
100
AcDbSpline
210
0.0
220
0.0
230
1.0
 70
     8
 71
     3
 72
    13
 73
     9
 74
     0
 42
0.00000001
 43
0.00000001
 40
0.0
 40
0.0
 40
0.0
 40
0.0
 40
0.270381617831995
 40
0.3984601291783538
 40
0.5227503451015167
 40
0.6438255660090613
 40
0.763745236838236
 40
1.0
 40
1.0
 40
1.0
 40
1.0
 10
364.7057929674984
 20
-753.8774162317559
 30
0.0
 10
364.7042035028441
 20
-753.7921565902723
 30
0.0
 10
364.696842469342
 20
-753.6661742509134
 30
0.0
 10
364.6662409859172
 20
-753.5038181324633
 30
0.0
 10
364.6352308528568
 20
-753.3899917818284
 30
0.0
 10
364.5968540751875
 20
-753.2811100480353
 30
0.0
 10
364.5332433071935
 20
-753.1443240261447
 30
0.0
 10
364.4733342668072
 20
-753.0486848627976
 30
0.0
 10
364.4274476149343
 20
-752.9897960394482
 30
0.0
  0
SPLINE
  5
135
330
1F
100
AcDbEntity
  8
0
  6
Continuous
 62
     7
370
    25
100
AcDbSpline
210
0.0
220
0.0
230
1.0
 70
     8
 71
     3
 72
    13
 73
     9
 74
     0
 42
0.00000001
 43
0.00000001
 40
0.0
 40
0.0
 40
0.0
 40
0.0
 40
0.2552573681410112
 40
0.3772478104725455
 40
0.4977415562850247
 40
0.6181201760749893
 40
0.7409671592206143
 40
1.0
 40
1.0
 40
1.0
 40
1.0
 10
364.4274476149343
 20
-752.9897960394482
 30
0.0
 10
364.3660604712412
 20
-752.9091359268489
 30
0.0
 10
364.2626175571028
 20
-752.7994962364271
 30
0.0
 10
364.1043423813105
 20
-752.6804254511255
 30
0.0
 10
363.9786728697348
 20
-752.609213704418
 30
0.0
 10
363.8448285242283
 20
-752.5541280729285
 30
0.0
 10
363.6522354610759
 20
-752.5008388227694
 30
0.0
 10
363.5003272003477
 20
-752.4859586171485
 30
0.0
 10
363.3974996982676
 20
-752.4863905907301
 30
0.0
  0
SPLINE
  5
136
330
1F
100
AcDbEntity
  8
0
  6
Continuous
 62
     7
370
    25
100
AcDbSpline
210
0.0
220
0.0
230
1.0
 70
     8
 71
     3
 72
    13
 73
     9
 74
     0
 42
0.00000001
 43
0.00000001
 40
0.0
 40
0.0
 40
0.0
 40
0.0
 40
0.2602406645594727
 40
0.3836752253641756
 40
0.5046599577622066
 40
0.6253567426858193
 40
0.7464106650135018
 40
1.0
 40
1.0
 40
1.0
 40
1.0
 10
363.3974996982676
 20
-752.4863905907301
 30
0.0
 10
363.2980434871509
 20
-752.4875891709166
 30
0.0
 10
363.1501676901752
 20
-752.4986180217761
 30
0.0
 10
362.9636216642043
 20
-752.5511124246642
 30
0.0
 10
362.8332802294806
 20
-752.6027449543805
 30
0.0
 10
362.7117032064492
 20
-752.670784499745
 30
0.0
 10
362.5570410544698
 20
-752.7815470267204
 30
0.0
 10
362.4582730790634
 20
-752.8874288620902
 30
0.0
 10
362.3977000187804
 20
-752.963153411243
 30
0.0
  0
SPLINE
  5
137
330
1F
100
AcDbEntity
  8
0
  6
Continuous
 62
     7
370
    25
100
AcDbSpline
210
0.0
220
0.0
230
1.0
 70
     8
 71
     3
 72
    13
 73
     9
 74
     0
 42
0.00000001
 43
0.00000001
 40
0.0
 40
0.0
 40
0.0
 40
0.0
 40
0.2534216680665158
 40
0.3767041167575892
 40
0.4994491585174488
 40
0.6225715734186702
 40
0.746232099975466
 40
1.0
 40
1.0
 40
1.0
 40
1.0
 10
362.3977000187804
 20
-752.9631534112428
 30
0.0
 10
362.3501487562859
 20
-753.0246452350684
 30
0.0
 10
362.2849849235572
 20
-753.1207145063488
 30
0.0
 10
362.2168121472006
 20
-753.2582255425804
 30
0.0
 10
362.1752330454798
 20
-753.3637657922985
 30
0.0
 10
362.1430856127527
 20
-753.4726534841138
 30
0.0
 10
362.1114582331957
 20
-753.623197195073
 30
0.0
 10
362.1041821531393
 20
-753.7393260552378
 30
0.0
 10
362.1032288649342
 20
-753.8171197573969
 30
0.0
  0
SPLINE
  5
138
330
1F
100
AcDbEntity
  8
0
  6
Continuous
 62
     7
370
    25
100
AcDbSpline
210
0.0
220
0.0
230
1.0
 70
     8
 71
     3
 72
    21
 73
    17
 74
     0
 42
0.00000001
 43
0.00000001
 40
0.0
 40
0.0
 40
0.0
 40
0.0
 40
0.1210804245006106
 40
0.1800682782218705
 40
0.2391896643238499
 40
0.2987059533012284
 40
0.3588810785072377
 40
0.4203687292950671
 40
0.4834483096802256
 40
0.5465664849029381
 40
0.6086986022254598
 40
0.6701862530132596
 40
0.7318650366033315
 40
0.7952033026033453
 40
0.8603707753071399
 40
1.0
 40
1.0
 40
1.0
 40
1.0
 10
362.1032288649343
 20
-753.817119757397
 30
0.0
 10
362.1041435921716
 20
-753.9001423977469
 30
0.0
 10
362.112923216471
 20
-754.0239942047345
 30
0.0
 10
362.1490045007437
 20
-754.1844413489644
 30
0.0
 10
362.1873798976576
 20
-754.3003037244483
 30
0.0
 10
362.2349404775046
 20
-754.4135746581602
 30
0.0
 10
362.2933957362039
 20
-754.5235377743604
 30
0.0
 10
362.3633221553914
 20
-754.6294936756399
 30
0.0
 10
362.4425658744062
 20
-754.7311756786125
 30
0.0
 10
362.5305901199302
 20
-754.8261919219353
 30
0.0
 10
362.629409664737
 20
-754.9083249175958
 30
0.0
 10
362.7359104094332
 20
-754.9782816660446
 30
0.0
 10
362.850653087936
 20
-755.0357192931333
 30
0.0
 10
362.9738631401599
 20
-755.0796449669199
 30
0.0
 10
363.1530949831911
 20
-755.1227913222234
 30
0.0
 10
363.2940166785297
 20
-755.1337876052645
 30
0.0
 10
363.389787358524
 20
-755.133826488166
 30
0.0
  0
SPLINE
  5
139
330
1F
100
AcDbEntity
  8
0
  6
Continuous
 62
     7
370
    25
100
AcDbSpline
210
0.0
220
0.0
230
1.0
 70
     8
 71
     3
 72
    17
 73
    13
 74
     0
 42
0.00000001
 43
0.00000001
 40
0.0
 40
0.0
 40
0.0
 40
0.0
 40
0.1781058515637343
 40
0.2613277635121393
 40
0.341556569470565
 40
0.4200079090126303
 40
0.4980968161625923
 40
0.5754001382820819
 40
0.6536452159656927
 40
0.7341257729573555
 40
0.8183392339289957
 40
1.0
 40
1.0
 40
1.0
 40
1.0
 10
363.389787358524
 20
-755.133826488166
 30
0.0
 10
363.4760811502817
 20
-755.1338153279916
 30
0.0
 10
363.6029576320519
 20
-755.12516110696
 30
0.0
 10
363.7653409046279
 20
-755.0918354088326
 30
0.0
 10
363.8776395541697
 20
-755.0574571740553
 30
0.0
 10
363.9834893705965
 20
-755.0126964823579
 30
0.0
 10
364.0837786861119
 20
-754.959580400332
 30
0.0
 10
364.1785092731233
 20
-754.8972408833572
 30
0.0
 10
364.2681868791518
 20
-754.8259939338816
 30
0.0
 10
364.3532598718938
 20
-754.7442475157002
 30
0.0
 10
364.4602057560017
 20
-754.6144853609794
 30
0.0
 10
364.5296767467619
 20
-754.5054894752562
 30
0.0
 10
364.571177582883
 20
-754.4277968407301
 30
0.0
  0
SPLINE
  5
13B
330
1F
100
AcDbEntity
  8
0
  6
Continuous
 62
     7
370
    25
100
AcDbSpline
210
0.0
220
0.0
230
1.0
 70
     8
 71
     3
 72
    17
 73
    13
 74
     0
 42
0.00000001
 43
0.00000001
 40
0.0
 40
0.0
 40
0.0
 40
0.0
 40
0.2079350339033724
 40
0.2946939715679036
 40
0.3697315241424752
 40
0.4408309438027385
 40
0.5142509140460876
 40
0.5913900390896797
 40
0.672274304645895
 40
0.7543412603704857
 40
0.8361211059015231
 40
1.0
 40
1.0
 40
1.0
 40
1.0
 10
364.292131108524
 20
-754.281262385602
 30
0.0
 10
364.2496063825212
 20
-754.347809869505
 30
0.0
 10
364.182490612851
 20
-754.4374403349565
 30
0.0
 10
364.0889928238503
 20
-754.5422592665856
 30
0.0
 10
364.0229409840166
 20
-754.6012805917188
 30
0.0
 10
363.9548193651286
 20
-754.6494869494875
 30
0.0
 10
363.881940421143
 20
-754.6916380915504
 30
0.0
 10
363.8026945228123
 20
-754.7297386040356
 30
0.0
 10
363.717123711061
 20
-754.761323834722
 30
0.0
 10
363.6278629677974
 20
-754.7871821115125
 30
0.0
 10
363.5060146743252
 20
-754.8127016935389
 30
0.0
 10
363.4127184419511
 20
-754.820024754813
 30
0.0
 10
363.3505245380112
 20
-754.8197239240635
 30
0.0
  0
SPLINE
  5
13E
330
1F
100
AcDbEntity
  8
0
  6
Continuous
 62
     7
370
    25
100
AcDbSpline
210
0.0
220
0.0
230
1.0
 70
     8
 71
     3
 72
    13
 73
     9
 74
     0
 42
0.00000001
 43
0.00000001
 40
0.0
 40
0.0
 40
0.0
 40
0.0
 40
0.343762191421818
 40
0.4918338323011656
 40
0.624109070410769
 40
0.7413996050398923
 40
0.8430618504426297
 40
1.0
 40
1.0
 40
1.0
 40
1.0
 10
360.9814339931395
 20
-754.2293793727814
 30
0.0
 10
360.9808875359617
 20
-754.1283987113221
 30
0.0
 10
360.9831106073713
 20
-753.9839521012121
 30
0.0
 10
360.9883848862605
 20
-753.8006965237914
 30
0.0
 10
360.994938037403
 20
-753.6840807879485
 30
0.0
 10
361.0020862036285
 20
-753.5811441639248
 30
0.0
 10
361.0143099637998
 20
-753.4714047816441
 30
0.0
 10
361.0257739175144
 20
-753.396232719157
 30
0.0
 10
361.0375237367292
 20
-753.351574885602
 30
0.0
  0
SPLINE
  5
13F
330
1F
100
AcDbEntity
  8
0
  6
Continuous
 62
     7
370
    25
100
AcDbSpline
210
0.0
220
0.0
230
1.0
 70
     8
 71
     3
 72
    17
 73
    13
 74
     0
 42
0.00000001
 43
0.00000001
 40
0.0
 40
0.0
 40
0.0
 40
0.0
 40
0.1717166158285176
 40
0.2506679767741653
 40
0.3258823275093814
 40
0.3968812716963532
 40
0.4635748406535285
 40
0.5280697489487146
 40
0.5896876632767218
 40
0.7048093833748625
 40
0.8086618718636281
 40
1.0
 40
1.0
 40
1.0
 40
1.0
 10
361.0375237367292
 20
-753.351574885602
 30
0.0
 10
361.0494468840883
 20
-753.3071034713969
 30
0.0
 10
361.0689682714307
 20
-753.2426255915957
 30
0.0
 10
361.1018197112554
 20
-753.1615707464285
 30
0.0
 10
361.1274786438195
 20
-753.106839301105
 30
0.0
 10
361.1556506830443
 20
-753.0571102256478
 30
0.0
 10
361.1851329597457
 20
-753.0115307070812
 30
0.0
 10
361.2172733865368
 20
-752.9708851194497
 30
0.0
 10
361.2623151954804
 20
-752.9243245865373
 30
0.0
 10
361.3204896505776
 20
-752.8761396276216
 30
0.0
 10
361.4154327625989
 20
-752.8193043143439
 30
0.0
 10
361.4943120131218
 20
-752.8004266319596
 30
0.0
 10
361.5458370380113
 20
-752.8004931548328
 30
0.0
  0
SPLINE
  5
140
330
1F
100
AcDbEntity
  8
0
  6
Continuous
 62
     7
370
    25
100
AcDbSpline
210
0.0
220
0.0
230
1.0
 70
     8
 71
     3
 72
     9
 73
     5
 74
     0
 42
0.00000001
 43
0.00000001
 40
0.0
 40
0.0
 40
0.0
 40
0.0
 40
0.4397700551117181
 40
1.0
 40
1.0
 40
1.0
 40
1.0
 10
361.5458370380113
 20
-752.8004931548328
 30
0.0
 10
361.5705210778361
 20
-752.8008155435367
 30
0.0
 10
361.6263082330465
 20
-752.8101400990208
 30
0.0
 10
361.6777808912645
 20
-752.8333957376392
 30
0.0
 10
361.7063939290369
 20
-752.8460660714994
 30
0.0
  0
SPLINE
  5
142
330
1F
100
AcDbEntity
  8
0
  6
Continuous
 62
     7
370
    25
100
AcDbSpline
210
0.0
220
0.0
230
1.0
 70
     8
 71
     3
 72
     9
 73
     5
 74
     0
 42
0.00000001
 43
0.00000001
 40
0.0
 40
0.0
 40
0.0
 40
0.0
 40
0.5364768048234535
 40
1.0
 40
1.0
 40
1.0
 40
1.0
 10
361.8788698905754
 20
-752.5740308150891
 30
0.0
 10
361.8345287855162
 20
-752.5471709243128
 30
0.0
 10
361.7468756737998
 20
-752.5036330128337
 30
0.0
 10
361.6504088434957
 20
-752.4867400116173
 30
0.0
 10
361.6054323905754
 20
-752.4863905907301
 30
0.0
  0
SPLINE
  5
143
330
1F
100
AcDbEntity
  8
0
  6
Continuous
 62
     7
370
    25
100
AcDbSpline
210
0.0
220
0.0
230
1.0
 70
     8
 71
     3
 72
    13
 73
     9
 74
     0
 42
0.00000001
 43
0.00000001
 40
0.0
 40
0.0
 40
0.0
 40
0.0
 40
0.2138863655718752
 40
0.3246827750473033
 40
0.4394585447448174
 40
0.5616334858698072
 40
0.6938876172598951
 40
1.0
 40
1.0
 40
1.0
 40
1.0
 10
361.6054323905754
 20
-752.4863905907301
 30
0.0
 10
361.5493519978054
 20
-752.4867796073025
 30
0.0
 10
361.4637934029117
 20
-752.498626257794
 30
0.0
 10
361.356220110557
 20
-752.541303466531
 30
0.0
 10
361.2758390799501
 20
-752.5850638058304
 30
0.0
 10
361.1982032170006
 20
-752.6435920851957
 30
0.0
 10
361.0924063235792
 20
-752.7462831461863
 30
0.0
 10
361.0244541212458
 20
-752.8400508307352
 30
0.0
 10
360.9814339931395
 20
-752.9077647894482
 30
0.0
  0
SPLINE
  5
149
330
1F
100
AcDbEntity
  8
0
  6
Continuous
 62
     7
370
    25
100
AcDbSpline
210
0.0
220
0.0
230
1.0
 70
     8
 71
     3
 72
    13
 73
     9
 74
     0
 42
0.00000001
 43
0.00000001
 40
0.0
 40
0.0
 40
0.0
 40
0.0
 40
0.2620026798763965
 40
0.3865990120014072
 40
0.5078842295733503
 40
0.6287697964347226
 40
0.749452217842459
 40
1.0
 40
1.0
 40
1.0
 40
1.0
 10
357.7506647623703
 20
-754.625513186884
 30
0.0
 10
357.8182060916777
 20
-754.7056524630061
 30
0.0
 10
357.9272386993705
 20
-754.816837829504
 30
0.0
 10
358.0923017583614
 20
-754.9363379362251
 30
0.0
 10
358.2204340898743
 20
-755.008639926337
 30
0.0
 10
358.3546356111081
 20
-755.0652578950114
 30
0.0
 10
358.5449599905519
 20
-755.1178232077987
 30
0.0
 10
358.6934637850211
 20
-755.1349864010457
 30
0.0
 10
358.7939339931395
 20
-755.133826488166
 30
0.0
  0
SPLINE
  5
14A
330
1F
100
AcDbEntity
  8
0
  6
Continuous
 62
     7
370
    25
100
AcDbSpline
210
0.0
220
0.0
230
1.0
 70
     8
 71
     3
 72
    21
 73
    17
 74
     0
 42
0.00000001
 43
0.00000001
 40
0.0
 40
0.0
 40
0.0
 40
0.0
 40
0.1277002390699269
 40
0.1892398000966981
 40
0.2501349882873213
 40
0.3108427100868596
 40
0.3724720907317146
 40
0.4350506334534414
 40
0.4996544386258748
 40
0.5642374836643591
 40
0.6267499200713413
 40
0.6882667786363739
 40
0.7494201652676342
 40
0.8104262745821118
 40
0.871965835608883
 40
1.0
 40
1.0
 40
1.0
 40
1.0
 10
358.7939339931395
 20
-755.133826488166
 30
0.0
 10
358.8831816040161
 20
-755.133503771358
 30
0.0
 10
359.0157104106535
 20
-755.1221995790879
 30
0.0
 10
359.1859975375217
 20
-755.0812487941151
 30
0.0
 10
359.3072721252786
 20
-755.0393984123338
 30
0.0
 10
359.4229445719143
 20
-754.983804290998
 30
0.0
 10
359.5340034253695
 20
-754.9172659561353
 30
0.0
 10
359.6398809191519
 20
-754.8380270501277
 30
0.0
 10
359.7389339140295
 20
-754.7474279687141
 30
0.0
 10
359.8302348031041
 20
-754.6490750094479
 30
0.0
 10
359.9101221336911
 20
-754.5438813105036
 30
0.0
 10
359.9778235479631
 20
-754.4332749538091
 30
0.0
 10
360.0334766655288
 20
-754.3172911425887
 30
0.0
 10
360.0764914695468
 20
-754.1960144794389
 30
0.0
 10
360.1171458384796
 20
-754.0252937760235
 30
0.0
 10
360.1286666512503
 20
-753.892606571723
 30
0.0
 10
360.1288698905754
 20
-753.8030973214994
 30
0.0
  0
SPLINE
  5
14B
330
1F
100
AcDbEntity
  8
0
  6
Continuous
 62
     7
370
    25
100
AcDbSpline
210
0.0
220
0.0
230
1.0
 70
     8
 71
     3
 72
    21
 73
    17
 74
     0
 42
0.00000001
 43
0.00000001
 40
0.0
 40
0.0
 40
0.0
 40
0.0
 40
0.1260146004816568
 40
0.1868089060952518
 40
0.2474478502843854
 40
0.3078464959917103
 40
0.36912101830501
 40
0.4319903131536449
 40
0.4967149000659468
 40
0.5615019172671492
 40
0.6247727207665984
 40
0.686553724353625
 40
0.7478749627318685
 40
0.8093470980883661
 40
0.8713639494369017
 40
1.0
 40
1.0
 40
1.0
 40
1.0
 10
360.1288698905754
 20
-753.8030973214994
 30
0.0
 10
360.128356815862
 20
-753.7152767034427
 30
0.0
 10
360.1176119218223
 20
-753.5846705176166
 30
0.0
 10
360.0756376877609
 20
-753.4169250387488
 30
0.0
 10
360.0320682987674
 20
-753.2976074378042
 30
0.0
 10
359.976387583505
 20
-753.1830149107614
 30
0.0
 10
359.9075185208677
 20
-753.0740524398923
 30
0.0
 10
359.8276715512115
 20
-752.9690301155761
 30
0.0
 10
359.7353504005798
 20
-752.8714018088544
 30
0.0
 10
359.6354341617037
 20
-752.7811698400054
 30
0.0
 10
359.5285205876098
 20
-752.702762982335
 30
0.0
 10
359.4172986064215
 20
-752.6350483629011
 30
0.0
 10
359.300035089691
 20
-752.5813839760589
 30
0.0
 10
359.178468731315
 20
-752.53801647234
 30
0.0
 10
359.0070346373072
 20
-752.4972484517435
 30
0.0
 10
358.8737510186882
 20
-752.4872887129632
 30
0.0
 10
358.7841182880113
 20
-752.4863905907301
 30
0.0
  0
SPLINE
  5
14C
330
1F
100
AcDbEntity
  8
0
  6
Continuous
 62
     7
370
    25
100
AcDbSpline
210
0.0
220
0.0
230
1.0
 70
     8
 71
     3
 72
    13
 73
     9
 74
     0
 42
0.00000001
 43
0.00000001
 40
0.0
 40
0.0
 40
0.0
 40
0.0
 40
0.2538522779533834
 40
0.3748219688613107
 40
0.4942293474545451
 40
0.6139389177356658
 40
0.7369553172388201
 40
1.0
 40
1.0
 40
1.0
 40
1.0
 10
358.7841182880113
 20
-752.4863905907301
 30
0.0
 10
358.6823976244654
 20
-752.4867120377082
 30
0.0
 10
358.5313199058244
 20
-752.4997628066249
 30
0.0
 10
358.3400847457547
 20
-752.553912008127
 30
0.0
 10
358.2056515387947
 20
-752.6076757652509
 30
0.0
 10
358.0785357684494
 20
-752.6791053297504
 30
0.0
 10
357.9172576898268
 20
-752.8032765705311
 30
0.0
 10
357.8128299977132
 20
-752.9192101493835
 30
0.0
 10
357.7506647623703
 20
-753.0045195971404
 30
0.0
  0
SPLINE
  5
152
330
1F
100
AcDbEntity
  8
0
  6
Continuous
 62
     7
370
    25
100
AcDbSpline
210
0.0
220
0.0
230
1.0
 70
     8
 71
     3
 72
    21
 73
    17
 74
     0
 42
0.00000001
 43
0.00000001
 40
0.0
 40
0.0
 40
0.0
 40
0.0
 40
0.1345149942976606
 40
0.1951193525406888
 40
0.2509143402908632
 40
0.3026968495152864
 40
0.3502960464810038
 40
0.3933858467586777
 40
0.4329734110072626
 40
0.5070892430765962
 40
0.5787491638444021
 40
0.650228022445089
 40
0.7224618180302615
 40
0.7938856428546914
 40
0.8631290414908954
 40
1.0
 40
1.0
 40
1.0
 40
1.0
 10
353.218613480319
 20
-754.012732738166
 30
0.0
 10
353.2176176250312
 20
-753.9383189571602
 30
0.0
 10
353.222352314434
 20
-753.8305797137115
 30
0.0
 10
353.2305453538129
 20
-753.6920526657435
 30
0.0
 10
353.2426055720504
 20
-753.599830914539
 30
0.0
 10
353.255124406918
 20
-753.5149439612225
 30
0.0
 10
353.2719628969797
 20
-753.4379436718244
 30
0.0
 10
353.2915584940876
 20
-753.3685927462727
 30
0.0
 10
353.3210568934359
 20
-753.2870194102668
 30
0.0
 10
353.3667887465394
 20
-753.194855301361
 30
0.0
 10
353.4357312428794
 20
-753.0960046477006
 30
0.0
 10
353.5177395826199
 20
-753.0090957282281
 30
0.0
 10
353.6114134684718
 20
-752.9351742162069
 30
0.0
 10
353.7133691259494
 20
-752.8755965546426
 30
0.0
 10
353.85619334218
 20
-752.8180595268244
 30
0.0
 10
353.9701292750766
 20
-752.7998606416638
 30
0.0
 10
354.0459371982677
 20
-752.8004931548328
 30
0.0
  0
SPLINE
  5
153
330
1F
100
AcDbEntity
  8
0
  6
Continuous
 62
     7
370
    25
100
AcDbSpline
210
0.0
220
0.0
230
1.0
 70
     8
 71
     3
 72
    21
 73
    17
 74
     0
 42
0.00000001
 43
0.00000001
 40
0.0
 40
0.0
 40
0.0
 40
0.0
 40
0.141352696202146
 40
0.208228896949785
 40
0.2736894576468409
 40
0.3380517659755502
 40
0.4009220982745066
 40
0.4636163844951446
 40
0.5278777255384371
 40
0.5636262148099204
 40
0.6061036626598966
 40
0.6545011613018055
 40
0.7100543472033116
 40
0.7722619378848287
 40
0.8412211450824382
 40
1.0
 40
1.0
 40
1.0
 40
1.0
 10
354.0459371982677
 20
-752.8004931548328
 30
0.0
 10
354.1086063158339
 20
-752.8010203216148
 30
0.0
 10
354.2019644658421
 20
-752.810871573539
 30
0.0
 10
354.3163429652684
 20
-752.8541604477012
 30
0.0
 10
354.3923447528115
 20
-752.8980679219378
 30
0.0
 10
354.4599166429538
 20
-752.9512355274251
 30
0.0
 10
354.5175239595716
 20
-753.0135013193496
 30
0.0
 10
354.5637122912067
 20
-753.0846429580017
 30
0.0
 10
354.5924267453569
 20
-753.1513637271845
 30
0.0
 10
354.6112166244705
 20
-753.2119271349976
 30
0.0
 10
354.622565267011
 20
-753.2671438821665
 30
0.0
 10
354.6321748781199
 20
-753.3315386320376
 30
0.0
 10
354.6406357453208
 20
-753.404950006347
 30
0.0
 10
354.6465132409053
 20
-753.4877712655917
 30
0.0
 10
354.6536424295119
 20
-753.6164921676203
 30
0.0
 10
354.6545671322301
 20
-753.717793529648
 30
0.0
 10
354.6545109162164
 20
-753.7883737638072
 30
0.0
  0
SPLINE
  5
157
330
1F
100
AcDbEntity
  8
0
  6
Continuous
 62
     7
370
    25
100
AcDbSpline
210
0.0
220
0.0
230
1.0
 70
     8
 71
     3
 72
    21
 73
    17
 74
     0
 42
0.00000001
 43
0.00000001
 40
0.0
 40
0.0
 40
0.0
 40
0.0
 40
0.1456749912580336
 40
0.2101933844675258
 40
0.2691971886349341
 40
0.3228467966362291
 40
0.3711350468222716
 40
0.41436020457613
 40
0.4526539356929534
 40
0.5231868047418523
 40
0.5919172609462879
 40
0.6599757056395306
 40
0.7292117337225619
 40
0.7981350023964174
 40
0.8652933977976635
 40
1.0
 40
1.0
 40
1.0
 40
1.0
 10
354.968613480319
 20
-754.0940628663712
 30
0.0
 10
354.9690933045588
 20
-754.0094721034624
 30
0.0
 10
354.9700501961474
 20
-753.887242744448
 30
0.0
 10
354.9814153464633
 20
-753.7312549552665
 30
0.0
 10
354.9904022364818
 20
-753.628685325432
 30
0.0
 10
355.0041729602322
 20
-753.5361777082225
 30
0.0
 10
355.0188563070039
 20
-753.4530961647451
 30
0.0
 10
355.0377332332832
 20
-753.379998801736
 30
0.0
 10
355.0663225297511
 20
-753.2963292954657
 30
0.0
 10
355.1115765209888
 20
-753.203183027754
 30
0.0
 10
355.1784086499053
 20
-753.1025513606722
 30
0.0
 10
355.2593084351661
 20
-753.0136081666375
 30
0.0
 10
355.353335441745
 20
-752.9387756002734
 30
0.0
 10
355.4555534735721
 20
-752.8764326323844
 30
0.0
 10
355.6025011721622
 20
-752.8184280606222
 30
0.0
 10
355.7195033824075
 20
-752.7991470874024
 30
0.0
 10
355.7980405636523
 20
-752.8004931548328
 30
0.0
  0
SPLINE
  5
158
330
1F
100
AcDbEntity
  8
0
  6
Continuous
 62
     7
370
    25
100
AcDbSpline
210
0.0
220
0.0
230
1.0
 70
     8
 71
     3
 72
    21
 73
    17
 74
     0
 42
0.00000001
 43
0.00000001
 40
0.0
 40
0.0
 40
0.0
 40
0.0
 40
0.1497817737883473
 40
0.2198699552839596
 40
0.287975506620217
 40
0.3546781060271739
 40
0.4187834319376796
 40
0.4827347082470012
 40
0.5473072519464097
 40
0.5826981022599483
 40
0.6240955651677647
 40
0.6712929496345127
 40
0.7243202075485752
 40
0.7838489433400511
 40
0.8494366971205626
 40
1.0
 40
1.0
 40
1.0
 40
1.0
 10
355.7980405636523
 20
-752.8004931548328
 30
0.0
 10
355.8605465985098
 20
-752.800092643625
 30
0.0
 10
355.9528790519047
 20
-752.8104214956967
 30
0.0
 10
356.0667339627644
 20
-752.8506625696024
 30
0.0
 10
356.1422802868151
 20
-752.8916161321407
 30
0.0
 10
356.208640990366
 20
-752.9420447882823
 30
0.0
 10
356.266110956956
 20
-753.0001229423362
 30
0.0
 10
356.3117284729219
 20
-753.0668472209978
 30
0.0
 10
356.3416763594354
 20
-753.1287172590406
 30
0.0
 10
356.3604123426477
 20
-753.1848033317416
 30
0.0
 10
356.3716900583473
 20
-753.2353971389139
 30
0.0
 10
356.3823358247358
 20
-753.2935895488782
 30
0.0
 10
356.3905803726231
 20
-753.3598383846228
 30
0.0
 10
356.3965117492961
 20
-753.4340102612763
 30
0.0
 10
356.4036217240593
 20
-753.5489405519502
 30
0.0
 10
356.4045822525935
 20
-753.6392661597821
 30
0.0
 10
356.4045109162165
 20
-753.7021357830379
 30
0.0
  0
SPLINE
  5
15C
330
1F
100
AcDbEntity
  8
0
  6
Continuous
 62
     7
370
    25
100
AcDbSpline
210
0.0
220
0.0
230
1.0
 70
     8
 71
     3
 72
    21
 73
    17
 74
     0
 42
0.00000001
 43
0.00000001
 40
0.0
 40
0.0
 40
0.0
 40
0.0
 40
0.1311670463014456
 40
0.1902933887105054
 40
0.2450610151831782
 40
0.2960272302790593
 40
0.3428447301738876
 40
0.3860527037713004
 40
0.4255709801320461
 40
0.4995034801513802
 40
0.57029226124694
 40
0.640275781912488
 40
0.7105295546786033
 40
0.7812030014762958
 40
0.8520349845172546
 40
1.0
 40
1.0
 40
1.0
 40
1.0
 10
356.718613480319
 20
-753.7035380266276
 30
0.0
 10
356.7190033947819
 20
-753.6291750293758
 30
0.0
 10
356.715885574871
 20
-753.5212790653586
 30
0.0
 10
356.7053602113386
 20
-753.3827342739113
 30
0.0
 10
356.6951537678404
 20
-753.2898037056839
 30
0.0
 10
356.6811696239143
 20
-753.2044134352923
 30
0.0
 10
356.6643306152181
 20
-753.1262618821478
 30
0.0
 10
356.6452692202827
 20
-753.0552555985817
 30
0.0
 10
356.6143539981249
 20
-752.9719202301529
 30
0.0
 10
356.568775362879
 20
-752.8775284875134
 30
0.0
 10
356.4990049073322
 20
-752.7771848953549
 30
0.0
 10
356.4162889550929
 20
-752.6901195872507
 30
0.0
 10
356.3211277994341
 20
-752.6169271877371
 30
0.0
 10
356.2156557714765
 20
-752.5587432419914
 30
0.0
 10
356.0614083500352
 20
-752.5007248456694
 30
0.0
 10
355.9363927396809
 20
-752.4870111069869
 30
0.0
 10
355.8527280636523
 20
-752.4863905907301
 30
0.0
  0
SPLINE
  5
15D
330
1F
100
AcDbEntity
  8
0
  6
Continuous
 62
     7
370
    25
100
AcDbSpline
210
0.0
220
0.0
230
1.0
 70
     8
 71
     3
 72
    17
 73
    13
 74
     0
 42
0.00000001
 43
0.00000001
 40
0.0
 40
0.0
 40
0.0
 40
0.0
 40
0.2344384882140328
 40
0.3525851839391759
 40
0.4731673593536009
 40
0.535058110828637
 40
0.5975237332645749
 40
0.6605170696247352
 40
0.7251603465314422
 40
0.7908841475025561
 40
0.8587744642336282
 40
1.0
 40
1.0
 40
1.0
 40
1.0
 10
355.8527280636523
 20
-752.4863905907301
 30
0.0
 10
355.760365352356
 20
-752.4861683715853
 30
0.0
 10
355.6211718603167
 20
-752.5057342231253
 30
0.0
 10
355.4466027589793
 20
-752.5728662365013
 30
0.0
 10
355.3427911970421
 20
-752.6304910758653
 30
0.0
 10
355.2629989006977
 20
-752.6848246783641
 30
0.0
 10
355.2056138628527
 20
-752.7313225988959
 30
0.0
 10
355.1505535517813
 20
-752.7821196693722
 30
0.0
 10
355.0981247347688
 20
-752.8374269793907
 30
0.0
 10
355.0481065553782
 20
-752.8974421568521
 30
0.0
 10
354.983777701103
 20
-752.9845643552225
 30
0.0
 10
354.9407495064904
 20
-753.0549659539607
 30
0.0
 10
354.9146271021139
 20
-753.1040788920122
 30
0.0
  0
SPLINE
  5
15E
330
1F
100
AcDbEntity
  8
0
  6
Continuous
 62
     7
370
    25
100
AcDbSpline
210
0.0
220
0.0
230
1.0
 70
     8
 71
     3
 72
    17
 73
    13
 74
     0
 42
0.00000001
 43
0.00000001
 40
0.0
 40
0.0
 40
0.0
 40
0.0
 40
0.1978560952898984
 40
0.283234511728129
 40
0.3600126653135035
 40
0.433844208018059
 40
0.5095057223304436
 40
0.5870428909783768
 40
0.6687538545127638
 40
0.7511636688534737
 40
0.8334676797015382
 40
1.0
 40
1.0
 40
1.0
 40
1.0
 10
354.9146271021138
 20
-753.1040788920121
 30
0.0
 10
354.8910785446265
 20
-753.0354655997317
 30
0.0
 10
354.852275016864
 20
-752.938416014639
 30
0.0
 10
354.7845266797453
 20
-752.8246498698483
 30
0.0
 10
354.7322731955056
 20
-752.7553096628956
 30
0.0
 10
354.674143269163
 20
-752.6956317405653
 30
0.0
 10
354.6085200906643
 20
-752.6439339717815
 30
0.0
 10
354.5354307010991
 20
-752.5978860939623
 30
0.0
 10
354.4557096958877
 20
-752.5586324138721
 30
0.0
 10
354.3710972017378
 20
-752.5262516006117
 30
0.0
 10
354.2533090862167
 20
-752.4949290877635
 30
0.0
 10
354.1616848942585
 20
-752.4871769441808
 30
0.0
 10
354.1006246982677
 20
-752.4863905907301
 30
0.0
  0
SPLINE
  5
15F
330
1F
100
AcDbEntity
  8
0
  6
Continuous
 62
     7
370
    25
100
AcDbSpline
210
0.0
220
0.0
230
1.0
 70
     8
 71
     3
 72
     9
 73
     5
 74
     0
 42
0.00000001
 43
0.00000001
 40
0.0
 40
0.0
 40
0.0
 40
0.0
 40
0.4969648798681893
 40
1.0
 40
1.0
 40
1.0
 40
1.0
 10
354.1006246982677
 20
-752.4863905907301
 30
0.0
 10
354.0099194153216
 20
-752.4870862273176
 30
0.0
 10
353.8267859060896
 20
-752.5072835684568
 30
0.0
 10
353.654970331992
 20
-752.5739684883793
 30
0.0
 10
353.5733811085241
 20
-752.6160981227815
 30
0.0
  0
SPLINE
  5
160
330
1F
100
AcDbEntity
  8
0
  6
Continuous
 62
     7
370
    25
100
AcDbSpline
210
0.0
220
0.0
230
1.0
 70
     8
 71
     3
 72
     9
 73
     5
 74
     0
 42
0.00000001
 43
0.00000001
 40
0.0
 40
0.0
 40
0.0
 40
0.0
 40
0.4566051594239492
 40
1.0
 40
1.0
 40
1.0
 40
1.0
 10
353.5733811085241
 20
-752.6160981227815
 30
0.0
 10
353.5076946917727
 20
-752.6573184425653
 30
0.0
 10
353.3776853714946
 20
-752.7674479900412
 30
0.0
 10
353.2712989152295
 20
-752.9003255613874
 30
0.0
 10
353.218613480319
 20
-752.9757736035507
 30
0.0
  0
SPLINE
  5
164
330
1F
100
AcDbEntity
  8
0
  6
Continuous
 62
     7
370
    25
100
AcDbSpline
210
0.0
220
0.0
230
1.0
 70
     8
 71
     3
 72
    13
 73
     9
 74
     0
 42
0.00000001
 43
0.00000001
 40
0.0
 40
0.0
 40
0.0
 40
0.0
 40
0.2537592050616051
 40
0.3772863205702465
 40
0.4989121128148266
 40
0.6213214040214424
 40
0.7447622750750829
 40
1.0
 40
1.0
 40
1.0
 40
1.0
 10
349.9794307880113
 20
-752.9098681548327
 30
0.0
 10
349.9230174881261
 20
-752.9723790530272
 30
0.0
 10
349.8453190001842
 20
-753.0714943892746
 30
0.0
 10
349.7641637256554
 20
-753.2162473362237
 30
0.0
 10
349.71461537442
 20
-753.3279790613789
 30
0.0
 10
349.6759246585925
 20
-753.4439097576397
 30
0.0
 10
349.638911772968
 20
-753.6064206462017
 30
0.0
 10
349.6293641573247
 20
-753.7324129600634
 30
0.0
 10
349.6288698905753
 20
-753.8171197573967
 30
0.0
  0
SPLINE
  5
165
330
1F
100
AcDbEntity
  8
0
  6
Continuous
 62
     7
370
    25
100
AcDbSpline
210
0.0
220
0.0
230
1.0
 70
     8
 71
     3
 72
    21
 73
    17
 74
     0
 42
0.00000001
 43
0.00000001
 40
0.0
 40
0.0
 40
0.0
 40
0.0
 40
0.1231816483428197
 40
0.183034336324723
 40
0.2428661924761641
 40
0.3025168847059256
 40
0.3633154622038817
 40
0.4250692989986601
 40
0.4890423674851465
 40
0.5530871422752459
 40
0.6154454653923679
 40
0.6772864118409863
 40
0.7391749874395761
 40
0.8016758129328337
 40
0.8653648077757099
 40
1.0
 40
1.0
 40
1.0
 40
1.0
 10
349.6288698905753
 20
-753.8171197573967
 30
0.0
 10
349.6283629831896
 20
-753.9026871745239
 30
0.0
 10
349.6400723302118
 20
-754.0298080674564
 30
0.0
 10
349.6787039279109
 20
-754.194196857603
 30
0.0
 10
349.7194865574823
 20
-754.312055679801
 30
0.0
 10
349.7718579505431
 20
-754.4259383396434
 30
0.0
 10
349.8357446700264
 20
-754.5353484432054
 30
0.0
 10
349.9116186725724
 20
-754.6404984663525
 30
0.0
 10
349.9976170028498
 20
-754.7405084755953
 30
0.0
 10
350.092689053656
 20
-754.8326442170473
 30
0.0
 10
350.1958889803359
 20
-754.9132050812493
 30
0.0
 10
350.3056753694597
 20
-754.9818141605396
 30
0.0
 10
350.4228206377023
 20
-755.0371184706249
 30
0.0
 10
350.5460476335514
 20
-755.0809489225062
 30
0.0
 10
350.7225661115569
 20
-755.1229083028941
 30
0.0
 10
350.8605844665481
 20
-755.1334043955663
 30
0.0
 10
350.9539900828831
 20
-755.1338264881658
 30
0.0
  0
SPLINE
  5
166
330
1F
100
AcDbEntity
  8
0
  6
Continuous
 62
     7
370
    25
100
AcDbSpline
210
0.0
220
0.0
230
1.0
 70
     8
 71
     3
 72
    21
 73
    17
 74
     0
 42
0.00000001
 43
0.00000001
 40
0.0
 40
0.0
 40
0.0
 40
0.0
 40
0.1341341587220189
 40
0.1979034644236261
 40
0.2604831025120445
 40
0.3221455286916401
 40
0.3837784671889236
 40
0.4462154232078666
 40
0.5103409574898266
 40
0.5743946950476096
 40
0.6362264024961038
 40
0.6971016460802578
 40
0.756827556930264
 40
0.8167348601469226
 40
0.8766630214626513
 40
1.0
 40
1.0
 40
1.0
 40
1.0
 10
350.9539900828831
 20
-755.1338264881658
 30
0.0
 10
351.0469401322697
 20
-755.133462522612
 30
0.0
 10
351.1844674290874
 20
-755.1227856384036
 30
0.0
 10
351.3605225907877
 20
-755.0809337993342
 30
0.0
 10
351.4835886172551
 20
-755.0372623268546
 30
0.0
 10
351.600232352474
 20
-754.9818158798508
 30
0.0
 10
351.7093862889292
 20
-754.9129970355546
 30
0.0
 10
351.81250244569
 20
-754.832668034747
 30
0.0
 10
351.9075543889786
 20
-754.7405020220037
 30
0.0
 10
351.993558110488
 20
-754.6405001291058
 30
0.0
 10
352.0694307218868
 20
-754.5353480116268
 30
0.0
 10
352.1333178027378
 20
-754.4259384520934
 30
0.0
 10
352.1856891011923
 20
-754.3120556498242
 30
0.0
 10
352.226471755991
 20
-754.1941968656047
 30
0.0
 10
352.2651033447206
 20
-754.0298080619555
 30
0.0
 10
352.2768126972842
 20
-753.9026871773648
 30
0.0
 10
352.2763057880113
 20
-753.8171197573967
 30
0.0
  0
SPLINE
  5
167
330
1F
100
AcDbEntity
  8
0
  6
Continuous
 62
     7
370
    25
100
AcDbSpline
210
0.0
220
0.0
230
1.0
 70
     8
 71
     3
 72
    13
 73
     9
 74
     0
 42
0.00000001
 43
0.00000001
 40
0.0
 40
0.0
 40
0.0
 40
0.0
 40
0.255435255095619
 40
0.378632271267495
 40
0.501466314332071
 40
0.623494377477758
 40
0.7461656372032204
 40
1.0
 40
1.0
 40
1.0
 40
1.0
 10
352.2763057880113
 20
-753.8171197573967
 30
0.0
 10
352.275831399217
 20
-753.7321829108115
 30
0.0
 10
352.2663475904923
 20
-753.6059409478833
 30
0.0
 10
352.2291556079113
 20
-753.4430016481633
 30
0.0
 10
352.1905134384618
 20
-753.3266204467404
 30
0.0
 10
352.1414093636188
 20
-753.2144019407624
 30
0.0
 10
352.0591699636305
 20
-753.0700411500167
 30
0.0
 10
351.9827759003113
 20
-752.9701027098251
 30
0.0
 10
351.9257448905754
 20
-752.9077647894479
 30
0.0
  0
SPLINE
  5
168
330
1F
100
AcDbEntity
  8
0
  6
Continuous
 62
     7
370
    25
100
AcDbSpline
210
0.0
220
0.0
230
1.0
 70
     8
 71
     3
 72
    13
 73
     9
 74
     0
 42
0.00000001
 43
0.00000001
 40
0.0
 40
0.0
 40
0.0
 40
0.0
 40
0.2531294102724274
 40
0.3753070134590543
 40
0.4961956083999042
 40
0.6178660239074872
 40
0.7416676494858474
 40
1.0
 40
1.0
 40
1.0
 40
1.0
 10
351.9257448905754
 20
-752.9077647894479
 30
0.0
 10
351.8635864065848
 20
-752.8398281842966
 30
0.0
 10
351.7619711006444
 20
-752.747106059215
 30
0.0
 10
351.6096071029901
 20
-752.6495597282066
 30
0.0
 10
351.4912274588606
 20
-752.588831515315
 30
0.0
 10
351.3654315452675
 20
-752.5436256031161
 30
0.0
 10
351.1873064168133
 20
-752.4989816319822
 30
0.0
 10
351.048080244192
 20
-752.4854159501322
 30
0.0
 10
350.9539900828831
 20
-752.48639059073
 30
0.0
  0
SPLINE
  5
169
330
1F
100
AcDbEntity
  8
0
  6
Continuous
 62
     7
370
    25
100
AcDbSpline
210
0.0
220
0.0
230
1.0
 70
     8
 71
     3
 72
    13
 73
     9
 74
     0
 42
0.00000001
 43
0.00000001
 40
0.0
 40
0.0
 40
0.0
 40
0.0
 40
0.2587123826907364
 40
0.3820894432541405
 40
0.5035635736272872
 40
0.6251808674329202
 40
0.7472870144845709
 40
1.0
 40
1.0
 40
1.0
 40
1.0
 10
350.9539900828831
 20
-752.48639059073
 30
0.0
 10
350.8594227756594
 20
-752.48552723501
 30
0.0
 10
350.7197968118964
 20
-752.4990126563947
 30
0.0
 10
350.5409481909852
 20
-752.5433587853342
 30
0.0
 10
350.4152535099013
 20
-752.5901304357708
 30
0.0
 10
350.2955721717682
 20
-752.6496618103674
 30
0.0
 10
350.1435699451302
 20
-752.7491822227358
 30
0.0
 10
350.0410494769395
 20
-752.8410233371475
 30
0.0
 10
349.9794307880113
 20
-752.9098681548326
 30
0.0
  0
SPLINE
  5
16A
330
1F
100
AcDbEntity
  8
0
  6
Continuous
 62
     7
370
    25
100
AcDbSpline
210
0.0
220
0.0
230
1.0
 70
     8
 71
     3
 72
    21
 73
    17
 74
     0
 42
0.00000001
 43
0.00000001
 40
0.0
 40
0.0
 40
0.0
 40
0.0
 40
0.1331845384560152
 40
0.1965847352943138
 40
0.2587544543793737
 40
0.3203445244124545
 40
0.3817832144568633
 40
0.4437422312939345
 40
0.5072565632534275
 40
0.5705301560573446
 40
0.631765485302523
 40
0.6922523181511704
 40
0.751986087210385
 40
0.8120451897979101
 40
0.8729864684502323
 40
1.0
 40
1.0
 40
1.0
 40
1.0
 10
347.5633650828831
 20
-751.4992111035507
 30
0.0
 10
347.4335618018719
 20
-751.4994632931697
 30
0.0
 10
347.24166957679
 20
-751.5145797736549
 30
0.0
 10
346.9950957762193
 20
-751.5695139493607
 30
0.0
 10
346.821611218556
 20
-751.627102845152
 30
0.0
 10
346.6570930721353
 20
-751.7021136564906
 30
0.0
 10
346.5003111980726
 20
-751.7918272629694
 30
0.0
 10
346.3529923862237
 20
-751.8996345271962
 30
0.0
 10
346.2154249669197
 20
-752.0221735896934
 30
0.0
 10
346.0899777300629
 20
-752.1561884127676
 30
0.0
 10
345.9803093923027
 20
-752.2997052147435
 30
0.0
 10
345.8872871402331
 20
-752.4505463428035
 30
0.0
 10
345.8119657140302
 20
-752.609676924052
 30
0.0
 10
345.7526292787968
 20
-752.7758795317428
 30
0.0
 10
345.6957822142444
 20
-753.0113203564999
 30
0.0
 10
345.6800890172682
 20
-753.1948199815273
 30
0.0
 10
345.6801519418574
 20
-753.318622161243
 30
0.0
  0
SPLINE
  5
16B
330
1F
100
AcDbEntity
  8
0
  6
Continuous
 62
     7
370
    25
100
AcDbSpline
210
0.0
220
0.0
230
1.0
 70
     8
 71
     3
 72
    13
 73
     9
 74
     0
 42
0.00000001
 43
0.00000001
 40
0.0
 40
0.0
 40
0.0
 40
0.0
 40
0.2610424242777605
 40
0.3863862281521548
 40
0.5092661375983432
 40
0.6312202507086648
 40
0.7528439836388671
 40
1.0
 40
1.0
 40
1.0
 40
1.0
 10
345.6801519418574
 20
-753.318622161243
 30
0.0
 10
345.6798037211176
 20
-753.436464289375
 30
0.0
 10
345.6937425716126
 20
-753.6108627183498
 30
0.0
 10
345.7397171172527
 20
-753.8363172730092
 30
0.0
 10
345.7884130860033
 20
-753.996354955339
 30
0.0
 10
345.8508467397124
 20
-754.1497372828567
 30
0.0
 10
345.9539510087868
 20
-754.3460927053782
 30
0.0
 10
346.0514281767536
 20
-754.4818805512587
 30
0.0
 10
346.1239620380113
 20
-754.5666189561148
 30
0.0
  0
SPLINE
  5
16C
330
1F
100
AcDbEntity
  8
0
  6
Continuous
 62
     7
370
    25
100
AcDbSpline
210
0.0
220
0.0
230
1.0
 70
     8
 71
     3
 72
    21
 73
    17
 74
     0
 42
0.00000001
 43
0.00000001
 40
0.0
 40
0.0
 40
0.0
 40
0.0
 40
0.1230520034021618
 40
0.1834460947274172
 40
0.2432438057744638
 40
0.3030008157385579
 40
0.3628016564907175
 40
0.4226040620340757
 40
0.4830043508032892
 40
0.5438199683408425
 40
0.6052464595528677
 40
0.6675862935227882
 40
0.7312201376706473
 40
0.7960832564822138
 40
0.8622504377417075
 40
1.0
 40
1.0
 40
1.0
 40
1.0
 10
346.1239620380113
 20
-754.5666189561148
 30
0.0
 10
346.1670425372643
 20
-754.6172697032779
 30
0.0
 10
346.2360072132453
 20
-754.6886888617664
 30
0.0
 10
346.3348791878587
 20
-754.7753318002443
 30
0.0
 10
346.4114580910757
 20
-754.8353252244852
 30
0.0
 10
346.4916684982127
 20
-754.8897759308494
 30
0.0
 10
346.5742955939688
 20
-754.9404589514974
 30
0.0
 10
346.6601597644834
 20
-754.9862501914666
 30
0.0
 10
346.7492193663326
 20
-755.0267664924158
 30
0.0
 10
346.8411877360554
 20
-755.0626713261412
 30
0.0
 10
346.93614292916
 20
-755.0932209929002
 30
0.0
 10
347.0337035541287
 20
-755.120490360971
 30
0.0
 10
347.1348293806188
 20
-755.1408419529021
 30
0.0
 10
347.2386045754865
 20
-755.1580542152138
 30
0.0
 10
347.3830224118387
 20
-755.1736548048867
 30
0.0
 10
347.493106603221
 20
-755.179626456421
 30
0.0
 10
347.5675718136523
 20
-755.1786982830379
 30
0.0
  0
SPLINE
  5
16D
330
1F
100
AcDbEntity
  8
0
  6
Continuous
 62
     7
370
    25
100
AcDbSpline
210
0.0
220
0.0
230
1.0
 70
     8
 71
     3
 72
    21
 73
    17
 74
     0
 42
0.00000001
 43
0.00000001
 40
0.0
 40
0.0
 40
0.0
 40
0.0
 40
0.1339874043583646
 40
0.1992147171271514
 40
0.2630385433426925
 40
0.3264714696898626
 40
0.388856411307415
 40
0.4507796159245232
 40
0.5126087700346162
 40
0.5740537960313885
 40
0.6351370790393309
 40
0.6957210834877392
 40
0.7562734994893975
 40
0.8165249992683032
 40
0.8769469383652061
 40
1.0
 40
1.0
 40
1.0
 40
1.0
 10
347.5675718136523
 20
-755.1786982830379
 30
0.0
 10
347.6460336184402
 20
-755.1792684213416
 30
0.0
 10
347.7625881493593
 20
-755.1726916235053
 30
0.0
 10
347.9154041217849
 20
-755.153376148515
 30
0.0
 10
348.0261202792931
 20
-755.132133716273
 30
0.0
 10
348.1337816816663
 20
-755.1048742287396
 30
0.0
 10
348.2386122866698
 20
-755.0717513241219
 30
0.0
 10
348.3406167077507
 20
-755.0332970269259
 30
0.0
 10
348.4393553467439
 20
-754.9883799375125
 30
0.0
 10
348.5347097354105
 20
-754.9377529100483
 30
0.0
 10
348.6265790996518
 20
-754.8824622787128
 30
0.0
 10
348.7146501858618
 20
-754.8221595460283
 30
0.0
 10
348.7977725358405
 20
-754.7560084226403
 30
0.0
 10
348.8774113000793
 20
-754.6858683791389
 30
0.0
 10
348.9782757100553
 20
-754.5848481775856
 30
0.0
 10
349.0471051059944
 20
-754.502170223506
 30
0.0
 10
349.0904083521139
 20
-754.4446237638072
 30
0.0
  0
SPLINE
  5
16F
330
1F
100
AcDbEntity
  8
0
  6
Continuous
 62
     7
370
    25
100
AcDbSpline
210
0.0
220
0.0
230
1.0
 70
     8
 71
     3
 72
    13
 73
     9
 74
     0
 42
0.00000001
 43
0.00000001
 40
0.0
 40
0.0
 40
0.0
 40
0.0
 40
0.2590905307218213
 40
0.3828193585700594
 40
0.504060246132948
 40
0.6252452659939853
 40
0.7470513636473124
 40
1.0
 40
1.0
 40
1.0
 40
1.0
 10
348.8155686085241
 20
-754.2363905907303
 30
0.0
 10
348.734858209253
 20
-754.3292219084453
 30
0.0
 10
348.6042290441902
 20
-754.4575880336314
 30
0.0
 10
348.4066528799467
 20
-754.5939006586837
 30
0.0
 10
348.2533608989313
 20
-754.677017085778
 30
0.0
 10
348.0920386081275
 20
-754.7408399651398
 30
0.0
 10
347.8641437544906
 20
-754.8028084103129
 30
0.0
 10
347.6856426540758
 20
-754.8197572509899
 30
0.0
 10
347.5654684482677
 20
-754.8197239240635
 30
0.0
  0
SPLINE
  5
170
330
1F
100
AcDbEntity
  8
0
  6
Continuous
 62
     7
370
    25
100
AcDbSpline
210
0.0
220
0.0
230
1.0
 70
     8
 71
     3
 72
    21
 73
    17
 74
     0
 42
0.00000001
 43
0.00000001
 40
0.0
 40
0.0
 40
0.0
 40
0.0
 40
0.1354977018766841
 40
0.1997709556054651
 40
0.2626661029007175
 40
0.3245162342315958
 40
0.3860814035338519
 40
0.4482750281859625
 40
0.5111600935993739
 40
0.5736736910517544
 40
0.6345706143819436
 40
0.6944243573538722
 40
0.7538535676646548
 40
0.8132735307838935
 40
0.8737098962964789
 40
1.0
 40
1.0
 40
1.0
 40
1.0
 10
347.5654684482677
 20
-754.8197239240635
 30
0.0
 10
347.4565035096268
 20
-754.8206005571772
 30
0.0
 10
347.2958286709449
 20
-754.8072497986809
 30
0.0
 10
347.0891540534139
 20
-754.7628054647375
 30
0.0
 10
346.9441280230342
 20
-754.7166035184631
 30
0.0
 10
346.8067513724845
 20
-754.6564132501304
 30
0.0
 10
346.6759670846247
 20
-754.5841021744428
 30
0.0
 10
346.5532191937938
 20
-754.4973505617157
 30
0.0
 10
346.4388132939341
 20
-754.3988371172654
 30
0.0
 10
346.3345391851701
 20
-754.2909940914714
 30
0.0
 10
346.2439215247426
 20
-754.1745775593054
 30
0.0
 10
346.1656850029177
 20
-754.0523386534995
 30
0.0
 10
346.1037508465371
 20
-753.9224304716912
 30
0.0
 10
346.0535918833341
 20
-753.7870499734719
 30
0.0
 10
346.0079405128904
 20
-753.5941134565336
 30
0.0
 10
345.9937886241361
 20
-753.4440619685854
 30
0.0
 10
345.99425450596
 20
-753.3424603022687
 30
0.0
  0
SPLINE
  5
171
330
1F
100
AcDbEntity
  8
0
  6
Continuous
 62
     7
370
    25
100
AcDbSpline
210
0.0
220
0.0
230
1.0
 70
     8
 71
     3
 72
    29
 73
    25
 74
     0
 42
0.00000001
 43
0.00000001
 40
0.0
 40
0.0
 40
0.0
 40
0.0
 40
0.0854570443736795
 40
0.1266809549827379
 40
0.1675410811962722
 40
0.2082244231348425
 40
0.2483727419364403
 40
0.2886160561618196
 40
0.3291313739173791
 40
0.3695947699931701
 40
0.4100199770331193
 40
0.4501169689266507
 40
0.4905081998450146
 40
0.5311820495134066
 40
0.572314272597204
 40
0.6140748367935772
 40
0.6568785104978976
 40
0.6998472510426965
 40
0.7423501702567563
 40
0.7845969326204001
 40
0.8272479794334714
 40
0.8695373732684977
 40
0.9124981252023768
 40
1.0
 40
1.0
 40
1.0
 40
1.0
 10
345.9942545059599
 20
-753.3424603022686
 30
0.0
 10
345.9934011851205
 20
-753.2742213153774
 30
0.0
 10
346.0005697105344
 20
-753.1732156448167
 30
0.0
 10
346.0210999348665
 20
-753.0410446290534
 30
0.0
 10
346.04299183099
 20
-752.9455012777869
 30
0.0
 10
346.0706997279412
 20
-752.8523502722717
 30
0.0
 10
346.1057025631217
 20
-752.7622461281966
 30
0.0
 10
346.1452330548799
 20
-752.6741710687485
 30
0.0
 10
346.1924456229919
 20
-752.5896332741465
 30
0.0
 10
346.2451626923707
 20
-752.5083198673882
 30
0.0
 10
346.3023480907983
 20
-752.430467693642
 30
0.0
 10
346.3651354047554
 20
-752.3571033521705
 30
0.0
 10
346.4333073522364
 20
-752.2884613914498
 30
0.0
 10
346.5063699646201
 20
-752.2238102859442
 30
0.0
 10
346.5843979324013
 20
-752.1634411862082
 30
0.0
 10
346.6674529804918
 20
-752.1071278469387
 30
0.0
 10
346.7552321903462
 20
-752.0555003537797
 30
0.0
 10
346.8468504328232
 20
-752.0097922754261
 30
0.0
 10
346.9400610169051
 20
-751.9684367658693
 30
0.0
 10
347.036153477326
 20
-751.9350138387923
 30
0.0
 10
347.1337362169419
 20
-751.9070318901408
 30
0.0
 10
347.2334484994454
 20
-751.8849413534683
 30
0.0
 10
347.3698692549769
 20
-751.8647640692924
 30
0.0
 10
347.4738522224765
 20
-751.8572655102168
 30
0.0
 10
347.5437336726267
 20
-751.8581854625251
 30
0.0
  0
SPLINE
  5
172
330
1F
100
AcDbEntity
  8
0
  6
Continuous
 62
     7
370
    25
100
AcDbSpline
210
0.0
220
0.0
230
1.0
 70
     8
 71
     3
 72
    17
 73
    13
 74
     0
 42
0.00000001
 43
0.00000001
 40
0.0
 40
0.0
 40
0.0
 40
0.0
 40
0.2591563015326442
 40
0.3838520337081262
 40
0.5075440103271867
 40
0.5690266244526047
 40
0.6301499339328911
 40
0.6907051437449041
 40
0.7517056538856868
 40
0.8128787801839874
 40
0.8745250589693372
 40
1.0
 40
1.0
 40
1.0
 40
1.0
 10
347.5437336726267
 20
-751.8581854625251
 30
0.0
 10
347.6689014730955
 20
-751.8575775225355
 30
0.0
 10
347.8544457431011
 20
-751.8757556983729
 30
0.0
 10
348.0919182214928
 20
-751.9381442858288
 30
0.0
 10
348.2315655834643
 20
-751.9928232575639
 30
0.0
 10
348.3383172978406
 20
-752.0452950332431
 30
0.0
 10
348.4155155984935
 20
-752.0885608247822
 30
0.0
 10
348.4893753981607
 20
-752.1368331834976
 30
0.0
 10
348.5611382831986
 20
-752.1882468356434
 30
0.0
 10
348.6290432497215
 20
-752.2454999846212
 30
0.0
 10
348.7166962666426
 20
-752.3273426617166
 30
0.0
 10
348.7773176799894
 20
-752.3945489962072
 30
0.0
 10
348.8155686085241
 20
-752.4415187958584
 30
0.0
  0
SPLINE
  5
174
330
1F
100
AcDbEntity
  8
0
  6
Continuous
 62
     7
370
    25
100
AcDbSpline
210
0.0
220
0.0
230
1.0
 70
     8
 71
     3
 72
    21
 73
    17
 74
     0
 42
0.00000001
 43
0.00000001
 40
0.0
 40
0.0
 40
0.0
 40
0.0
 40
0.1206452089537337
 40
0.1803716807249632
 40
0.2401937574033498
 40
0.2998084963336951
 40
0.3602601366564403
 40
0.4212099647133341
 40
0.4828731499354773
 40
0.5449302383478771
 40
0.6076045721556895
 40
0.6707331651827566
 40
0.7343177652453095
 40
0.7987850104736809
 40
0.8643170543769543
 40
1.0
 40
1.0
 40
1.0
 40
1.0
 10
349.0904083521138
 20
-752.2311822573968
 30
0.0
 10
349.0482154023835
 20
-752.1744549455473
 30
0.0
 10
348.9822396364472
 20
-752.0913100277838
 30
0.0
 10
348.881988050653
 20
-751.9921712210797
 30
0.0
 10
348.8038834980113
 20
-751.9217659531163
 30
0.0
 10
348.7203915256498
 20
-751.8571045758014
 30
0.0
 10
348.632927515705
 20
-751.7968082799398
 30
0.0
 10
348.5408709664787
 20
-751.7413927965758
 30
0.0
 10
348.4449544786037
 20
-751.6909259912151
 30
0.0
 10
348.3452075554364
 20
-751.6459676401148
 30
0.0
 10
348.2421088654756
 20
-751.6069307089192
 30
0.0
 10
348.1363086524862
 20
-751.5727919107475
 30
0.0
 10
348.0271859264379
 20
-751.5465789199249
 30
0.0
 10
347.9155753639573
 20
-751.5254844414508
 30
0.0
 10
347.7610675207429
 20
-751.5044649046911
 30
0.0
 10
347.6429440989217
 20
-751.4990602128414
 30
0.0
 10
347.5633650828831
 20
-751.4992111035507
 30
0.0
  0
LINE
  5
1C5
330
1F
100
AcDbEntity
  8
0
  6
Continuous
 62
     7
370
    25
100
AcDbLine
 10
12.0256410256
 20
0.0
 30
0.0
 11
5.9119032838
 21
0.0000000091
 31
0.0
  0
LINE
  5
1C6
330
1F
100
AcDbEntity
  8
0
  6
Continuous
 62
     7
370
    25
100
AcDbLine
 10
12.0256410256
 20
-0.9423076923
 30
0.0
 11
12.0256410256
 21
0.0
 31
0.0
  0
LINE
  5
1C7
330
1F
100
AcDbEntity
  8
0
  6
Continuous
 62
     7
370
    25
100
AcDbLine
 10
12.3397435897
 20
-0.9423076923
 30
0.0
 11
12.0256410256
 21
-0.9423076923
 31
0.0
  0
LINE
  5
1C8
330
1F
100
AcDbEntity
  8
0
  6
Continuous
 62
     7
370
    25
100
AcDbLine
 10
12.3397435897
 20
0.0
 30
0.0
 11
12.3397435897
 21
-0.9423076923
 31
0.0
  0
LINE
  5
1C9
330
1F
100
AcDbEntity
  8
0
  6
Continuous
 62
     7
370
    25
100
AcDbLine
 10
13.0326430914
 20
-0.0000000016
 30
0.0
 11
12.3397435897
 21
0.0
 31
0.0
  0
LINE
  5
1CA
330
1F
100
AcDbEntity
  8
0
  6
Continuous
 62
     7
370
    25
100
AcDbLine
 10
17.6051489362
 20
-0.0000000099
 30
0.0
 11
13.7394797908
 21
0.0000000091
 31
0.0
  0
LINE
  5
1CB
330
1F
100
AcDbEntity
  8
0
  6
Continuous
 62
     7
370
    25
100
AcDbLine
 10
20.1413697375
 20
-0.00000001
 30
0.0
 11
18.3580983195
 21
-0.0000000021
 31
0.0
  0
LINE
  5
1CC
330
1F
100
AcDbEntity
  8
0
  6
Continuous
 62
     7
370
    25
100
AcDbLine
 10
22.0259851221
 20
-0.00000001
 30
0.0
 11
20.7007693715
 21
-0.0000000002
 31
0.0
  0
LINE
  5
1CD
330
1F
100
AcDbEntity
  8
0
  6
Continuous
 62
     7
370
    25
100
AcDbLine
 10
24.5574063265
 20
-0.000000003
 30
0.0
 11
22.5853847561
 21
-0.0000000002
 31
0.0
  0
LINE
  5
1CE
330
1F
100
AcDbEntity
  8
0
  6
Continuous
 62
     7
370
    25
100
AcDbLine
 10
29.8785492247
 20
-0.00000001
 30
0.0
 11
25.2965186684
 21
0.0000000091
 31
0.0
  0
LINE
  5
1CF
330
1F
100
AcDbEntity
  8
0
  6
Continuous
 62
     7
370
    25
100
AcDbLine
 10
33.4649646997
 20
-0.0000000095
 30
0.0
 11
30.4379488587
 21
-0.0000000002
 31
0.0
  0
LINE
  5
1D0
330
1F
100
AcDbEntity
  8
0
  6
Continuous
 62
     7
370
    25
100
AcDbLine
 10
36.7205335516
 20
-0.0000000099
 30
0.0
 11
34.1856516634
 21
0.000000009
 31
0.0
  0
LINE
  5
1D1
330
1F
100
AcDbEntity
  8
0
  6
Continuous
 62
     7
370
    25
100
AcDbLine
 10
41.3082281114
 20
-0.0000000059
 30
0.0
 11
37.4734829349
 21
-0.0000000021
 31
0.0
  0
LINE
  5
1D2
330
1F
100
AcDbEntity
  8
0
  6
Continuous
 62
     7
370
    25
100
AcDbLine
 10
44.3907396598
 20
-0.000000003
 30
0.0
 11
42.101970028
 21
0.0000000035
 31
0.0
  0
LINE
  5
1D3
330
1F
100
AcDbEntity
  8
0
  6
Continuous
 62
     7
370
    25
100
AcDbLine
 10
50.1820720132
 20
-0.0000000099
 30
0.0
 11
45.1298520017
 21
0.0000000091
 31
0.0
  0
LINE
  5
1D4
330
1F
100
AcDbEntity
  8
0
  6
Continuous
 62
     7
370
    25
100
AcDbLine
 10
405.0
 20
0.0
 30
0.0
 11
50.9350213964
 21
-0.0000000021
 31
0.0
  0
LINE
  5
1D5
330
1F
100
AcDbEntity
  8
0
  6
Continuous
 62
     7
370
    25
100
AcDbLine
 10
405.0
 20
-800.0
 30
0.0
 11
405.0
 21
0.0
 31
0.0
  0
LINE
  5
1D6
330
1F
100
AcDbEntity
  8
0
  6
Continuous
 62
     7
370
    25
100
AcDbLine
 10
0.0
 20
-800.0
 30
0.0
 11
405.0
 21
-800.0
 31
0.0
  0
LINE
  5
1D7
330
1F
100
AcDbEntity
  8
0
  6
Continuous
 62
     7
370
    25
100
AcDbLine
 10
0.0
 20
0.0
 30
0.0
 11
0.0
 21
-800.0
 31
0.0
  0
LINE
  5
1D8
330
1F
100
AcDbEntity
  8
0
  6
Continuous
 62
     7
370
    25
100
AcDbLine
 10
1.5133801169
 20
0.0000000095
 30
0.0
 11
0.0
 21
0.0
 31
0.0
  0
LINE
  5
1D9
330
1F
100
AcDbEntity
  8
0
  6
Continuous
 62
     7
370
    25
100
AcDbLine
 10
5.1727909418
 20
-0.000000003
 30
0.0
 11
2.7723814768
 21
0.000000001
 31
0.0
  0
LINE
  5
1DA
330
1F
100
AcDbEntity
  8
0
  6
Continuous
 62
     7
370
    25
100
AcDbLine
 10
397.8211775829
 20
-755.0889546933
 30
0.0
 11
398.135280147
 21
-755.0889546933
 31
0.0
  0
LINE
  5
1DB
330
1F
100
AcDbEntity
  8
0
  6
Continuous
 62
     7
370
    25
100
AcDbLine
 10
398.135280147
 20
-755.0889546933
 30
0.0
 11
398.135280147
 21
-754.2293793728
 31
0.0
  0
LINE
  5
1DC
330
1F
100
AcDbEntity
  8
0
  6
Continuous
 62
     7
370
    25
100
AcDbLine
 10
398.8602400829
 20
-752.8460660715
 30
0.0
 11
399.0327160444
 21
-752.5740308151
 31
0.0
  0
LINE
  5
1DD
330
1F
100
AcDbEntity
  8
0
  6
Continuous
 62
     7
370
    25
100
AcDbLine
 10
398.135280147
 20
-752.9077647894
 30
0.0
 11
398.135280147
 21
-752.5312623856
 31
0.0
  0
LINE
  5
1DE
330
1F
100
AcDbEntity
  8
0
  6
Continuous
 62
     7
370
    25
100
AcDbLine
 10
398.135280147
 20
-752.5312623856
 30
0.0
 11
397.8211775829
 21
-752.5312623856
 31
0.0
  0
LINE
  5
1DF
330
1F
100
AcDbEntity
  8
0
  6
Continuous
 62
     7
370
    25
100
AcDbLine
 10
397.8211775829
 20
-752.5312623856
 30
0.0
 11
397.8211775829
 21
-755.0889546933
 31
0.0
  0
LINE
  5
1E0
330
1F
100
AcDbEntity
  8
0
  6
Continuous
 62
     7
370
    25
100
AcDbLine
 10
394.994254506
 20
-753.8774162318
 30
0.0
 11
397.2827160444
 21
-753.8774162318
 31
0.0
  0
LINE
  5
1E1
330
1F
100
AcDbEntity
  8
0
  6
Continuous
 62
     7
370
    25
100
AcDbLine
 10
397.1481006598
 20
-754.4277968407
 30
0.0
 11
396.8690541854
 21
-754.2812623856
 31
0.0
  0
LINE
  5
1E2
330
1F
100
AcDbEntity
  8
0
  6
Continuous
 62
     7
370
    25
100
AcDbLine
 10
393.0198955316
 20
-755.0889546933
 30
0.0
 11
393.0647673265
 21
-755.0889546933
 31
0.0
  0
LINE
  5
1E3
330
1F
100
AcDbEntity
  8
0
  6
Continuous
 62
     7
370
    25
100
AcDbLine
 10
393.0647673265
 20
-755.0889546933
 30
0.0
 11
394.2314339931
 21
-752.5312623856
 31
0.0
  0
LINE
  5
1E4
330
1F
100
AcDbEntity
  8
0
  6
Continuous
 62
     7
370
    25
100
AcDbLine
 10
394.2314339931
 20
-752.5312623856
 30
0.0
 11
393.8913899226
 21
-752.5312623856
 31
0.0
  0
LINE
  5
1E5
330
1F
100
AcDbEntity
  8
0
  6
Continuous
 62
     7
370
    25
100
AcDbLine
 10
393.8913899226
 20
-752.5312623856
 30
0.0
 11
393.042331429
 21
-754.3934418728
 31
0.0
  0
LINE
  5
1E6
330
1F
100
AcDbEntity
  8
0
  6
Continuous
 62
     7
370
    25
100
AcDbLine
 10
393.042331429
 20
-754.3934418728
 30
0.0
 11
392.1932729354
 21
-752.5312623856
 31
0.0
  0
LINE
  5
1E7
330
1F
100
AcDbEntity
  8
0
  6
Continuous
 62
     7
370
    25
100
AcDbLine
 10
392.1932729354
 20
-752.5312623856
 30
0.0
 11
391.8532288649
 21
-752.5312623856
 31
0.0
  0
LINE
  5
1E8
330
1F
100
AcDbEntity
  8
0
  6
Continuous
 62
     7
370
    25
100
AcDbLine
 10
391.8532288649
 20
-752.5312623856
 30
0.0
 11
393.0198955316
 21
-755.0889546933
 31
0.0
  0
LINE
  5
1E9
330
1F
100
AcDbEntity
  8
0
  6
Continuous
 62
     7
370
    25
100
AcDbLine
 10
388.3083570701
 20
-754.5434819369
 30
0.0
 11
388.045436397
 21
-754.3710059753
 31
0.0
  0
LINE
  5
1EA
330
1F
100
AcDbEntity
  8
0
  6
Continuous
 62
     7
370
    25
100
AcDbLine
 10
388.045436397
 20
-753.2492111036
 30
0.0
 11
388.3083570701
 21
-753.0858497253
 31
0.0
  0
LINE
  5
1EB
330
1F
100
AcDbEntity
  8
0
  6
Continuous
 62
     7
370
    25
100
AcDbLine
 10
381.5327160444
 20
-753.8774162318
 30
0.0
 11
383.8211775829
 21
-753.8774162318
 31
0.0
  0
LINE
  5
1EC
330
1F
100
AcDbEntity
  8
0
  6
Continuous
 62
     7
370
    25
100
AcDbLine
 10
383.6865621983
 20
-754.4277968407
 30
0.0
 11
383.4075157239
 21
-754.2812623856
 31
0.0
  0
LINE
  5
1ED
330
1F
100
AcDbEntity
  8
0
  6
Continuous
 62
     7
370
    25
100
AcDbLine
 10
380.276305788
 20
-751.4992111036
 30
0.0
 11
380.276305788
 21
-753.0262543728
 31
0.0
  0
LINE
  5
1EE
330
1F
100
AcDbEntity
  8
0
  6
Continuous
 62
     7
370
    25
100
AcDbLine
 10
380.276305788
 20
-754.6465468407
 30
0.0
 11
380.276305788
 21
-755.0889546933
 31
0.0
  0
LINE
  5
1EF
330
1F
100
AcDbEntity
  8
0
  6
Continuous
 62
     7
370
    25
100
AcDbLine
 10
380.276305788
 20
-755.0889546933
 30
0.0
 11
380.5904083521
 21
-755.0889546933
 31
0.0
  0
LINE
  5
1F0
330
1F
100
AcDbEntity
  8
0
  6
Continuous
 62
     7
370
    25
100
AcDbLine
 10
380.5904083521
 20
-755.0889546933
 30
0.0
 11
380.5904083521
 21
-751.4992111036
 31
0.0
  0
LINE
  5
1F1
330
1F
100
AcDbEntity
  8
0
  6
Continuous
 62
     7
370
    25
100
AcDbLine
 10
380.5904083521
 20
-751.4992111036
 30
0.0
 11
380.276305788
 21
-751.4992111036
 31
0.0
  0
LINE
  5
1F2
330
1F
100
AcDbEntity
  8
0
  6
Continuous
 62
     7
370
    25
100
AcDbLine
 10
376.9109211726
 20
-755.0889546933
 30
0.0
 11
377.2250237367
 21
-755.0889546933
 31
0.0
  0
LINE
  5
1F3
330
1F
100
AcDbEntity
  8
0
  6
Continuous
 62
     7
370
    25
100
AcDbLine
 10
377.2250237367
 20
-755.0889546933
 30
0.0
 11
377.2250237367
 21
-752.5312623856
 31
0.0
  0
LINE
  5
1F4
330
1F
100
AcDbEntity
  8
0
  6
Continuous
 62
     7
370
    25
100
AcDbLine
 10
377.2250237367
 20
-752.5312623856
 30
0.0
 11
376.9109211726
 21
-752.5312623856
 31
0.0
  0
LINE
  5
1F5
330
1F
100
AcDbEntity
  8
0
  6
Continuous
 62
     7
370
    25
100
AcDbLine
 10
376.9109211726
 20
-752.5312623856
 30
0.0
 11
376.9109211726
 21
-755.0889546933
 31
0.0
  0
LINE
  5
1F6
330
1F
100
AcDbEntity
  8
0
  6
Continuous
 62
     7
370
    25
100
AcDbLine
 10
375.0550517816
 20
-754.5504931548
 30
0.0
 11
374.8468186085
 21
-754.7874723215
 31
0.0
  0
LINE
  5
1F7
330
1F
100
AcDbEntity
  8
0
  6
Continuous
 62
     7
370
    25
100
AcDbLine
 10
376.0695750188
 20
-753.0697239241
 30
0.0
 11
376.2827160444
 21
-752.8502728023
 31
0.0
  0
LINE
  5
1F8
330
1F
100
AcDbEntity
  8
0
  6
Continuous
 62
     7
370
    25
100
AcDbLine
 10
372.1993827111
 20
-755.0889546933
 30
0.0
 11
372.5134852752
 21
-755.0889546933
 31
0.0
  0
LINE
  5
1F9
330
1F
100
AcDbEntity
  8
0
  6
Continuous
 62
     7
370
    25
100
AcDbLine
 10
372.5134852752
 20
-755.0889546933
 30
0.0
 11
372.5134852752
 21
-754.2293793728
 31
0.0
  0
LINE
  5
1FA
330
1F
100
AcDbEntity
  8
0
  6
Continuous
 62
     7
370
    25
100
AcDbLine
 10
373.2384452111
 20
-752.8460660715
 30
0.0
 11
373.4109211726
 21
-752.5740308151
 31
0.0
  0
LINE
  5
1FB
330
1F
100
AcDbEntity
  8
0
  6
Continuous
 62
     7
370
    25
100
AcDbLine
 10
372.5134852752
 20
-752.9077647894
 30
0.0
 11
372.5134852752
 21
-752.5312623856
 31
0.0
  0
LINE
  5
1FC
330
1F
100
AcDbEntity
  8
0
  6
Continuous
 62
     7
370
    25
100
AcDbLine
 10
372.5134852752
 20
-752.5312623856
 30
0.0
 11
372.1993827111
 21
-752.5312623856
 31
0.0
  0
LINE
  5
1FD
330
1F
100
AcDbEntity
  8
0
  6
Continuous
 62
     7
370
    25
100
AcDbLine
 10
372.1993827111
 20
-752.5312623856
 30
0.0
 11
372.1993827111
 21
-755.0889546933
 31
0.0
  0
LINE
  5
1FE
330
1F
100
AcDbEntity
  8
0
  6
Continuous
 62
     7
370
    25
100
AcDbLine
 10
367.202487679
 20
-754.5504931548
 30
0.0
 11
366.994254506
 21
-754.7874723215
 31
0.0
  0
LINE
  5
1FF
330
1F
100
AcDbEntity
  8
0
  6
Continuous
 62
     7
370
    25
100
AcDbLine
 10
368.2170109162
 20
-753.0697239241
 30
0.0
 11
368.4301519419
 21
-752.8502728023
 31
0.0
  0
LINE
  5
200
330
1F
100
AcDbEntity
  8
0
  6
Continuous
 62
     7
370
    25
100
AcDbLine
 10
365.3178722944
 20
-754.5504931548
 30
0.0
 11
365.1096391213
 21
-754.7874723215
 31
0.0
  0
LINE
  5
201
330
1F
100
AcDbEntity
  8
0
  6
Continuous
 62
     7
370
    25
100
AcDbLine
 10
366.3323955316
 20
-753.0697239241
 30
0.0
 11
366.5455365572
 21
-752.8502728023
 31
0.0
  0
LINE
  5
202
330
1F
100
AcDbEntity
  8
0
  6
Continuous
 62
     7
370
    25
100
AcDbLine
 10
362.417331429
 20
-753.8774162318
 30
0.0
 11
364.7057929675
 21
-753.8774162318
 31
0.0
  0
LINE
  5
203
330
1F
100
AcDbEntity
  8
0
  6
Continuous
 62
     7
370
    25
100
AcDbLine
 10
364.5711775829
 20
-754.4277968407
 30
0.0
 11
364.2921311085
 21
-754.2812623856
 31
0.0
  0
LINE
  5
204
330
1F
100
AcDbEntity
  8
0
  6
Continuous
 62
     7
370
    25
100
AcDbLine
 10
360.667331429
 20
-755.0889546933
 30
0.0
 11
360.9814339931
 21
-755.0889546933
 31
0.0
  0
LINE
  5
205
330
1F
100
AcDbEntity
  8
0
  6
Continuous
 62
     7
370
    25
100
AcDbLine
 10
360.9814339931
 20
-755.0889546933
 30
0.0
 11
360.9814339931
 21
-754.2293793728
 31
0.0
  0
LINE
  5
206
330
1F
100
AcDbEntity
  8
0
  6
Continuous
 62
     7
370
    25
100
AcDbLine
 10
361.706393929
 20
-752.8460660715
 30
0.0
 11
361.8788698906
 21
-752.5740308151
 31
0.0
  0
LINE
  5
207
330
1F
100
AcDbEntity
  8
0
  6
Continuous
 62
     7
370
    25
100
AcDbLine
 10
360.9814339931
 20
-752.9077647894
 30
0.0
 11
360.9814339931
 21
-752.5312623856
 31
0.0
  0
LINE
  5
208
330
1F
100
AcDbEntity
  8
0
  6
Continuous
 62
     7
370
    25
100
AcDbLine
 10
360.9814339931
 20
-752.5312623856
 30
0.0
 11
360.667331429
 21
-752.5312623856
 31
0.0
  0
LINE
  5
209
330
1F
100
AcDbEntity
  8
0
  6
Continuous
 62
     7
370
    25
100
AcDbLine
 10
360.667331429
 20
-752.5312623856
 30
0.0
 11
360.667331429
 21
-755.0889546933
 31
0.0
  0
LINE
  5
20A
330
1F
100
AcDbEntity
  8
0
  6
Continuous
 62
     7
370
    25
100
AcDbLine
 10
357.4365621983
 20
-756.0312623856
 30
0.0
 11
357.7506647624
 21
-756.0312623856
 31
0.0
  0
LINE
  5
20B
330
1F
100
AcDbEntity
  8
0
  6
Continuous
 62
     7
370
    25
100
AcDbLine
 10
357.7506647624
 20
-756.0312623856
 30
0.0
 11
357.7506647624
 21
-754.6255131869
 31
0.0
  0
LINE
  5
20C
330
1F
100
AcDbEntity
  8
0
  6
Continuous
 62
     7
370
    25
100
AcDbLine
 10
357.7506647624
 20
-753.0045195971
 30
0.0
 11
357.7506647624
 21
-752.5312623856
 31
0.0
  0
LINE
  5
20D
330
1F
100
AcDbEntity
  8
0
  6
Continuous
 62
     7
370
    25
100
AcDbLine
 10
357.7506647624
 20
-752.5312623856
 30
0.0
 11
357.4365621983
 21
-752.5312623856
 31
0.0
  0
LINE
  5
20E
330
1F
100
AcDbEntity
  8
0
  6
Continuous
 62
     7
370
    25
100
AcDbLine
 10
357.4365621983
 20
-752.5312623856
 30
0.0
 11
357.4365621983
 21
-756.0312623856
 31
0.0
  0
LINE
  5
20F
330
1F
100
AcDbEntity
  8
0
  6
Continuous
 62
     7
370
    25
100
AcDbLine
 10
352.9045109162
 20
-755.0889546933
 30
0.0
 11
353.2186134803
 21
-755.0889546933
 31
0.0
  0
LINE
  5
210
330
1F
100
AcDbEntity
  8
0
  6
Continuous
 62
     7
370
    25
100
AcDbLine
 10
353.2186134803
 20
-755.0889546933
 30
0.0
 11
353.2186134803
 21
-754.0127327382
 31
0.0
  0
LINE
  5
211
330
1F
100
AcDbEntity
  8
0
  6
Continuous
 62
     7
370
    25
100
AcDbLine
 10
354.6545109162
 20
-753.7883737638
 30
0.0
 11
354.6545109162
 21
-755.0889546933
 31
0.0
  0
LINE
  5
212
330
1F
100
AcDbEntity
  8
0
  6
Continuous
 62
     7
370
    25
100
AcDbLine
 10
354.6545109162
 20
-755.0889546933
 30
0.0
 11
354.9686134803
 21
-755.0889546933
 31
0.0
  0
LINE
  5
213
330
1F
100
AcDbEntity
  8
0
  6
Continuous
 62
     7
370
    25
100
AcDbLine
 10
354.9686134803
 20
-755.0889546933
 30
0.0
 11
354.9686134803
 21
-754.0940628664
 31
0.0
  0
LINE
  5
214
330
1F
100
AcDbEntity
  8
0
  6
Continuous
 62
     7
370
    25
100
AcDbLine
 10
356.4045109162
 20
-753.702135783
 30
0.0
 11
356.4045109162
 21
-755.0889546933
 31
0.0
  0
LINE
  5
215
330
1F
100
AcDbEntity
  8
0
  6
Continuous
 62
     7
370
    25
100
AcDbLine
 10
356.4045109162
 20
-755.0889546933
 30
0.0
 11
356.7186134803
 21
-755.0889546933
 31
0.0
  0
LINE
  5
216
330
1F
100
AcDbEntity
  8
0
  6
Continuous
 62
     7
370
    25
100
AcDbLine
 10
356.7186134803
 20
-755.0889546933
 30
0.0
 11
356.7186134803
 21
-753.7035380266
 31
0.0
  0
LINE
  5
217
330
1F
100
AcDbEntity
  8
0
  6
Continuous
 62
     7
370
    25
100
AcDbLine
 10
353.2186134803
 20
-752.9757736036
 30
0.0
 11
353.2186134803
 21
-752.5312623856
 31
0.0
  0
LINE
  5
218
330
1F
100
AcDbEntity
  8
0
  6
Continuous
 62
     7
370
    25
100
AcDbLine
 10
353.2186134803
 20
-752.5312623856
 30
0.0
 11
352.9045109162
 21
-752.5312623856
 31
0.0
  0
LINE
  5
219
330
1F
100
AcDbEntity
  8
0
  6
Continuous
 62
     7
370
    25
100
AcDbLine
 10
352.9045109162
 20
-752.5312623856
 30
0.0
 11
352.9045109162
 21
-755.0889546933
 31
0.0
  0
LINE
  5
21A
330
1F
100
AcDbEntity
  8
0
  6
Continuous
 62
     7
370
    25
100
AcDbLine
 10
349.0904083521
 20
-754.4446237638
 30
0.0
 11
348.8155686085
 21
-754.2363905907
 31
0.0
  0
LINE
  5
21B
330
1F
100
AcDbEntity
  8
0
  6
Continuous
 62
     7
370
    25
100
AcDbLine
 10
348.8155686085
 20
-752.4415187959
 30
0.0
 11
349.0904083521
 21
-752.2311822574
 31
0.0
  0
LINE
  5
21C
330
1F
100
AcDbEntity
  8
0
  6
Continuous
 62
     7
370
    25
100
AcDbLine
 10
55.0
 20
-515.7928620284
 30
0.0
 11
55.0
 21
-520.7928620284
 31
0.0
  0
LINE
  5
21D
330
1F
100
AcDbEntity
  8
0
  6
Continuous
 62
     7
370
    25
100
AcDbLine
 10
55.0
 20
-520.7928620284
 30
0.0
 11
350.0
 21
-520.7928620284
 31
0.0
  0
LINE
  5
21E
330
1F
100
AcDbEntity
  8
0
  6
Continuous
 62
     7
370
    25
100
AcDbLine
 10
350.0
 20
-520.7928620284
 30
0.0
 11
350.0
 21
-515.7928620284
 31
0.0
  0
LINE
  5
21F
330
1F
100
AcDbEntity
  8
0
  6
Continuous
 62
     7
370
    25
100
AcDbLine
 10
350.0
 20
-515.7928620284
 30
0.0
 11
55.0
 21
-515.7928620284
 31
0.0
  0
LINE
  5
220
330
1F
100
AcDbEntity
  8
0
  6
Continuous
 62
     7
370
    25
100
AcDbLine
 10
55.0
 20
-525.7928620284
 30
0.0
 11
55.0
 21
-530.7928620284
 31
0.0
  0
LINE
  5
221
330
1F
100
AcDbEntity
  8
0
  6
Continuous
 62
     7
370
    25
100
AcDbLine
 10
55.0
 20
-530.7928620284
 30
0.0
 11
350.0
 21
-530.7928620284
 31
0.0
  0
LINE
  5
222
330
1F
100
AcDbEntity
  8
0
  6
Continuous
 62
     7
370
    25
100
AcDbLine
 10
350.0
 20
-530.7928620284
 30
0.0
 11
350.0
 21
-525.7928620284
 31
0.0
  0
LINE
  5
223
330
1F
100
AcDbEntity
  8
0
  6
Continuous
 62
     7
370
    25
100
AcDbLine
 10
350.0
 20
-525.7928620284
 30
0.0
 11
55.0
 21
-525.7928620284
 31
0.0
  0
LINE
  5
224
330
1F
100
AcDbEntity
  8
0
  6
Continuous
 62
     7
370
    25
100
AcDbLine
 10
55.0
 20
-535.7928620284
 30
0.0
 11
55.0
 21
-540.7928620284
 31
0.0
  0
LINE
  5
225
330
1F
100
AcDbEntity
  8
0
  6
Continuous
 62
     7
370
    25
100
AcDbLine
 10
55.0
 20
-540.7928620284
 30
0.0
 11
350.0
 21
-540.7928620284
 31
0.0
  0
LINE
  5
226
330
1F
100
AcDbEntity
  8
0
  6
Continuous
 62
     7
370
    25
100
AcDbLine
 10
350.0
 20
-540.7928620284
 30
0.0
 11
350.0
 21
-535.7928620284
 31
0.0
  0
LINE
  5
227
330
1F
100
AcDbEntity
  8
0
  6
Continuous
 62
     7
370
    25
100
AcDbLine
 10
350.0
 20
-535.7928620284
 30
0.0
 11
55.0
 21
-535.7928620284
 31
0.0
  0
LINE
  5
228
330
1F
100
AcDbEntity
  8
0
  6
Continuous
 62
     7
370
    25
100
AcDbLine
 10
55.0
 20
-545.7928620284
 30
0.0
 11
55.0
 21
-550.7928620284
 31
0.0
  0
LINE
  5
229
330
1F
100
AcDbEntity
  8
0
  6
Continuous
 62
     7
370
    25
100
AcDbLine
 10
55.0
 20
-550.7928620284
 30
0.0
 11
350.0
 21
-550.7928620284
 31
0.0
  0
LINE
  5
22A
330
1F
100
AcDbEntity
  8
0
  6
Continuous
 62
     7
370
    25
100
AcDbLine
 10
350.0
 20
-550.7928620284
 30
0.0
 11
350.0
 21
-545.7928620284
 31
0.0
  0
LINE
  5
22B
330
1F
100
AcDbEntity
  8
0
  6
Continuous
 62
     7
370
    25
100
AcDbLine
 10
350.0
 20
-545.7928620284
 30
0.0
 11
55.0
 21
-545.7928620284
 31
0.0
  0
LINE
  5
22C
330
1F
100
AcDbEntity
  8
0
  6
Continuous
 62
     7
370
    25
100
AcDbLine
 10
55.0
 20
-555.7928620284
 30
0.0
 11
55.0
 21
-560.7928620284
 31
0.0
  0
LINE
  5
22D
330
1F
100
AcDbEntity
  8
0
  6
Continuous
 62
     7
370
    25
100
AcDbLine
 10
55.0
 20
-560.7928620284
 30
0.0
 11
350.0
 21
-560.7928620284
 31
0.0
  0
LINE
  5
22E
330
1F
100
AcDbEntity
  8
0
  6
Continuous
 62
     7
370
    25
100
AcDbLine
 10
350.0
 20
-560.7928620284
 30
0.0
 11
350.0
 21
-555.7928620284
 31
0.0
  0
LINE
  5
22F
330
1F
100
AcDbEntity
  8
0
  6
Continuous
 62
     7
370
    25
100
AcDbLine
 10
350.0
 20
-555.7928620284
 30
0.0
 11
55.0
 21
-555.7928620284
 31
0.0
  0
LINE
  5
230
330
1F
100
AcDbEntity
  8
0
  6
Continuous
 62
     7
370
    25
100
AcDbLine
 10
55.0
 20
-565.7928620284
 30
0.0
 11
55.0
 21
-570.7928620284
 31
0.0
  0
LINE
  5
231
330
1F
100
AcDbEntity
  8
0
  6
Continuous
 62
     7
370
    25
100
AcDbLine
 10
55.0
 20
-570.7928620284
 30
0.0
 11
350.0
 21
-570.7928620284
 31
0.0
  0
LINE
  5
232
330
1F
100
AcDbEntity
  8
0
  6
Continuous
 62
     7
370
    25
100
AcDbLine
 10
350.0
 20
-570.7928620284
 30
0.0
 11
350.0
 21
-565.7928620284
 31
0.0
  0
LINE
  5
233
330
1F
100
AcDbEntity
  8
0
  6
Continuous
 62
     7
370
    25
100
AcDbLine
 10
350.0
 20
-565.7928620284
 30
0.0
 11
55.0
 21
-565.7928620284
 31
0.0
  0
LINE
  5
234
330
1F
100
AcDbEntity
  8
0
  6
Continuous
 62
     7
370
    25
100
AcDbLine
 10
55.0
 20
-575.7928620284
 30
0.0
 11
55.0
 21
-580.7928620284
 31
0.0
  0
LINE
  5
235
330
1F
100
AcDbEntity
  8
0
  6
Continuous
 62
     7
370
    25
100
AcDbLine
 10
55.0
 20
-580.7928620284
 30
0.0
 11
350.0
 21
-580.7928620284
 31
0.0
  0
LINE
  5
236
330
1F
100
AcDbEntity
  8
0
  6
Continuous
 62
     7
370
    25
100
AcDbLine
 10
350.0
 20
-580.7928620284
 30
0.0
 11
350.0
 21
-575.7928620284
 31
0.0
  0
LINE
  5
237
330
1F
100
AcDbEntity
  8
0
  6
Continuous
 62
     7
370
    25
100
AcDbLine
 10
350.0
 20
-575.7928620284
 30
0.0
 11
55.0
 21
-575.7928620284
 31
0.0
  0
LINE
  5
238
330
1F
100
AcDbEntity
  8
0
  6
Continuous
 62
     7
370
    25
100
AcDbLine
 10
55.0
 20
-585.7928620284
 30
0.0
 11
55.0
 21
-590.7928620284
 31
0.0
  0
LINE
  5
239
330
1F
100
AcDbEntity
  8
0
  6
Continuous
 62
     7
370
    25
100
AcDbLine
 10
55.0
 20
-590.7928620284
 30
0.0
 11
350.0
 21
-590.7928620284
 31
0.0
  0
LINE
  5
23A
330
1F
100
AcDbEntity
  8
0
  6
Continuous
 62
     7
370
    25
100
AcDbLine
 10
350.0
 20
-590.7928620284
 30
0.0
 11
350.0
 21
-585.7928620284
 31
0.0
  0
LINE
  5
23B
330
1F
100
AcDbEntity
  8
0
  6
Continuous
 62
     7
370
    25
100
AcDbLine
 10
350.0
 20
-585.7928620284
 30
0.0
 11
55.0
 21
-585.7928620284
 31
0.0
  0
LINE
  5
23C
330
1F
100
AcDbEntity
  8
0
  6
Continuous
 62
     7
370
    25
100
AcDbLine
 10
55.0
 20
-595.7928620284
 30
0.0
 11
55.0
 21
-600.7928620284
 31
0.0
  0
LINE
  5
23D
330
1F
100
AcDbEntity
  8
0
  6
Continuous
 62
     7
370
    25
100
AcDbLine
 10
55.0
 20
-600.7928620284
 30
0.0
 11
350.0
 21
-600.7928620284
 31
0.0
  0
LINE
  5
23E
330
1F
100
AcDbEntity
  8
0
  6
Continuous
 62
     7
370
    25
100
AcDbLine
 10
350.0
 20
-600.7928620284
 30
0.0
 11
350.0
 21
-595.7928620284
 31
0.0
  0
LINE
  5
23F
330
1F
100
AcDbEntity
  8
0
  6
Continuous
 62
     7
370
    25
100
AcDbLine
 10
350.0
 20
-595.7928620284
 30
0.0
 11
55.0
 21
-595.7928620284
 31
0.0
  0
LINE
  5
240
330
1F
100
AcDbEntity
  8
0
  6
Continuous
 62
     7
370
    25
100
AcDbLine
 10
55.0
 20
-605.7928620284
 30
0.0
 11
55.0
 21
-610.7928620284
 31
0.0
  0
LINE
  5
241
330
1F
100
AcDbEntity
  8
0
  6
Continuous
 62
     7
370
    25
100
AcDbLine
 10
55.0
 20
-610.7928620284
 30
0.0
 11
350.0
 21
-610.7928620284
 31
0.0
  0
LINE
  5
242
330
1F
100
AcDbEntity
  8
0
  6
Continuous
 62
     7
370
    25
100
AcDbLine
 10
350.0
 20
-610.7928620284
 30
0.0
 11
350.0
 21
-605.7928620284
 31
0.0
  0
LINE
  5
243
330
1F
100
AcDbEntity
  8
0
  6
Continuous
 62
     7
370
    25
100
AcDbLine
 10
350.0
 20
-605.7928620284
 30
0.0
 11
55.0
 21
-605.7928620284
 31
0.0
  0
LINE
  5
244
330
1F
100
AcDbEntity
  8
0
  6
Continuous
 62
     7
370
    25
100
AcDbLine
 10
55.0
 20
-615.7928620284
 30
0.0
 11
55.0
 21
-620.7928620284
 31
0.0
  0
LINE
  5
245
330
1F
100
AcDbEntity
  8
0
  6
Continuous
 62
     7
370
    25
100
AcDbLine
 10
55.0
 20
-620.7928620284
 30
0.0
 11
350.0
 21
-620.7928620284
 31
0.0
  0
LINE
  5
246
330
1F
100
AcDbEntity
  8
0
  6
Continuous
 62
     7
370
    25
100
AcDbLine
 10
350.0
 20
-620.7928620284
 30
0.0
 11
350.0
 21
-615.7928620284
 31
0.0
  0
LINE
  5
247
330
1F
100
AcDbEntity
  8
0
  6
Continuous
 62
     7
370
    25
100
AcDbLine
 10
350.0
 20
-615.7928620284
 30
0.0
 11
55.0
 21
-615.7928620284
 31
0.0
  0
LINE
  5
248
330
1F
100
AcDbEntity
  8
0
  6
Continuous
 62
     7
370
    25
100
AcDbLine
 10
55.0
 20
-625.7928620284
 30
0.0
 11
55.0
 21
-630.7928620284
 31
0.0
  0
LINE
  5
249
330
1F
100
AcDbEntity
  8
0
  6
Continuous
 62
     7
370
    25
100
AcDbLine
 10
55.0
 20
-630.7928620284
 30
0.0
 11
350.0
 21
-630.7928620284
 31
0.0
  0
LINE
  5
24A
330
1F
100
AcDbEntity
  8
0
  6
Continuous
 62
     7
370
    25
100
AcDbLine
 10
350.0
 20
-630.7928620284
 30
0.0
 11
350.0
 21
-625.7928620284
 31
0.0
  0
LINE
  5
24B
330
1F
100
AcDbEntity
  8
0
  6
Continuous
 62
     7
370
    25
100
AcDbLine
 10
350.0
 20
-625.7928620284
 30
0.0
 11
55.0
 21
-625.7928620284
 31
0.0
  0
LINE
  5
24C
330
1F
100
AcDbEntity
  8
0
  6
Continuous
 62
     7
370
    25
100
AcDbLine
 10
55.0
 20
-635.7928620284
 30
0.0
 11
55.0
 21
-640.7928620284
 31
0.0
  0
LINE
  5
24D
330
1F
100
AcDbEntity
  8
0
  6
Continuous
 62
     7
370
    25
100
AcDbLine
 10
55.0
 20
-640.7928620284
 30
0.0
 11
350.0
 21
-640.7928620284
 31
0.0
  0
LINE
  5
24E
330
1F
100
AcDbEntity
  8
0
  6
Continuous
 62
     7
370
    25
100
AcDbLine
 10
350.0
 20
-640.7928620284
 30
0.0
 11
350.0
 21
-635.7928620284
 31
0.0
  0
LINE
  5
24F
330
1F
100
AcDbEntity
  8
0
  6
Continuous
 62
     7
370
    25
100
AcDbLine
 10
350.0
 20
-635.7928620284
 30
0.0
 11
55.0
 21
-635.7928620284
 31
0.0
  0
LINE
  5
250
330
1F
100
AcDbEntity
  8
0
  6
Continuous
 62
     7
370
    25
100
AcDbLine
 10
55.0
 20
-645.7928620284
 30
0.0
 11
55.0
 21
-650.7928620284
 31
0.0
  0
LINE
  5
251
330
1F
100
AcDbEntity
  8
0
  6
Continuous
 62
     7
370
    25
100
AcDbLine
 10
55.0
 20
-650.7928620284
 30
0.0
 11
350.0
 21
-650.7928620284
 31
0.0
  0
LINE
  5
252
330
1F
100
AcDbEntity
  8
0
  6
Continuous
 62
     7
370
    25
100
AcDbLine
 10
350.0
 20
-650.7928620284
 30
0.0
 11
350.0
 21
-645.7928620284
 31
0.0
  0
LINE
  5
253
330
1F
100
AcDbEntity
  8
0
  6
Continuous
 62
     7
370
    25
100
AcDbLine
 10
350.0
 20
-645.7928620284
 30
0.0
 11
55.0
 21
-645.7928620284
 31
0.0
  0
LINE
  5
254
330
1F
100
AcDbEntity
  8
0
  6
Continuous
 62
     7
370
    25
100
AcDbLine
 10
55.0
 20
-655.7928620284
 30
0.0
 11
55.0
 21
-660.7928620284
 31
0.0
  0
LINE
  5
255
330
1F
100
AcDbEntity
  8
0
  6
Continuous
 62
     7
370
    25
100
AcDbLine
 10
55.0
 20
-660.7928620284
 30
0.0
 11
350.0
 21
-660.7928620284
 31
0.0
  0
LINE
  5
256
330
1F
100
AcDbEntity
  8
0
  6
Continuous
 62
     7
370
    25
100
AcDbLine
 10
350.0
 20
-660.7928620284
 30
0.0
 11
350.0
 21
-655.7928620284
 31
0.0
  0
LINE
  5
257
330
1F
100
AcDbEntity
  8
0
  6
Continuous
 62
     7
370
    25
100
AcDbLine
 10
350.0
 20
-655.7928620284
 30
0.0
 11
55.0
 21
-655.7928620284
 31
0.0
  0
LINE
  5
258
330
1F
100
AcDbEntity
  8
0
  6
Continuous
 62
     7
370
    25
100
AcDbLine
 10
55.0
 20
-665.7928620284
 30
0.0
 11
55.0
 21
-670.7928620284
 31
0.0
  0
LINE
  5
259
330
1F
100
AcDbEntity
  8
0
  6
Continuous
 62
     7
370
    25
100
AcDbLine
 10
55.0
 20
-670.7928620284
 30
0.0
 11
350.0
 21
-670.7928620284
 31
0.0
  0
LINE
  5
25A
330
1F
100
AcDbEntity
  8
0
  6
Continuous
 62
     7
370
    25
100
AcDbLine
 10
350.0
 20
-670.7928620284
 30
0.0
 11
350.0
 21
-665.7928620284
 31
0.0
  0
LINE
  5
25B
330
1F
100
AcDbEntity
  8
0
  6
Continuous
 62
     7
370
    25
100
AcDbLine
 10
350.0
 20
-665.7928620284
 30
0.0
 11
55.0
 21
-665.7928620284
 31
0.0
  0
LINE
  5
25C
330
1F
100
AcDbEntity
  8
0
  6
Continuous
 62
     7
370
    25
100
AcDbLine
 10
55.0
 20
-675.7928620284
 30
0.0
 11
55.0
 21
-680.7928620284
 31
0.0
  0
LINE
  5
25D
330
1F
100
AcDbEntity
  8
0
  6
Continuous
 62
     7
370
    25
100
AcDbLine
 10
55.0
 20
-680.7928620284
 30
0.0
 11
350.0
 21
-680.7928620284
 31
0.0
  0
LINE
  5
25E
330
1F
100
AcDbEntity
  8
0
  6
Continuous
 62
     7
370
    25
100
AcDbLine
 10
350.0
 20
-680.7928620284
 30
0.0
 11
350.0
 21
-675.7928620284
 31
0.0
  0
LINE
  5
25F
330
1F
100
AcDbEntity
  8
0
  6
Continuous
 62
     7
370
    25
100
AcDbLine
 10
350.0
 20
-675.7928620284
 30
0.0
 11
55.0
 21
-675.7928620284
 31
0.0
  0
LINE
  5
260
330
1F
100
AcDbEntity
  8
0
  6
Continuous
 62
     7
370
    25
100
AcDbLine
 10
55.0
 20
-685.7928620284
 30
0.0
 11
55.0
 21
-690.7928620284
 31
0.0
  0
LINE
  5
261
330
1F
100
AcDbEntity
  8
0
  6
Continuous
 62
     7
370
    25
100
AcDbLine
 10
55.0
 20
-690.7928620284
 30
0.0
 11
350.0
 21
-690.7928620284
 31
0.0
  0
LINE
  5
262
330
1F
100
AcDbEntity
  8
0
  6
Continuous
 62
     7
370
    25
100
AcDbLine
 10
350.0
 20
-690.7928620284
 30
0.0
 11
350.0
 21
-685.7928620284
 31
0.0
  0
LINE
  5
263
330
1F
100
AcDbEntity
  8
0
  6
Continuous
 62
     7
370
    25
100
AcDbLine
 10
350.0
 20
-685.7928620284
 30
0.0
 11
55.0
 21
-685.7928620284
 31
0.0
  0
LINE
  5
264
330
1F
100
AcDbEntity
  8
0
  6
Continuous
 62
     7
370
    25
100
AcDbLine
 10
55.0
 20
-695.7928620284
 30
0.0
 11
55.0
 21
-700.7928620284
 31
0.0
  0
LINE
  5
265
330
1F
100
AcDbEntity
  8
0
  6
Continuous
 62
     7
370
    25
100
AcDbLine
 10
55.0
 20
-700.7928620284
 30
0.0
 11
350.0
 21
-700.7928620284
 31
0.0
  0
LINE
  5
266
330
1F
100
AcDbEntity
  8
0
  6
Continuous
 62
     7
370
    25
100
AcDbLine
 10
350.0
 20
-700.7928620284
 30
0.0
 11
350.0
 21
-695.7928620284
 31
0.0
  0
LINE
  5
267
330
1F
100
AcDbEntity
  8
0
  6
Continuous
 62
     7
370
    25
100
AcDbLine
 10
350.0
 20
-695.7928620284
 30
0.0
 11
55.0
 21
-695.7928620284
 31
0.0
  0
LINE
  5
268
330
1F
100
AcDbEntity
  8
0
  6
Continuous
 62
     7
370
    25
100
AcDbLine
 10
55.0
 20
-710.7928620284
 30
0.0
 11
350.0
 21
-710.7928620284
 31
0.0
  0
LINE
  5
269
330
1F
100
AcDbEntity
  8
0
  6
Continuous
 62
     7
370
    25
100
AcDbLine
 10
350.0
 20
-710.7928620284
 30
0.0
 11
350.0
 21
-705.7928620284
 31
0.0
  0
LINE
  5
26A
330
1F
100
AcDbEntity
  8
0
  6
Continuous
 62
     7
370
    25
100
AcDbLine
 10
350.0
 20
-705.7928620284
 30
0.0
 11
55.0
 21
-705.7928620284
 31
0.0
  0
LINE
  5
26B
330
1F
100
AcDbEntity
  8
0
  6
Continuous
 62
     7
370
    25
100
AcDbLine
 10
55.0
 20
-705.7928620284
 30
0.0
 11
55.0
 21
-710.7928620284
 31
0.0
  0
MTEXT
  5
26D
330
1F
100
AcDbEntity
  8
0
  6
Continuous
 62
     7
100
AcDbMText
 10
0.0
 20
-801.0195663917
 30
0.0
 40
4.83362
 41
0.0
 71
     1
 72
     1
  1
SOLIDWORKS Educational Product.
  7
SLDTEXTSTYLE0
 73
     1
 44
1.0
  0
MTEXT
  5
26E
330
1F
100
AcDbEntity
  8
0
  6
Continuous
 62
     7
100
AcDbMText
 10
0.0
 20
-808.2699963917
 30
0.0
 40
4.83362
 41
0.0
 71
     1
 72
     1
  1
For Instructional Use Only.
  7
SLDTEXTSTYLE0
 73
     1
 44
1.0
  0
ENDSEC
  0
SECTION
  2
OBJECTS
  0
DICTIONARY
  5
C
330
0
100
AcDbDictionary
281
     1
  3
ACAD_GROUP
350
D
  3
ACAD_LAYOUT
350
1A
  3
ACAD_MLINESTYLE
350
17
  3
ACAD_PLOTSETTINGS
350
19
  3
ACAD_PLOTSTYLENAME
350
E
  3
ACAD_SCALELIST
350
47
  3
DWGPROPS
350
26F
  0
DICTIONARY
  5
D
102
{ACAD_REACTORS
330
C
102
}
330
C
100
AcDbDictionary
281
     1
  0
DICTIONARY
  5
1A
102
{ACAD_REACTORS
330
C
102
}
330
C
100
AcDbDictionary
281
     1
  3
Layout1
350
1E
  3
Layout2
350
26
  3
Model
350
22
  0
DICTIONARY
  5
17
102
{ACAD_REACTORS
330
C
102
}
330
C
100
AcDbDictionary
281
     1
  3
Standard
350
18
  0
DICTIONARY
  5
19
102
{ACAD_REACTORS
330
C
102
}
330
C
100
AcDbDictionary
281
     1
  0
ACDBDICTIONARYWDFLT
  5
E
102
{ACAD_REACTORS
330
C
102
}
330
C
100
AcDbDictionary
281
     1
  3
Normal
350
F
100
AcDbDictionaryWithDefault
340
F
  0
DICTIONARY
  5
47
102
{ACAD_REACTORS
330
C
102
}
330
C
100
AcDbDictionary
281
     1
  3
A0
350
48
  3
A1
350
49
  3
A2
350
4A
  3
A3
350
4B
  3
A4
350
4C
  3
A5
350
4D
  3
A6
350
4E
  3
A7
350
4F
  3
A8
350
50
  3
A9
350
51
  3
B0
350
52
  3
B1
350
53
  3
B2
350
54
  3
B3
350
55
  3
B4
350
56
  3
B5
350
57
  3
B6
350
58
  0
XRECORD
  5
26F
102
{ACAD_REACTORS
330
C
102
}
330
C
100
AcDbXrecord
280
     1
  1
DWGPROPS COOKIE
  2

  3

  4

  6

  7

  8
anast
  9

300
=
301
=
302
=
303
=
304
=
305
=
306
=
307
=
308
=
309
=
 40
0.0
 41
2460812.747669896
 42
2460812.747795047
  1

 90
        0
  0
LAYOUT
  5
1E
102
{ACAD_REACTORS
330
1A
102
}
330
1A
100
AcDbPlotSettings
  1

  2
none_device
  4

  6

 40
0.0
 41
0.0
 42
0.0
 43
0.0
 44
0.0
 45
0.0
 46
0.0
 47
0.0
 48
0.0
 49
0.0
140
0.0
141
0.0
142
1.0
143
1.0
 70
   688
 72
     1
 73
     0
 74
     5
  7

 75
    16
147
1.0
148
0.0
149
0.0
100
AcDbLayout
  1
Layout1
 70
     1
 71
     1
 10
0.0
 20
0.0
 11
420.0
 21
297.0
 12
0.0
 22
0.0
 32
0.0
 14
1.0000000000E+20
 24
1.0000000000E+20
 34
1.0000000000E+20
 15
-1.0000000000E+20
 25
-1.0000000000E+20
 35
-1.0000000000E+20
146
0.0
 13
0.0
 23
0.0
 33
0.0
 16
1.0
 26
0.0
 36
0.0
 17
0.0
 27
1.0
 37
0.0
 76
     0
330
1B
  0
LAYOUT
  5
26
102
{ACAD_REACTORS
330
1A
102
}
330
1A
100
AcDbPlotSettings
  1

  2
none_device
  4

  6

 40
0.0
 41
0.0
 42
0.0
 43
0.0
 44
0.0
 45
0.0
 46
0.0
 47
0.0
 48
0.0
 49
0.0
140
0.0
141
0.0
142
1.0
143
1.0
 70
   688
 72
     1
 73
     0
 74
     5
  7

 75
    16
147
1.0
148
0.0
149
0.0
100
AcDbLayout
  1
Layout2
 70
     1
 71
     2
 10
0.0
 20
0.0
 11
0.0
 21
0.0
 12
0.0
 22
0.0
 32
0.0
 14
0.0
 24
0.0
 34
0.0
 15
0.0
 25
0.0
 35
0.0
146
0.0
 13
0.0
 23
0.0
 33
0.0
 16
1.0
 26
0.0
 36
0.0
 17
0.0
 27
1.0
 37
0.0
 76
     0
330
23
  0
LAYOUT
  5
22
102
{ACAD_REACTORS
330
1A
102
}
330
1A
100
AcDbPlotSettings
  1

  2
none_device
  4
ANSI_A_(11.00_x_8.50_Inches)
  6

 40
6.35
 41
19.05
 42
6.35000508
 43
19.05000254
 44
279.4
 45
215.9
 46
79.2468068356
 47
195.7704987275
 48
0.0
 49
0.0
140
0.0
141
0.0
142
0.01051875
143
1.0
 70
  1696
 72
     0
 73
     0
 74
     0
  7

 75
     0
147
0.0179189148
148
-1300.4909072572
149
0.0
100
AcDbLayout
  1
Model
 70
     1
 71
     0
 10
0.0
 20
0.0
 11
420.0
 21
297.0
 12
0.0
 22
0.0
 32
0.0
 14
0.0
 24
-800.0
 34
0.0
 15
405.0
 25
0.0000000095
 35
0.0
146
0.0
 13
0.0
 23
0.0
 33
0.0
 16
1.0
 26
0.0
 36
0.0
 17
0.0
 27
1.0
 37
0.0
 76
     0
330
1F
331
29
  0
MLINESTYLE
  5
18
102
{ACAD_REACTORS
330
17
102
}
330
17
100
AcDbMlineStyle
  2
Standard
 70
     0
  3

 62
   256
 51
90.0
 52
90.0
 71
     2
 49
0.5
 62
   256
  6
BYLAYER
 49
-0.5
 62
   256
  6
BYLAYER
  0
ACDBPLACEHOLDER
  5
F
102
{ACAD_REACTORS
330
E
102
}
330
E
  0
SCALE
  5
48
102
{ACAD_REACTORS
330
47
102
}
330
47
100
AcDbScale
 70
     0
300
1:1
140
1.0
141
1.0
290
     1
  0
SCALE
  5
49
102
{ACAD_REACTORS
330
47
102
}
330
47
100
AcDbScale
 70
     0
300
1:2
140
1.0
141
2.0
290
     0
  0
SCALE
  5
4A
102
{ACAD_REACTORS
330
47
102
}
330
47
100
AcDbScale
 70
     0
300
1:4
140
1.0
141
4.0
290
     0
  0
SCALE
  5
4B
102
{ACAD_REACTORS
330
47
102
}
330
47
100
AcDbScale
 70
     0
300
1:5
140
1.0
141
5.0
290
     0
  0
SCALE
  5
4C
102
{ACAD_REACTORS
330
47
102
}
330
47
100
AcDbScale
 70
     0
300
1:8
140
1.0
141
8.0
290
     0
  0
SCALE
  5
4D
102
{ACAD_REACTORS
330
47
102
}
330
47
100
AcDbScale
 70
     0
300
1:10
140
1.0
141
10.0
290
     0
  0
SCALE
  5
4E
102
{ACAD_REACTORS
330
47
102
}
330
47
100
AcDbScale
 70
     0
300
1:16
140
1.0
141
16.0
290
     0
  0
SCALE
  5
4F
102
{ACAD_REACTORS
330
47
102
}
330
47
100
AcDbScale
 70
     0
300
1:20
140
1.0
141
20.0
290
     0
  0
SCALE
  5
50
102
{ACAD_REACTORS
330
47
102
}
330
47
100
AcDbScale
 70
     0
300
1:30
140
1.0
141
30.0
290
     0
  0
SCALE
  5
51
102
{ACAD_REACTORS
330
47
102
}
330
47
100
AcDbScale
 70
     0
300
1:40
140
1.0
141
40.0
290
     0
  0
SCALE
  5
52
102
{ACAD_REACTORS
330
47
102
}
330
47
100
AcDbScale
 70
     0
300
1:50
140
1.0
141
50.0
290
     0
  0
SCALE
  5
53
102
{ACAD_REACTORS
330
47
102
}
330
47
100
AcDbScale
 70
     0
300
1:100
140
1.0
141
100.0
290
     0
  0
SCALE
  5
54
102
{ACAD_REACTORS
330
47
102
}
330
47
100
AcDbScale
 70
     0
300
2:1
140
2.0
141
1.0
290
     0
  0
SCALE
  5
55
102
{ACAD_REACTORS
330
47
102
}
330
47
100
AcDbScale
 70
     0
300
4:1
140
4.0
141
1.0
290
     0
  0
SCALE
  5
56
102
{ACAD_REACTORS
330
47
102
}
330
47
100
AcDbScale
 70
     0
300
8:1
140
8.0
141
1.0
290
     0
  0
SCALE
  5
57
102
{ACAD_REACTORS
330
47
102
}
330
47
100
AcDbScale
 70
     0
300
10:1
140
10.0
141
1.0
290
     0
  0
SCALE
  5
58
102
{ACAD_REACTORS
330
47
102
}
330
47
100
AcDbScale
 70
     0
300
100:1
140
100.0
141
1.0
290
     0
  0
ENDSEC
  0
EOF
